[02-Jun-2026 08:35:10 UTC] PHP Fatal error:  Uncaught Error: Class "ActionScheduler_TimezoneHelper" not found in /home/alamstor/public_html/wp-content/plugins/image-optimization/vendor/woocommerce/action-scheduler/classes/abstracts/ActionScheduler_Store.php:327
Stack trace:
#0 /home/alamstor/public_html/wp-content/plugins/image-optimization/vendor/woocommerce/action-scheduler/classes/data-stores/ActionScheduler_DBStore.php(104): ActionScheduler_Store->get_scheduled_date_string_local(Object(ActionScheduler_Action), NULL)
#1 /home/alamstor/public_html/wp-content/plugins/image-optimization/vendor/woocommerce/action-scheduler/classes/data-stores/ActionScheduler_DBStore.php(68): ActionScheduler_DBStore->save_action_to_db(Object(ActionScheduler_Action), NULL, true)
#2 /home/alamstor/public_html/wp-content/plugins/image-optimization/vendor/woocommerce/action-scheduler/classes/ActionScheduler_ActionFactory.php(357): ActionScheduler_DBStore->save_unique_action(Object(ActionScheduler_Action))
#3 /home/alamstor/public_html/wp-content/plugins/image-optimization/vendor/woocommerce/action-scheduler/classes/ActionScheduler_ActionFactory.php(320): ActionScheduler_ActionFactory->store_unique_action(Object(ActionScheduler_Action))
#4 /home/alamstor/public_html/wp-content/plugins/image-optimization/vendor/woocommerce/action-scheduler/functions.php(168): ActionScheduler_ActionFactory->create(Array)
#5 /home/alamstor/public_html/wp-content/plugins/image-optimization/classes/async-operation/async-operation.php(68): as_schedule_recurring_action(1780389310, 300, 'image-optimizat...', Array, 'image-optimizat...', true, 10)
#6 /home/alamstor/public_html/wp-content/plugins/image-optimization/modules/optimization/components/actions-cleanup.php(87): ImageOptimization\Classes\Async_Operation\Async_Operation::create_recurring(1780389310, 300, 'image-optimizat...', Array, 'image-optimizat...', 10, true)
#7 /home/alamstor/public_html/wp-includes/class-wp-hook.php(341): ImageOptimization\Modules\Optimization\Components\Actions_Cleanup->schedule_cleanup('')
#8 /home/alamstor/public_html/wp-includes/class-wp-hook.php(365): WP_Hook->apply_filters(NULL, Array)
#9 /home/alamstor/public_html/wp-includes/plugin.php(522): WP_Hook->do_action(Array)
#10 /home/alamstor/public_html/wp-content/plugins/image-optimization/vendor/woocommerce/action-scheduler/classes/abstracts/ActionScheduler.php(217): do_action('action_schedule...')
#11 /home/alamstor/public_html/wp-includes/class-wp-hook.php(341): ActionScheduler::{closure}('')
#12 /home/alamstor/public_html/wp-includes/class-wp-hook.php(365): WP_Hook->apply_filters(NULL, Array)
#13 /home/alamstor/public_html/wp-includes/plugin.php(522): WP_Hook->do_action(Array)
#14 /home/alamstor/public_html/wp-settings.php(742): do_action('init')
#15 /home/alamstor/public_html/wp-config.php(48): require_once('/home/alamstor/...')
#16 /home/alamstor/public_html/wp-load.php(50): require_once('/home/alamstor/...')
#17 /home/alamstor/public_html/wp-blog-header.php(13): require_once('/home/alamstor/...')
#18 /home/alamstor/public_html/index.php(17): require('/home/alamstor/...')
#19 {main}
  thrown in /home/alamstor/public_html/wp-content/plugins/image-optimization/vendor/woocommerce/action-scheduler/classes/abstracts/ActionScheduler_Store.php on line 327
[02-Jun-2026 08:35:54 UTC] PHP Fatal error:  Uncaught Error: Class "ActionScheduler_TimezoneHelper" not found in /home/alamstor/public_html/wp-content/plugins/image-optimization/vendor/woocommerce/action-scheduler/classes/abstracts/ActionScheduler_Store.php:327
Stack trace:
#0 /home/alamstor/public_html/wp-content/plugins/image-optimization/vendor/woocommerce/action-scheduler/classes/data-stores/ActionScheduler_DBStore.php(104): ActionScheduler_Store->get_scheduled_date_string_local(Object(ActionScheduler_Action), NULL)
#1 /home/alamstor/public_html/wp-content/plugins/image-optimization/vendor/woocommerce/action-scheduler/classes/data-stores/ActionScheduler_DBStore.php(68): ActionScheduler_DBStore->save_action_to_db(Object(ActionScheduler_Action), NULL, true)
#2 /home/alamstor/public_html/wp-content/plugins/image-optimization/vendor/woocommerce/action-scheduler/classes/ActionScheduler_ActionFactory.php(357): ActionScheduler_DBStore->save_unique_action(Object(ActionScheduler_Action))
#3 /home/alamstor/public_html/wp-content/plugins/image-optimization/vendor/woocommerce/action-scheduler/classes/ActionScheduler_ActionFactory.php(320): ActionScheduler_ActionFactory->store_unique_action(Object(ActionScheduler_Action))
#4 /home/alamstor/public_html/wp-content/plugins/image-optimization/vendor/woocommerce/action-scheduler/functions.php(168): ActionScheduler_ActionFactory->create(Array)
#5 /home/alamstor/public_html/wp-content/plugins/image-optimization/classes/async-operation/async-operation.php(68): as_schedule_recurring_action(1780389354, 300, 'image-optimizat...', Array, 'image-optimizat...', true, 10)
#6 /home/alamstor/public_html/wp-content/plugins/image-optimization/modules/optimization/components/actions-cleanup.php(87): ImageOptimization\Classes\Async_Operation\Async_Operation::create_recurring(1780389354, 300, 'image-optimizat...', Array, 'image-optimizat...', 10, true)
#7 /home/alamstor/public_html/wp-includes/class-wp-hook.php(341): ImageOptimization\Modules\Optimization\Components\Actions_Cleanup->schedule_cleanup('')
#8 /home/alamstor/public_html/wp-includes/class-wp-hook.php(365): WP_Hook->apply_filters(NULL, Array)
#9 /home/alamstor/public_html/wp-includes/plugin.php(522): WP_Hook->do_action(Array)
#10 /home/alamstor/public_html/wp-content/plugins/image-optimization/vendor/woocommerce/action-scheduler/classes/abstracts/ActionScheduler.php(217): do_action('action_schedule...')
#11 /home/alamstor/public_html/wp-includes/class-wp-hook.php(341): ActionScheduler::{closure}('')
#12 /home/alamstor/public_html/wp-includes/class-wp-hook.php(365): WP_Hook->apply_filters(NULL, Array)
#13 /home/alamstor/public_html/wp-includes/plugin.php(522): WP_Hook->do_action(Array)
#14 /home/alamstor/public_html/wp-settings.php(742): do_action('init')
#15 /home/alamstor/public_html/wp-config.php(48): require_once('/home/alamstor/...')
#16 /home/alamstor/public_html/wp-load.php(50): require_once('/home/alamstor/...')
#17 /home/alamstor/public_html/wp-blog-header.php(13): require_once('/home/alamstor/...')
#18 /home/alamstor/public_html/index.php(17): require('/home/alamstor/...')
#19 {main}
  thrown in /home/alamstor/public_html/wp-content/plugins/image-optimization/vendor/woocommerce/action-scheduler/classes/abstracts/ActionScheduler_Store.php on line 327
[02-Jun-2026 08:37:52 UTC] PHP Parse error:  Unclosed '(' on line 19952 in /home/alamstor/public_html/wp-content/plugins/amp/includes/sanitizers/class-amp-allowed-tags-generated.php on line 19959
[02-Jun-2026 08:37:52 UTC] PHP Parse error:  Unclosed '(' on line 19952 in /home/alamstor/public_html/wp-content/plugins/amp/includes/sanitizers/class-amp-allowed-tags-generated.php on line 19959
[02-Jun-2026 08:38:24 UTC] PHP Parse error:  Unclosed '(' on line 19952 in /home/alamstor/public_html/wp-content/plugins/amp/includes/sanitizers/class-amp-allowed-tags-generated.php on line 19959
[02-Jun-2026 08:38:28 UTC] PHP Parse error:  Unclosed '(' on line 19952 in /home/alamstor/public_html/wp-content/plugins/amp/includes/sanitizers/class-amp-allowed-tags-generated.php on line 19959
[02-Jun-2026 08:38:43 UTC] PHP Parse error:  Unclosed '(' on line 19952 in /home/alamstor/public_html/wp-content/plugins/amp/includes/sanitizers/class-amp-allowed-tags-generated.php on line 19959
[02-Jun-2026 08:40:30 UTC] Erreur d’événement de replanification de tâche pour le crochet litespeed_task_vpi. Code d’erreur : invalid_schedule. Message d’erreur : L’évènement planifié n’existe pas.. Données : {"schedule":"litespeed_filter","args":[],"interval":900}
[02-Jun-2026 08:40:30 UTC] Erreur d’événement de replanification de tâche pour le crochet action_scheduler_run_queue. Code d’erreur : invalid_schedule. Message d’erreur : L’évènement planifié n’existe pas.. Données : {"schedule":"every_minute","args":["WP Cron"],"interval":60}
[02-Jun-2026 08:40:30 UTC] Erreur d’événement de replanification de tâche pour le crochet jetpack_sync_full_cron. Code d’erreur : invalid_schedule. Message d’erreur : L’évènement planifié n’existe pas.. Données : {"schedule":"jetpack_sync_interval","args":[],"interval":300}
[02-Jun-2026 08:40:30 UTC] Erreur d’événement de replanification de tâche pour le crochet jetpack_sync_cron. Code d’erreur : invalid_schedule. Message d’erreur : L’évènement planifié n’existe pas.. Données : {"schedule":"jetpack_sync_interval","args":[],"interval":300}
[02-Jun-2026 08:40:30 UTC] Erreur d’événement de replanification de tâche pour le crochet litespeed_task_lqip. Code d’erreur : invalid_schedule. Message d’erreur : L’évènement planifié n’existe pas.. Données : {"schedule":"litespeed_filter","args":[],"interval":900}
[02-Jun-2026 08:40:30 UTC] Erreur d’événement de replanification de tâche pour le crochet jetpack_stats_transient_cleanup. Code d’erreur : invalid_schedule. Message d’erreur : L’évènement planifié n’existe pas.. Données : {"schedule":"jetpack_stats_eight_hours","args":[],"interval":28800}
[02-Jun-2026 08:40:36 UTC] Automatic updates starting...
[02-Jun-2026 08:40:36 UTC]   Automatic theme updates starting...
[02-Jun-2026 08:40:36 UTC]   Automatic theme updates complete.
[02-Jun-2026 08:40:36 UTC] Automatic updates complete.
[02-Jun-2026 08:44:02 UTC] Erreur d’événement de replanification de tâche pour le crochet googlesitekit_email_reporting_cleanup. Code d’erreur : invalid_schedule. Message d’erreur : L’évènement planifié n’existe pas.. Données : {"schedule":"monthly","args":[],"interval":2592000}
[02-Jun-2026 09:37:42 UTC] PHP Parse error:  Unclosed '(' on line 19952 in /home/alamstor/public_html/wp-content/plugins/amp/includes/sanitizers/class-amp-allowed-tags-generated.php on line 19959
[02-Jun-2026 09:37:43 UTC] PHP Parse error:  Unclosed '(' on line 19952 in /home/alamstor/public_html/wp-content/plugins/amp/includes/sanitizers/class-amp-allowed-tags-generated.php on line 19959
[02-Jun-2026 09:37:52 UTC] PHP Parse error:  Unclosed '(' on line 19952 in /home/alamstor/public_html/wp-content/plugins/amp/includes/sanitizers/class-amp-allowed-tags-generated.php on line 19959
[02-Jun-2026 09:37:55 UTC] PHP Parse error:  Unclosed '(' on line 19952 in /home/alamstor/public_html/wp-content/plugins/amp/includes/sanitizers/class-amp-allowed-tags-generated.php on line 19959
[02-Jun-2026 09:40:39 UTC] PHP Parse error:  Unclosed '(' on line 19952 in /home/alamstor/public_html/wp-content/plugins/amp/includes/sanitizers/class-amp-allowed-tags-generated.php on line 19959
[02-Jun-2026 09:40:39 UTC] PHP Parse error:  Unclosed '(' on line 19952 in /home/alamstor/public_html/wp-content/plugins/amp/includes/sanitizers/class-amp-allowed-tags-generated.php on line 19959
[02-Jun-2026 09:44:23 UTC] PHP Parse error:  Unclosed '(' on line 19952 in /home/alamstor/public_html/wp-content/plugins/amp/includes/sanitizers/class-amp-allowed-tags-generated.php on line 19959
[02-Jun-2026 09:44:23 UTC] PHP Parse error:  Unclosed '(' on line 19952 in /home/alamstor/public_html/wp-content/plugins/amp/includes/sanitizers/class-amp-allowed-tags-generated.php on line 19959
[02-Jun-2026 09:46:07 UTC] PHP Parse error:  Unclosed '(' on line 19952 in /home/alamstor/public_html/wp-content/plugins/amp/includes/sanitizers/class-amp-allowed-tags-generated.php on line 19959
[02-Jun-2026 09:49:18 UTC] Erreur d’événement de replanification de tâche pour le crochet jetpack_sync_cron. Code d’erreur : invalid_schedule. Message d’erreur : L’évènement planifié n’existe pas.. Données : {"schedule":"jetpack_sync_interval","args":[],"interval":300}
[02-Jun-2026 09:49:18 UTC] Erreur d’événement de replanification de tâche pour le crochet jetpack_sync_full_cron. Code d’erreur : invalid_schedule. Message d’erreur : L’évènement planifié n’existe pas.. Données : {"schedule":"jetpack_sync_interval","args":[],"interval":300}
[02-Jun-2026 09:49:18 UTC] Erreur d’événement de replanification de tâche pour le crochet litespeed_task_vpi. Code d’erreur : invalid_schedule. Message d’erreur : L’évènement planifié n’existe pas.. Données : {"schedule":"litespeed_filter","args":[],"interval":900}
[02-Jun-2026 09:49:18 UTC] Erreur d’événement de replanification de tâche pour le crochet litespeed_task_lqip. Code d’erreur : invalid_schedule. Message d’erreur : L’évènement planifié n’existe pas.. Données : {"schedule":"litespeed_filter","args":[],"interval":900}
[02-Jun-2026 10:05:31 UTC] PHP Notice:  La fonction map_meta_cap a été appelée de façon <strong>incorrecte</strong>. Le type de publication <code>shop_order</code> n’est pas enregistré. Il n’est donc pas possible de vérifier de manière fiable que la permission « <code>edit_post</code> » correspond à ce type de publication. Veuillez lire <a href="https://developer.wordpress.org/advanced-administration/debug/debug-wordpress/">Débogage dans WordPress</a> (en) pour plus d’informations. (Ce message a été ajouté à la version 4.4.0.) in /home/alamstor/public_html/wp-includes/functions.php on line 6170
[02-Jun-2026 10:05:31 UTC] PHP Notice:  La fonction map_meta_cap a été appelée de façon <strong>incorrecte</strong>. Le type de publication <code>shop_order</code> n’est pas enregistré. Il n’est donc pas possible de vérifier de manière fiable que la permission « <code>edit_post</code> » correspond à ce type de publication. Veuillez lire <a href="https://developer.wordpress.org/advanced-administration/debug/debug-wordpress/">Débogage dans WordPress</a> (en) pour plus d’informations. (Ce message a été ajouté à la version 4.4.0.) in /home/alamstor/public_html/wp-includes/functions.php on line 6170
[02-Jun-2026 10:12:05 UTC] PHP Notice:  La fonction map_meta_cap a été appelée de façon <strong>incorrecte</strong>. Le type de publication <code>shop_order</code> n’est pas enregistré. Il n’est donc pas possible de vérifier de manière fiable que la permission « <code>edit_post</code> » correspond à ce type de publication. Veuillez lire <a href="https://developer.wordpress.org/advanced-administration/debug/debug-wordpress/">Débogage dans WordPress</a> (en) pour plus d’informations. (Ce message a été ajouté à la version 4.4.0.) in /home/alamstor/public_html/wp-includes/functions.php on line 6170
[02-Jun-2026 10:12:05 UTC] PHP Notice:  La fonction map_meta_cap a été appelée de façon <strong>incorrecte</strong>. Le type de publication <code>shop_order</code> n’est pas enregistré. Il n’est donc pas possible de vérifier de manière fiable que la permission « <code>edit_post</code> » correspond à ce type de publication. Veuillez lire <a href="https://developer.wordpress.org/advanced-administration/debug/debug-wordpress/">Débogage dans WordPress</a> (en) pour plus d’informations. (Ce message a été ajouté à la version 4.4.0.) in /home/alamstor/public_html/wp-includes/functions.php on line 6170
[02-Jun-2026 10:12:17 UTC] PHP Notice:  La fonction map_meta_cap a été appelée de façon <strong>incorrecte</strong>. Le type de publication <code>shop_order</code> n’est pas enregistré. Il n’est donc pas possible de vérifier de manière fiable que la permission « <code>edit_post</code> » correspond à ce type de publication. Veuillez lire <a href="https://developer.wordpress.org/advanced-administration/debug/debug-wordpress/">Débogage dans WordPress</a> (en) pour plus d’informations. (Ce message a été ajouté à la version 4.4.0.) in /home/alamstor/public_html/wp-includes/functions.php on line 6170
[02-Jun-2026 10:12:17 UTC] PHP Notice:  La fonction map_meta_cap a été appelée de façon <strong>incorrecte</strong>. Le type de publication <code>shop_order</code> n’est pas enregistré. Il n’est donc pas possible de vérifier de manière fiable que la permission « <code>edit_post</code> » correspond à ce type de publication. Veuillez lire <a href="https://developer.wordpress.org/advanced-administration/debug/debug-wordpress/">Débogage dans WordPress</a> (en) pour plus d’informations. (Ce message a été ajouté à la version 4.4.0.) in /home/alamstor/public_html/wp-includes/functions.php on line 6170
[02-Jun-2026 10:14:49 UTC] PHP Notice:  La fonction map_meta_cap a été appelée de façon <strong>incorrecte</strong>. Le type de publication <code>shop_order</code> n’est pas enregistré. Il n’est donc pas possible de vérifier de manière fiable que la permission « <code>edit_post</code> » correspond à ce type de publication. Veuillez lire <a href="https://developer.wordpress.org/advanced-administration/debug/debug-wordpress/">Débogage dans WordPress</a> (en) pour plus d’informations. (Ce message a été ajouté à la version 4.4.0.) in /home/alamstor/public_html/wp-includes/functions.php on line 6170
[02-Jun-2026 10:14:49 UTC] PHP Notice:  La fonction map_meta_cap a été appelée de façon <strong>incorrecte</strong>. Le type de publication <code>shop_order</code> n’est pas enregistré. Il n’est donc pas possible de vérifier de manière fiable que la permission « <code>edit_post</code> » correspond à ce type de publication. Veuillez lire <a href="https://developer.wordpress.org/advanced-administration/debug/debug-wordpress/">Débogage dans WordPress</a> (en) pour plus d’informations. (Ce message a été ajouté à la version 4.4.0.) in /home/alamstor/public_html/wp-includes/functions.php on line 6170
[02-Jun-2026 10:36:46 UTC] PHP Fatal error:  Uncaught Error: Class "MyThemeShop\Helpers\Conditional" not found in /home/alamstor/public_html/wp-content/plugins/seo-by-rank-math-pro/includes/class-modules.php:31
Stack trace:
#0 /home/alamstor/public_html/wp-content/plugins/seo-by-rank-math-pro/rank-math-pro.php(238): RankMathPro\Modules->__construct()
#1 /home/alamstor/public_html/wp-content/plugins/seo-by-rank-math-pro/rank-math-pro.php(121): RankMathPro->instantiate()
#2 /home/alamstor/public_html/wp-includes/class-wp-hook.php(341): RankMathPro->setup('')
#3 /home/alamstor/public_html/wp-includes/class-wp-hook.php(365): WP_Hook->apply_filters('', Array)
#4 /home/alamstor/public_html/wp-includes/plugin.php(522): WP_Hook->do_action(Array)
#5 /home/alamstor/public_html/wp-content/plugins/seo-by-rank-math/rank-math.php(188): do_action('rank_math/loade...')
#6 /home/alamstor/public_html/wp-content/plugins/seo-by-rank-math/rank-math.php(164): RankMath->setup()
#7 /home/alamstor/public_html/wp-content/plugins/seo-by-rank-math/rank-math.php(539): RankMath::get()
#8 /home/alamstor/public_html/wp-content/plugins/seo-by-rank-math/rank-math.php(543): rank_math()
#9 /home/alamstor/public_html/wp-settings.php(589): include_once('/home/alamstor/...')
#10 /home/alamstor/public_html/wp-config.php(49): require_once('/home/alamstor/...')
#11 /home/alamstor/public_html/wp-load.php(50): require_once('/home/alamstor/...')
#12 /home/alamstor/public_html/wp-cron.php(46): require_once('/home/alamstor/...')
#13 {main}
  thrown in /home/alamstor/public_html/wp-content/plugins/seo-by-rank-math-pro/includes/class-modules.php on line 31
[02-Jun-2026 10:36:46 UTC] PHP Fatal error:  Uncaught Error: Class "MyThemeShop\Helpers\Conditional" not found in /home/alamstor/public_html/wp-content/plugins/seo-by-rank-math-pro/includes/class-modules.php:31
Stack trace:
#0 /home/alamstor/public_html/wp-content/plugins/seo-by-rank-math-pro/rank-math-pro.php(238): RankMathPro\Modules->__construct()
#1 /home/alamstor/public_html/wp-content/plugins/seo-by-rank-math-pro/rank-math-pro.php(121): RankMathPro->instantiate()
#2 /home/alamstor/public_html/wp-includes/class-wp-hook.php(341): RankMathPro->setup('')
#3 /home/alamstor/public_html/wp-includes/class-wp-hook.php(365): WP_Hook->apply_filters('', Array)
#4 /home/alamstor/public_html/wp-includes/plugin.php(522): WP_Hook->do_action(Array)
#5 /home/alamstor/public_html/wp-content/plugins/seo-by-rank-math/rank-math.php(188): do_action('rank_math/loade...')
#6 /home/alamstor/public_html/wp-content/plugins/seo-by-rank-math/rank-math.php(164): RankMath->setup()
#7 /home/alamstor/public_html/wp-content/plugins/seo-by-rank-math/rank-math.php(539): RankMath::get()
#8 /home/alamstor/public_html/wp-content/plugins/seo-by-rank-math/rank-math.php(543): rank_math()
#9 /home/alamstor/public_html/wp-settings.php(589): include_once('/home/alamstor/...')
#10 /home/alamstor/public_html/wp-config.php(49): require_once('/home/alamstor/...')
#11 /home/alamstor/public_html/wp-load.php(50): require_once('/home/alamstor/...')
#12 /home/alamstor/public_html/wp-admin/admin-ajax.php(22): require_once('/home/alamstor/...')
#13 {main}
  thrown in /home/alamstor/public_html/wp-content/plugins/seo-by-rank-math-pro/includes/class-modules.php on line 31
[02-Jun-2026 10:36:47 UTC] PHP Fatal error:  Uncaught Error: Class "MyThemeShop\Helpers\Conditional" not found in /home/alamstor/public_html/wp-content/plugins/seo-by-rank-math-pro/includes/class-modules.php:31
Stack trace:
#0 /home/alamstor/public_html/wp-content/plugins/seo-by-rank-math-pro/rank-math-pro.php(238): RankMathPro\Modules->__construct()
#1 /home/alamstor/public_html/wp-content/plugins/seo-by-rank-math-pro/rank-math-pro.php(121): RankMathPro->instantiate()
#2 /home/alamstor/public_html/wp-includes/class-wp-hook.php(341): RankMathPro->setup('')
#3 /home/alamstor/public_html/wp-includes/class-wp-hook.php(365): WP_Hook->apply_filters('', Array)
#4 /home/alamstor/public_html/wp-includes/plugin.php(522): WP_Hook->do_action(Array)
#5 /home/alamstor/public_html/wp-content/plugins/seo-by-rank-math/rank-math.php(188): do_action('rank_math/loade...')
#6 /home/alamstor/public_html/wp-content/plugins/seo-by-rank-math/rank-math.php(164): RankMath->setup()
#7 /home/alamstor/public_html/wp-content/plugins/seo-by-rank-math/rank-math.php(539): RankMath::get()
#8 /home/alamstor/public_html/wp-content/plugins/seo-by-rank-math/rank-math.php(543): rank_math()
#9 /home/alamstor/public_html/wp-settings.php(589): include_once('/home/alamstor/...')
#10 /home/alamstor/public_html/wp-config.php(49): require_once('/home/alamstor/...')
#11 /home/alamstor/public_html/wp-load.php(50): require_once('/home/alamstor/...')
#12 /home/alamstor/public_html/wp-admin/admin.php(35): require_once('/home/alamstor/...')
#13 /home/alamstor/public_html/wp-admin/plugins.php(10): require_once('/home/alamstor/...')
#14 {main}
  thrown in /home/alamstor/public_html/wp-content/plugins/seo-by-rank-math-pro/includes/class-modules.php on line 31
[02-Jun-2026 10:40:13 UTC] PHP Notice:  La fonction map_meta_cap a été appelée de façon <strong>incorrecte</strong>. Le type de publication <code>shop_order</code> n’est pas enregistré. Il n’est donc pas possible de vérifier de manière fiable que la permission « <code>edit_post</code> » correspond à ce type de publication. Veuillez lire <a href="https://developer.wordpress.org/advanced-administration/debug/debug-wordpress/">Débogage dans WordPress</a> (en) pour plus d’informations. (Ce message a été ajouté à la version 4.4.0.) in /home/alamstor/public_html/wp-includes/functions.php on line 6170
[02-Jun-2026 10:40:13 UTC] PHP Notice:  La fonction map_meta_cap a été appelée de façon <strong>incorrecte</strong>. Le type de publication <code>shop_order</code> n’est pas enregistré. Il n’est donc pas possible de vérifier de manière fiable que la permission « <code>edit_post</code> » correspond à ce type de publication. Veuillez lire <a href="https://developer.wordpress.org/advanced-administration/debug/debug-wordpress/">Débogage dans WordPress</a> (en) pour plus d’informations. (Ce message a été ajouté à la version 4.4.0.) in /home/alamstor/public_html/wp-includes/functions.php on line 6170
[02-Jun-2026 11:02:42 UTC] PHP Notice:  La fonction map_meta_cap a été appelée de façon <strong>incorrecte</strong>. Le type de publication <code>shop_order</code> n’est pas enregistré. Il n’est donc pas possible de vérifier de manière fiable que la permission « <code>edit_post</code> » correspond à ce type de publication. Veuillez lire <a href="https://developer.wordpress.org/advanced-administration/debug/debug-wordpress/">Débogage dans WordPress</a> (en) pour plus d’informations. (Ce message a été ajouté à la version 4.4.0.) in /home/alamstor/public_html/wp-includes/functions.php on line 6170
[02-Jun-2026 11:02:42 UTC] PHP Notice:  La fonction map_meta_cap a été appelée de façon <strong>incorrecte</strong>. Le type de publication <code>shop_order</code> n’est pas enregistré. Il n’est donc pas possible de vérifier de manière fiable que la permission « <code>edit_post</code> » correspond à ce type de publication. Veuillez lire <a href="https://developer.wordpress.org/advanced-administration/debug/debug-wordpress/">Débogage dans WordPress</a> (en) pour plus d’informations. (Ce message a été ajouté à la version 4.4.0.) in /home/alamstor/public_html/wp-includes/functions.php on line 6170
[02-Jun-2026 11:03:23 UTC] PHP Warning:  Undefined array key "src" in /home/alamstor/public_html/wp-content/plugins/elementor/core/page-assets/loader.php on line 95
[02-Jun-2026 11:03:23 UTC] PHP Warning:  Undefined array key "dependencies" in /home/alamstor/public_html/wp-content/plugins/elementor/core/page-assets/loader.php on line 95
[02-Jun-2026 11:03:23 UTC] PHP Warning:  Undefined array key "version" in /home/alamstor/public_html/wp-content/plugins/elementor/core/page-assets/loader.php on line 95
[02-Jun-2026 11:03:23 UTC] PHP Warning:  Undefined array key "src" in /home/alamstor/public_html/wp-content/plugins/elementor/core/page-assets/loader.php on line 95
[02-Jun-2026 11:03:23 UTC] PHP Warning:  Undefined array key "dependencies" in /home/alamstor/public_html/wp-content/plugins/elementor/core/page-assets/loader.php on line 95
[02-Jun-2026 11:03:23 UTC] PHP Warning:  Undefined array key "version" in /home/alamstor/public_html/wp-content/plugins/elementor/core/page-assets/loader.php on line 95
[02-Jun-2026 11:03:23 UTC] PHP Warning:  Undefined array key "src" in /home/alamstor/public_html/wp-content/plugins/elementor/core/page-assets/loader.php on line 95
[02-Jun-2026 11:03:23 UTC] PHP Warning:  Undefined array key "dependencies" in /home/alamstor/public_html/wp-content/plugins/elementor/core/page-assets/loader.php on line 95
[02-Jun-2026 11:03:23 UTC] PHP Warning:  Undefined array key "version" in /home/alamstor/public_html/wp-content/plugins/elementor/core/page-assets/loader.php on line 95
[02-Jun-2026 11:03:23 UTC] PHP Warning:  Undefined array key "src" in /home/alamstor/public_html/wp-content/plugins/elementor/core/page-assets/loader.php on line 95
[02-Jun-2026 11:03:23 UTC] PHP Warning:  Undefined array key "dependencies" in /home/alamstor/public_html/wp-content/plugins/elementor/core/page-assets/loader.php on line 95
[02-Jun-2026 11:03:23 UTC] PHP Warning:  Undefined array key "version" in /home/alamstor/public_html/wp-content/plugins/elementor/core/page-assets/loader.php on line 95
[02-Jun-2026 11:03:25 UTC] PHP Warning:  Undefined array key "src" in /home/alamstor/public_html/wp-content/plugins/elementor/core/page-assets/loader.php on line 95
[02-Jun-2026 11:03:25 UTC] PHP Warning:  Undefined array key "dependencies" in /home/alamstor/public_html/wp-content/plugins/elementor/core/page-assets/loader.php on line 95
[02-Jun-2026 11:03:25 UTC] PHP Warning:  Undefined array key "version" in /home/alamstor/public_html/wp-content/plugins/elementor/core/page-assets/loader.php on line 95
[02-Jun-2026 11:03:25 UTC] PHP Warning:  Undefined array key "src" in /home/alamstor/public_html/wp-content/plugins/elementor/core/page-assets/loader.php on line 95
[02-Jun-2026 11:03:25 UTC] PHP Warning:  Undefined array key "dependencies" in /home/alamstor/public_html/wp-content/plugins/elementor/core/page-assets/loader.php on line 95
[02-Jun-2026 11:03:25 UTC] PHP Warning:  Undefined array key "version" in /home/alamstor/public_html/wp-content/plugins/elementor/core/page-assets/loader.php on line 95
[02-Jun-2026 11:03:27 UTC] PHP Warning:  Undefined array key "src" in /home/alamstor/public_html/wp-content/plugins/elementor/core/page-assets/loader.php on line 95
[02-Jun-2026 11:03:27 UTC] PHP Warning:  Undefined array key "dependencies" in /home/alamstor/public_html/wp-content/plugins/elementor/core/page-assets/loader.php on line 95
[02-Jun-2026 11:03:27 UTC] PHP Warning:  Undefined array key "version" in /home/alamstor/public_html/wp-content/plugins/elementor/core/page-assets/loader.php on line 95
[02-Jun-2026 11:03:27 UTC] PHP Warning:  Undefined array key "src" in /home/alamstor/public_html/wp-content/plugins/elementor/core/page-assets/loader.php on line 95
[02-Jun-2026 11:03:27 UTC] PHP Warning:  Undefined array key "dependencies" in /home/alamstor/public_html/wp-content/plugins/elementor/core/page-assets/loader.php on line 95
[02-Jun-2026 11:03:27 UTC] PHP Warning:  Undefined array key "version" in /home/alamstor/public_html/wp-content/plugins/elementor/core/page-assets/loader.php on line 95
[02-Jun-2026 11:03:59 UTC] PHP Warning:  Undefined array key "src" in /home/alamstor/public_html/wp-content/plugins/elementor/core/page-assets/loader.php on line 95
[02-Jun-2026 11:03:59 UTC] PHP Warning:  Undefined array key "dependencies" in /home/alamstor/public_html/wp-content/plugins/elementor/core/page-assets/loader.php on line 95
[02-Jun-2026 11:03:59 UTC] PHP Warning:  Undefined array key "version" in /home/alamstor/public_html/wp-content/plugins/elementor/core/page-assets/loader.php on line 95
[02-Jun-2026 11:03:59 UTC] PHP Warning:  Undefined array key "src" in /home/alamstor/public_html/wp-content/plugins/elementor/core/page-assets/loader.php on line 95
[02-Jun-2026 11:03:59 UTC] PHP Warning:  Undefined array key "dependencies" in /home/alamstor/public_html/wp-content/plugins/elementor/core/page-assets/loader.php on line 95
[02-Jun-2026 11:03:59 UTC] PHP Warning:  Undefined array key "version" in /home/alamstor/public_html/wp-content/plugins/elementor/core/page-assets/loader.php on line 95
[02-Jun-2026 11:03:59 UTC] PHP Warning:  Undefined array key "src" in /home/alamstor/public_html/wp-content/plugins/elementor/core/page-assets/loader.php on line 95
[02-Jun-2026 11:03:59 UTC] PHP Warning:  Undefined array key "dependencies" in /home/alamstor/public_html/wp-content/plugins/elementor/core/page-assets/loader.php on line 95
[02-Jun-2026 11:03:59 UTC] PHP Warning:  Undefined array key "version" in /home/alamstor/public_html/wp-content/plugins/elementor/core/page-assets/loader.php on line 95
[02-Jun-2026 11:03:59 UTC] PHP Warning:  Undefined array key "src" in /home/alamstor/public_html/wp-content/plugins/elementor/core/page-assets/loader.php on line 95
[02-Jun-2026 11:03:59 UTC] PHP Warning:  Undefined array key "dependencies" in /home/alamstor/public_html/wp-content/plugins/elementor/core/page-assets/loader.php on line 95
[02-Jun-2026 11:03:59 UTC] PHP Warning:  Undefined array key "version" in /home/alamstor/public_html/wp-content/plugins/elementor/core/page-assets/loader.php on line 95
[02-Jun-2026 11:04:01 UTC] PHP Warning:  Undefined array key "src" in /home/alamstor/public_html/wp-content/plugins/elementor/core/page-assets/loader.php on line 95
[02-Jun-2026 11:04:01 UTC] PHP Warning:  Undefined array key "dependencies" in /home/alamstor/public_html/wp-content/plugins/elementor/core/page-assets/loader.php on line 95
[02-Jun-2026 11:04:01 UTC] PHP Warning:  Undefined array key "version" in /home/alamstor/public_html/wp-content/plugins/elementor/core/page-assets/loader.php on line 95
[02-Jun-2026 11:04:01 UTC] PHP Warning:  Undefined array key "src" in /home/alamstor/public_html/wp-content/plugins/elementor/core/page-assets/loader.php on line 95
[02-Jun-2026 11:04:01 UTC] PHP Warning:  Undefined array key "dependencies" in /home/alamstor/public_html/wp-content/plugins/elementor/core/page-assets/loader.php on line 95
[02-Jun-2026 11:04:01 UTC] PHP Warning:  Undefined array key "version" in /home/alamstor/public_html/wp-content/plugins/elementor/core/page-assets/loader.php on line 95
[02-Jun-2026 11:05:08 UTC] PHP Warning:  Undefined array key "src" in /home/alamstor/public_html/wp-content/plugins/elementor/core/page-assets/loader.php on line 95
[02-Jun-2026 11:05:08 UTC] PHP Warning:  Undefined array key "dependencies" in /home/alamstor/public_html/wp-content/plugins/elementor/core/page-assets/loader.php on line 95
[02-Jun-2026 11:05:08 UTC] PHP Warning:  Undefined array key "version" in /home/alamstor/public_html/wp-content/plugins/elementor/core/page-assets/loader.php on line 95
[02-Jun-2026 11:05:08 UTC] PHP Warning:  Undefined array key "src" in /home/alamstor/public_html/wp-content/plugins/elementor/core/page-assets/loader.php on line 95
[02-Jun-2026 11:05:08 UTC] PHP Warning:  Undefined array key "dependencies" in /home/alamstor/public_html/wp-content/plugins/elementor/core/page-assets/loader.php on line 95
[02-Jun-2026 11:05:08 UTC] PHP Warning:  Undefined array key "version" in /home/alamstor/public_html/wp-content/plugins/elementor/core/page-assets/loader.php on line 95
[02-Jun-2026 11:05:11 UTC] PHP Warning:  Undefined array key "src" in /home/alamstor/public_html/wp-content/plugins/elementor/core/page-assets/loader.php on line 95
[02-Jun-2026 11:05:11 UTC] PHP Warning:  Undefined array key "dependencies" in /home/alamstor/public_html/wp-content/plugins/elementor/core/page-assets/loader.php on line 95
[02-Jun-2026 11:05:11 UTC] PHP Warning:  Undefined array key "version" in /home/alamstor/public_html/wp-content/plugins/elementor/core/page-assets/loader.php on line 95
[02-Jun-2026 11:05:11 UTC] PHP Warning:  Undefined array key "src" in /home/alamstor/public_html/wp-content/plugins/elementor/core/page-assets/loader.php on line 95
[02-Jun-2026 11:05:11 UTC] PHP Warning:  Undefined array key "dependencies" in /home/alamstor/public_html/wp-content/plugins/elementor/core/page-assets/loader.php on line 95
[02-Jun-2026 11:05:11 UTC] PHP Warning:  Undefined array key "version" in /home/alamstor/public_html/wp-content/plugins/elementor/core/page-assets/loader.php on line 95
[02-Jun-2026 11:05:17 UTC] PHP Warning:  Undefined array key "src" in /home/alamstor/public_html/wp-content/plugins/elementor/core/page-assets/loader.php on line 95
[02-Jun-2026 11:05:17 UTC] PHP Warning:  Undefined array key "dependencies" in /home/alamstor/public_html/wp-content/plugins/elementor/core/page-assets/loader.php on line 95
[02-Jun-2026 11:05:17 UTC] PHP Warning:  Undefined array key "version" in /home/alamstor/public_html/wp-content/plugins/elementor/core/page-assets/loader.php on line 95
[02-Jun-2026 11:05:17 UTC] PHP Warning:  Undefined array key "src" in /home/alamstor/public_html/wp-content/plugins/elementor/core/page-assets/loader.php on line 95
[02-Jun-2026 11:05:17 UTC] PHP Warning:  Undefined array key "dependencies" in /home/alamstor/public_html/wp-content/plugins/elementor/core/page-assets/loader.php on line 95
[02-Jun-2026 11:05:17 UTC] PHP Warning:  Undefined array key "version" in /home/alamstor/public_html/wp-content/plugins/elementor/core/page-assets/loader.php on line 95
[02-Jun-2026 11:21:20 UTC] PHP Warning:  Undefined array key "src" in /home/alamstor/public_html/wp-content/plugins/elementor/core/page-assets/loader.php on line 95
[02-Jun-2026 11:21:20 UTC] PHP Warning:  Undefined array key "dependencies" in /home/alamstor/public_html/wp-content/plugins/elementor/core/page-assets/loader.php on line 95
[02-Jun-2026 11:21:20 UTC] PHP Warning:  Undefined array key "version" in /home/alamstor/public_html/wp-content/plugins/elementor/core/page-assets/loader.php on line 95
[02-Jun-2026 11:21:20 UTC] PHP Warning:  Undefined array key "src" in /home/alamstor/public_html/wp-content/plugins/elementor/core/page-assets/loader.php on line 95
[02-Jun-2026 11:21:20 UTC] PHP Warning:  Undefined array key "dependencies" in /home/alamstor/public_html/wp-content/plugins/elementor/core/page-assets/loader.php on line 95
[02-Jun-2026 11:21:20 UTC] PHP Warning:  Undefined array key "version" in /home/alamstor/public_html/wp-content/plugins/elementor/core/page-assets/loader.php on line 95
[02-Jun-2026 11:21:21 UTC] PHP Warning:  Undefined array key "src" in /home/alamstor/public_html/wp-content/plugins/elementor/core/page-assets/loader.php on line 95
[02-Jun-2026 11:21:21 UTC] PHP Warning:  Undefined array key "dependencies" in /home/alamstor/public_html/wp-content/plugins/elementor/core/page-assets/loader.php on line 95
[02-Jun-2026 11:21:21 UTC] PHP Warning:  Undefined array key "version" in /home/alamstor/public_html/wp-content/plugins/elementor/core/page-assets/loader.php on line 95
[02-Jun-2026 11:21:21 UTC] PHP Warning:  Undefined array key "src" in /home/alamstor/public_html/wp-content/plugins/elementor/core/page-assets/loader.php on line 95
[02-Jun-2026 11:21:21 UTC] PHP Warning:  Undefined array key "dependencies" in /home/alamstor/public_html/wp-content/plugins/elementor/core/page-assets/loader.php on line 95
[02-Jun-2026 11:21:21 UTC] PHP Warning:  Undefined array key "version" in /home/alamstor/public_html/wp-content/plugins/elementor/core/page-assets/loader.php on line 95
[02-Jun-2026 11:31:29 UTC] PHP Warning:  Undefined array key "src" in /home/alamstor/public_html/wp-content/plugins/elementor/core/page-assets/loader.php on line 95
[02-Jun-2026 11:31:29 UTC] PHP Warning:  Undefined array key "dependencies" in /home/alamstor/public_html/wp-content/plugins/elementor/core/page-assets/loader.php on line 95
[02-Jun-2026 11:31:29 UTC] PHP Warning:  Undefined array key "version" in /home/alamstor/public_html/wp-content/plugins/elementor/core/page-assets/loader.php on line 95
[02-Jun-2026 11:31:29 UTC] PHP Warning:  Undefined array key "src" in /home/alamstor/public_html/wp-content/plugins/elementor/core/page-assets/loader.php on line 95
[02-Jun-2026 11:31:29 UTC] PHP Warning:  Undefined array key "dependencies" in /home/alamstor/public_html/wp-content/plugins/elementor/core/page-assets/loader.php on line 95
[02-Jun-2026 11:31:29 UTC] PHP Warning:  Undefined array key "version" in /home/alamstor/public_html/wp-content/plugins/elementor/core/page-assets/loader.php on line 95
[02-Jun-2026 11:31:29 UTC] PHP Warning:  Undefined array key "src" in /home/alamstor/public_html/wp-content/plugins/elementor/core/page-assets/loader.php on line 95
[02-Jun-2026 11:31:29 UTC] PHP Warning:  Undefined array key "dependencies" in /home/alamstor/public_html/wp-content/plugins/elementor/core/page-assets/loader.php on line 95
[02-Jun-2026 11:31:29 UTC] PHP Warning:  Undefined array key "version" in /home/alamstor/public_html/wp-content/plugins/elementor/core/page-assets/loader.php on line 95
[02-Jun-2026 11:31:29 UTC] PHP Warning:  Undefined array key "src" in /home/alamstor/public_html/wp-content/plugins/elementor/core/page-assets/loader.php on line 95
[02-Jun-2026 11:31:29 UTC] PHP Warning:  Undefined array key "dependencies" in /home/alamstor/public_html/wp-content/plugins/elementor/core/page-assets/loader.php on line 95
[02-Jun-2026 11:31:29 UTC] PHP Warning:  Undefined array key "version" in /home/alamstor/public_html/wp-content/plugins/elementor/core/page-assets/loader.php on line 95
[02-Jun-2026 11:38:03 UTC] PHP Warning:  Undefined array key "src" in /home/alamstor/public_html/wp-content/plugins/elementor/core/page-assets/loader.php on line 95
[02-Jun-2026 11:38:03 UTC] PHP Warning:  Undefined array key "dependencies" in /home/alamstor/public_html/wp-content/plugins/elementor/core/page-assets/loader.php on line 95
[02-Jun-2026 11:38:03 UTC] PHP Warning:  Undefined array key "version" in /home/alamstor/public_html/wp-content/plugins/elementor/core/page-assets/loader.php on line 95
[02-Jun-2026 11:38:03 UTC] PHP Warning:  Undefined array key "src" in /home/alamstor/public_html/wp-content/plugins/elementor/core/page-assets/loader.php on line 95
[02-Jun-2026 11:38:03 UTC] PHP Warning:  Undefined array key "dependencies" in /home/alamstor/public_html/wp-content/plugins/elementor/core/page-assets/loader.php on line 95
[02-Jun-2026 11:38:03 UTC] PHP Warning:  Undefined array key "version" in /home/alamstor/public_html/wp-content/plugins/elementor/core/page-assets/loader.php on line 95
[02-Jun-2026 11:38:05 UTC] PHP Warning:  Undefined array key "src" in /home/alamstor/public_html/wp-content/plugins/elementor/core/page-assets/loader.php on line 95
[02-Jun-2026 11:38:05 UTC] PHP Warning:  Undefined array key "dependencies" in /home/alamstor/public_html/wp-content/plugins/elementor/core/page-assets/loader.php on line 95
[02-Jun-2026 11:38:05 UTC] PHP Warning:  Undefined array key "version" in /home/alamstor/public_html/wp-content/plugins/elementor/core/page-assets/loader.php on line 95
[02-Jun-2026 11:38:05 UTC] PHP Warning:  Undefined array key "src" in /home/alamstor/public_html/wp-content/plugins/elementor/core/page-assets/loader.php on line 95
[02-Jun-2026 11:38:05 UTC] PHP Warning:  Undefined array key "dependencies" in /home/alamstor/public_html/wp-content/plugins/elementor/core/page-assets/loader.php on line 95
[02-Jun-2026 11:38:05 UTC] PHP Warning:  Undefined array key "version" in /home/alamstor/public_html/wp-content/plugins/elementor/core/page-assets/loader.php on line 95
[02-Jun-2026 11:38:05 UTC] PHP Warning:  Undefined array key "src" in /home/alamstor/public_html/wp-content/plugins/elementor/core/page-assets/loader.php on line 95
[02-Jun-2026 11:38:05 UTC] PHP Warning:  Undefined array key "dependencies" in /home/alamstor/public_html/wp-content/plugins/elementor/core/page-assets/loader.php on line 95
[02-Jun-2026 11:38:05 UTC] PHP Warning:  Undefined array key "version" in /home/alamstor/public_html/wp-content/plugins/elementor/core/page-assets/loader.php on line 95
[02-Jun-2026 11:38:05 UTC] PHP Warning:  Undefined array key "src" in /home/alamstor/public_html/wp-content/plugins/elementor/core/page-assets/loader.php on line 95
[02-Jun-2026 11:38:05 UTC] PHP Warning:  Undefined array key "dependencies" in /home/alamstor/public_html/wp-content/plugins/elementor/core/page-assets/loader.php on line 95
[02-Jun-2026 11:38:05 UTC] PHP Warning:  Undefined array key "version" in /home/alamstor/public_html/wp-content/plugins/elementor/core/page-assets/loader.php on line 95
[02-Jun-2026 11:38:07 UTC] PHP Warning:  Undefined array key "src" in /home/alamstor/public_html/wp-content/plugins/elementor/core/page-assets/loader.php on line 95
[02-Jun-2026 11:38:07 UTC] PHP Warning:  Undefined array key "dependencies" in /home/alamstor/public_html/wp-content/plugins/elementor/core/page-assets/loader.php on line 95
[02-Jun-2026 11:38:07 UTC] PHP Warning:  Undefined array key "version" in /home/alamstor/public_html/wp-content/plugins/elementor/core/page-assets/loader.php on line 95
[02-Jun-2026 11:38:07 UTC] PHP Warning:  Undefined array key "src" in /home/alamstor/public_html/wp-content/plugins/elementor/core/page-assets/loader.php on line 95
[02-Jun-2026 11:38:07 UTC] PHP Warning:  Undefined array key "dependencies" in /home/alamstor/public_html/wp-content/plugins/elementor/core/page-assets/loader.php on line 95
[02-Jun-2026 11:38:07 UTC] PHP Warning:  Undefined array key "version" in /home/alamstor/public_html/wp-content/plugins/elementor/core/page-assets/loader.php on line 95
[02-Jun-2026 11:38:17 UTC] PHP Warning:  Undefined array key "src" in /home/alamstor/public_html/wp-content/plugins/elementor/core/page-assets/loader.php on line 95
[02-Jun-2026 11:38:17 UTC] PHP Warning:  Undefined array key "dependencies" in /home/alamstor/public_html/wp-content/plugins/elementor/core/page-assets/loader.php on line 95
[02-Jun-2026 11:38:17 UTC] PHP Warning:  Undefined array key "version" in /home/alamstor/public_html/wp-content/plugins/elementor/core/page-assets/loader.php on line 95
[02-Jun-2026 11:38:17 UTC] PHP Warning:  Undefined array key "src" in /home/alamstor/public_html/wp-content/plugins/elementor/core/page-assets/loader.php on line 95
[02-Jun-2026 11:38:17 UTC] PHP Warning:  Undefined array key "dependencies" in /home/alamstor/public_html/wp-content/plugins/elementor/core/page-assets/loader.php on line 95
[02-Jun-2026 11:38:17 UTC] PHP Warning:  Undefined array key "version" in /home/alamstor/public_html/wp-content/plugins/elementor/core/page-assets/loader.php on line 95
[02-Jun-2026 11:38:17 UTC] PHP Warning:  Undefined array key "src" in /home/alamstor/public_html/wp-content/plugins/elementor/core/page-assets/loader.php on line 95
[02-Jun-2026 11:38:17 UTC] PHP Warning:  Undefined array key "dependencies" in /home/alamstor/public_html/wp-content/plugins/elementor/core/page-assets/loader.php on line 95
[02-Jun-2026 11:38:17 UTC] PHP Warning:  Undefined array key "version" in /home/alamstor/public_html/wp-content/plugins/elementor/core/page-assets/loader.php on line 95
[02-Jun-2026 11:38:17 UTC] PHP Warning:  Undefined array key "src" in /home/alamstor/public_html/wp-content/plugins/elementor/core/page-assets/loader.php on line 95
[02-Jun-2026 11:38:17 UTC] PHP Warning:  Undefined array key "dependencies" in /home/alamstor/public_html/wp-content/plugins/elementor/core/page-assets/loader.php on line 95
[02-Jun-2026 11:38:17 UTC] PHP Warning:  Undefined array key "version" in /home/alamstor/public_html/wp-content/plugins/elementor/core/page-assets/loader.php on line 95
[02-Jun-2026 11:38:20 UTC] PHP Warning:  Undefined array key "src" in /home/alamstor/public_html/wp-content/plugins/elementor/core/page-assets/loader.php on line 95
[02-Jun-2026 11:38:20 UTC] PHP Warning:  Undefined array key "dependencies" in /home/alamstor/public_html/wp-content/plugins/elementor/core/page-assets/loader.php on line 95
[02-Jun-2026 11:38:20 UTC] PHP Warning:  Undefined array key "version" in /home/alamstor/public_html/wp-content/plugins/elementor/core/page-assets/loader.php on line 95
[02-Jun-2026 11:38:20 UTC] PHP Warning:  Undefined array key "src" in /home/alamstor/public_html/wp-content/plugins/elementor/core/page-assets/loader.php on line 95
[02-Jun-2026 11:38:20 UTC] PHP Warning:  Undefined array key "dependencies" in /home/alamstor/public_html/wp-content/plugins/elementor/core/page-assets/loader.php on line 95
[02-Jun-2026 11:38:20 UTC] PHP Warning:  Undefined array key "version" in /home/alamstor/public_html/wp-content/plugins/elementor/core/page-assets/loader.php on line 95
[02-Jun-2026 11:38:21 UTC] PHP Warning:  Undefined array key "src" in /home/alamstor/public_html/wp-content/plugins/elementor/core/page-assets/loader.php on line 95
[02-Jun-2026 11:38:21 UTC] PHP Warning:  Undefined array key "dependencies" in /home/alamstor/public_html/wp-content/plugins/elementor/core/page-assets/loader.php on line 95
[02-Jun-2026 11:38:21 UTC] PHP Warning:  Undefined array key "version" in /home/alamstor/public_html/wp-content/plugins/elementor/core/page-assets/loader.php on line 95
[02-Jun-2026 11:38:21 UTC] PHP Warning:  Undefined array key "src" in /home/alamstor/public_html/wp-content/plugins/elementor/core/page-assets/loader.php on line 95
[02-Jun-2026 11:38:21 UTC] PHP Warning:  Undefined array key "dependencies" in /home/alamstor/public_html/wp-content/plugins/elementor/core/page-assets/loader.php on line 95
[02-Jun-2026 11:38:21 UTC] PHP Warning:  Undefined array key "version" in /home/alamstor/public_html/wp-content/plugins/elementor/core/page-assets/loader.php on line 95
[02-Jun-2026 11:44:07 UTC] PHP Warning:  Undefined array key "src" in /home/alamstor/public_html/wp-content/plugins/elementor/core/page-assets/loader.php on line 95
[02-Jun-2026 11:44:07 UTC] PHP Warning:  Undefined array key "dependencies" in /home/alamstor/public_html/wp-content/plugins/elementor/core/page-assets/loader.php on line 95
[02-Jun-2026 11:44:07 UTC] PHP Warning:  Undefined array key "version" in /home/alamstor/public_html/wp-content/plugins/elementor/core/page-assets/loader.php on line 95
[02-Jun-2026 11:44:07 UTC] PHP Warning:  Undefined array key "src" in /home/alamstor/public_html/wp-content/plugins/elementor/core/page-assets/loader.php on line 95
[02-Jun-2026 11:44:07 UTC] PHP Warning:  Undefined array key "dependencies" in /home/alamstor/public_html/wp-content/plugins/elementor/core/page-assets/loader.php on line 95
[02-Jun-2026 11:44:07 UTC] PHP Warning:  Undefined array key "version" in /home/alamstor/public_html/wp-content/plugins/elementor/core/page-assets/loader.php on line 95
[02-Jun-2026 11:53:21 UTC] PHP Warning:  Undefined array key "src" in /home/alamstor/public_html/wp-content/plugins/elementor/core/page-assets/loader.php on line 95
[02-Jun-2026 11:53:21 UTC] PHP Warning:  Undefined array key "dependencies" in /home/alamstor/public_html/wp-content/plugins/elementor/core/page-assets/loader.php on line 95
[02-Jun-2026 11:53:21 UTC] PHP Warning:  Undefined array key "version" in /home/alamstor/public_html/wp-content/plugins/elementor/core/page-assets/loader.php on line 95
[02-Jun-2026 11:53:21 UTC] PHP Warning:  Undefined array key "src" in /home/alamstor/public_html/wp-content/plugins/elementor/core/page-assets/loader.php on line 95
[02-Jun-2026 11:53:21 UTC] PHP Warning:  Undefined array key "dependencies" in /home/alamstor/public_html/wp-content/plugins/elementor/core/page-assets/loader.php on line 95
[02-Jun-2026 11:53:21 UTC] PHP Warning:  Undefined array key "version" in /home/alamstor/public_html/wp-content/plugins/elementor/core/page-assets/loader.php on line 95
[02-Jun-2026 11:58:44 UTC] PHP Warning:  Undefined array key "src" in /home/alamstor/public_html/wp-content/plugins/elementor/core/page-assets/loader.php on line 95
[02-Jun-2026 11:58:44 UTC] PHP Warning:  Undefined array key "dependencies" in /home/alamstor/public_html/wp-content/plugins/elementor/core/page-assets/loader.php on line 95
[02-Jun-2026 11:58:44 UTC] PHP Warning:  Undefined array key "version" in /home/alamstor/public_html/wp-content/plugins/elementor/core/page-assets/loader.php on line 95
[02-Jun-2026 11:58:44 UTC] PHP Warning:  Undefined array key "src" in /home/alamstor/public_html/wp-content/plugins/elementor/core/page-assets/loader.php on line 95
[02-Jun-2026 11:58:44 UTC] PHP Warning:  Undefined array key "dependencies" in /home/alamstor/public_html/wp-content/plugins/elementor/core/page-assets/loader.php on line 95
[02-Jun-2026 11:58:44 UTC] PHP Warning:  Undefined array key "version" in /home/alamstor/public_html/wp-content/plugins/elementor/core/page-assets/loader.php on line 95
[02-Jun-2026 11:58:44 UTC] PHP Warning:  Undefined array key "src" in /home/alamstor/public_html/wp-content/plugins/elementor/core/page-assets/loader.php on line 95
[02-Jun-2026 11:58:44 UTC] PHP Warning:  Undefined array key "dependencies" in /home/alamstor/public_html/wp-content/plugins/elementor/core/page-assets/loader.php on line 95
[02-Jun-2026 11:58:44 UTC] PHP Warning:  Undefined array key "version" in /home/alamstor/public_html/wp-content/plugins/elementor/core/page-assets/loader.php on line 95
[02-Jun-2026 11:58:44 UTC] PHP Warning:  Undefined array key "src" in /home/alamstor/public_html/wp-content/plugins/elementor/core/page-assets/loader.php on line 95
[02-Jun-2026 11:58:44 UTC] PHP Warning:  Undefined array key "dependencies" in /home/alamstor/public_html/wp-content/plugins/elementor/core/page-assets/loader.php on line 95
[02-Jun-2026 11:58:44 UTC] PHP Warning:  Undefined array key "version" in /home/alamstor/public_html/wp-content/plugins/elementor/core/page-assets/loader.php on line 95
[02-Jun-2026 11:58:46 UTC] PHP Warning:  Undefined array key "src" in /home/alamstor/public_html/wp-content/plugins/elementor/core/page-assets/loader.php on line 95
[02-Jun-2026 11:58:46 UTC] PHP Warning:  Undefined array key "dependencies" in /home/alamstor/public_html/wp-content/plugins/elementor/core/page-assets/loader.php on line 95
[02-Jun-2026 11:58:46 UTC] PHP Warning:  Undefined array key "version" in /home/alamstor/public_html/wp-content/plugins/elementor/core/page-assets/loader.php on line 95
[02-Jun-2026 11:58:46 UTC] PHP Warning:  Undefined array key "src" in /home/alamstor/public_html/wp-content/plugins/elementor/core/page-assets/loader.php on line 95
[02-Jun-2026 11:58:46 UTC] PHP Warning:  Undefined array key "dependencies" in /home/alamstor/public_html/wp-content/plugins/elementor/core/page-assets/loader.php on line 95
[02-Jun-2026 11:58:46 UTC] PHP Warning:  Undefined array key "version" in /home/alamstor/public_html/wp-content/plugins/elementor/core/page-assets/loader.php on line 95
[02-Jun-2026 11:58:46 UTC] PHP Warning:  Undefined array key "src" in /home/alamstor/public_html/wp-content/plugins/elementor/core/page-assets/loader.php on line 95
[02-Jun-2026 11:58:46 UTC] PHP Warning:  Undefined array key "dependencies" in /home/alamstor/public_html/wp-content/plugins/elementor/core/page-assets/loader.php on line 95
[02-Jun-2026 11:58:46 UTC] PHP Warning:  Undefined array key "version" in /home/alamstor/public_html/wp-content/plugins/elementor/core/page-assets/loader.php on line 95
[02-Jun-2026 11:58:46 UTC] PHP Warning:  Undefined array key "src" in /home/alamstor/public_html/wp-content/plugins/elementor/core/page-assets/loader.php on line 95
[02-Jun-2026 11:58:46 UTC] PHP Warning:  Undefined array key "dependencies" in /home/alamstor/public_html/wp-content/plugins/elementor/core/page-assets/loader.php on line 95
[02-Jun-2026 11:58:46 UTC] PHP Warning:  Undefined array key "version" in /home/alamstor/public_html/wp-content/plugins/elementor/core/page-assets/loader.php on line 95
[02-Jun-2026 11:59:03 UTC] PHP Warning:  Undefined array key "src" in /home/alamstor/public_html/wp-content/plugins/elementor/core/page-assets/loader.php on line 95
[02-Jun-2026 11:59:03 UTC] PHP Warning:  Undefined array key "dependencies" in /home/alamstor/public_html/wp-content/plugins/elementor/core/page-assets/loader.php on line 95
[02-Jun-2026 11:59:03 UTC] PHP Warning:  Undefined array key "version" in /home/alamstor/public_html/wp-content/plugins/elementor/core/page-assets/loader.php on line 95
[02-Jun-2026 11:59:03 UTC] PHP Warning:  Undefined array key "src" in /home/alamstor/public_html/wp-content/plugins/elementor/core/page-assets/loader.php on line 95
[02-Jun-2026 11:59:03 UTC] PHP Warning:  Undefined array key "dependencies" in /home/alamstor/public_html/wp-content/plugins/elementor/core/page-assets/loader.php on line 95
[02-Jun-2026 11:59:03 UTC] PHP Warning:  Undefined array key "version" in /home/alamstor/public_html/wp-content/plugins/elementor/core/page-assets/loader.php on line 95
[02-Jun-2026 11:59:03 UTC] PHP Warning:  Undefined array key "src" in /home/alamstor/public_html/wp-content/plugins/elementor/core/page-assets/loader.php on line 95
[02-Jun-2026 11:59:03 UTC] PHP Warning:  Undefined array key "dependencies" in /home/alamstor/public_html/wp-content/plugins/elementor/core/page-assets/loader.php on line 95
[02-Jun-2026 11:59:03 UTC] PHP Warning:  Undefined array key "version" in /home/alamstor/public_html/wp-content/plugins/elementor/core/page-assets/loader.php on line 95
[02-Jun-2026 11:59:03 UTC] PHP Warning:  Undefined array key "src" in /home/alamstor/public_html/wp-content/plugins/elementor/core/page-assets/loader.php on line 95
[02-Jun-2026 11:59:03 UTC] PHP Warning:  Undefined array key "dependencies" in /home/alamstor/public_html/wp-content/plugins/elementor/core/page-assets/loader.php on line 95
[02-Jun-2026 11:59:03 UTC] PHP Warning:  Undefined array key "version" in /home/alamstor/public_html/wp-content/plugins/elementor/core/page-assets/loader.php on line 95
[02-Jun-2026 11:59:06 UTC] PHP Warning:  Undefined array key "src" in /home/alamstor/public_html/wp-content/plugins/elementor/core/page-assets/loader.php on line 95
[02-Jun-2026 11:59:06 UTC] PHP Warning:  Undefined array key "dependencies" in /home/alamstor/public_html/wp-content/plugins/elementor/core/page-assets/loader.php on line 95
[02-Jun-2026 11:59:06 UTC] PHP Warning:  Undefined array key "version" in /home/alamstor/public_html/wp-content/plugins/elementor/core/page-assets/loader.php on line 95
[02-Jun-2026 11:59:06 UTC] PHP Warning:  Undefined array key "src" in /home/alamstor/public_html/wp-content/plugins/elementor/core/page-assets/loader.php on line 95
[02-Jun-2026 11:59:06 UTC] PHP Warning:  Undefined array key "dependencies" in /home/alamstor/public_html/wp-content/plugins/elementor/core/page-assets/loader.php on line 95
[02-Jun-2026 11:59:06 UTC] PHP Warning:  Undefined array key "version" in /home/alamstor/public_html/wp-content/plugins/elementor/core/page-assets/loader.php on line 95
[02-Jun-2026 12:01:23 UTC] PHP Warning:  Undefined array key "src" in /home/alamstor/public_html/wp-content/plugins/elementor/core/page-assets/loader.php on line 95
[02-Jun-2026 12:01:23 UTC] PHP Warning:  Undefined array key "dependencies" in /home/alamstor/public_html/wp-content/plugins/elementor/core/page-assets/loader.php on line 95
[02-Jun-2026 12:01:23 UTC] PHP Warning:  Undefined array key "version" in /home/alamstor/public_html/wp-content/plugins/elementor/core/page-assets/loader.php on line 95
[02-Jun-2026 12:01:23 UTC] PHP Warning:  Undefined array key "src" in /home/alamstor/public_html/wp-content/plugins/elementor/core/page-assets/loader.php on line 95
[02-Jun-2026 12:01:23 UTC] PHP Warning:  Undefined array key "dependencies" in /home/alamstor/public_html/wp-content/plugins/elementor/core/page-assets/loader.php on line 95
[02-Jun-2026 12:01:23 UTC] PHP Warning:  Undefined array key "version" in /home/alamstor/public_html/wp-content/plugins/elementor/core/page-assets/loader.php on line 95
[02-Jun-2026 12:20:08 UTC] PHP Warning:  Undefined array key "src" in /home/alamstor/public_html/wp-content/plugins/elementor/core/page-assets/loader.php on line 95
[02-Jun-2026 12:20:08 UTC] PHP Warning:  Undefined array key "dependencies" in /home/alamstor/public_html/wp-content/plugins/elementor/core/page-assets/loader.php on line 95
[02-Jun-2026 12:20:08 UTC] PHP Warning:  Undefined array key "version" in /home/alamstor/public_html/wp-content/plugins/elementor/core/page-assets/loader.php on line 95
[02-Jun-2026 12:20:08 UTC] PHP Warning:  Undefined array key "src" in /home/alamstor/public_html/wp-content/plugins/elementor/core/page-assets/loader.php on line 95
[02-Jun-2026 12:20:08 UTC] PHP Warning:  Undefined array key "dependencies" in /home/alamstor/public_html/wp-content/plugins/elementor/core/page-assets/loader.php on line 95
[02-Jun-2026 12:20:08 UTC] PHP Warning:  Undefined array key "version" in /home/alamstor/public_html/wp-content/plugins/elementor/core/page-assets/loader.php on line 95
[02-Jun-2026 12:20:35 UTC] PHP Warning:  Undefined array key "src" in /home/alamstor/public_html/wp-content/plugins/elementor/core/page-assets/loader.php on line 95
[02-Jun-2026 12:20:35 UTC] PHP Warning:  Undefined array key "dependencies" in /home/alamstor/public_html/wp-content/plugins/elementor/core/page-assets/loader.php on line 95
[02-Jun-2026 12:20:35 UTC] PHP Warning:  Undefined array key "version" in /home/alamstor/public_html/wp-content/plugins/elementor/core/page-assets/loader.php on line 95
[02-Jun-2026 12:20:35 UTC] PHP Warning:  Undefined array key "src" in /home/alamstor/public_html/wp-content/plugins/elementor/core/page-assets/loader.php on line 95
[02-Jun-2026 12:20:35 UTC] PHP Warning:  Undefined array key "dependencies" in /home/alamstor/public_html/wp-content/plugins/elementor/core/page-assets/loader.php on line 95
[02-Jun-2026 12:20:35 UTC] PHP Warning:  Undefined array key "version" in /home/alamstor/public_html/wp-content/plugins/elementor/core/page-assets/loader.php on line 95
[02-Jun-2026 12:37:20 UTC] PHP Warning:  Undefined array key "src" in /home/alamstor/public_html/wp-content/plugins/elementor/core/page-assets/loader.php on line 95
[02-Jun-2026 12:37:20 UTC] PHP Warning:  Undefined array key "dependencies" in /home/alamstor/public_html/wp-content/plugins/elementor/core/page-assets/loader.php on line 95
[02-Jun-2026 12:37:20 UTC] PHP Warning:  Undefined array key "version" in /home/alamstor/public_html/wp-content/plugins/elementor/core/page-assets/loader.php on line 95
[02-Jun-2026 12:37:20 UTC] PHP Warning:  Undefined array key "src" in /home/alamstor/public_html/wp-content/plugins/elementor/core/page-assets/loader.php on line 95
[02-Jun-2026 12:37:20 UTC] PHP Warning:  Undefined array key "dependencies" in /home/alamstor/public_html/wp-content/plugins/elementor/core/page-assets/loader.php on line 95
[02-Jun-2026 12:37:20 UTC] PHP Warning:  Undefined array key "version" in /home/alamstor/public_html/wp-content/plugins/elementor/core/page-assets/loader.php on line 95
[02-Jun-2026 12:37:23 UTC] PHP Warning:  Undefined array key "src" in /home/alamstor/public_html/wp-content/plugins/elementor/core/page-assets/loader.php on line 95
[02-Jun-2026 12:37:23 UTC] PHP Warning:  Undefined array key "dependencies" in /home/alamstor/public_html/wp-content/plugins/elementor/core/page-assets/loader.php on line 95
[02-Jun-2026 12:37:23 UTC] PHP Warning:  Undefined array key "version" in /home/alamstor/public_html/wp-content/plugins/elementor/core/page-assets/loader.php on line 95
[02-Jun-2026 12:37:23 UTC] PHP Warning:  Undefined array key "src" in /home/alamstor/public_html/wp-content/plugins/elementor/core/page-assets/loader.php on line 95
[02-Jun-2026 12:37:23 UTC] PHP Warning:  Undefined array key "dependencies" in /home/alamstor/public_html/wp-content/plugins/elementor/core/page-assets/loader.php on line 95
[02-Jun-2026 12:37:23 UTC] PHP Warning:  Undefined array key "version" in /home/alamstor/public_html/wp-content/plugins/elementor/core/page-assets/loader.php on line 95
[02-Jun-2026 12:37:39 UTC] PHP Warning:  Undefined array key "src" in /home/alamstor/public_html/wp-content/plugins/elementor/core/page-assets/loader.php on line 95
[02-Jun-2026 12:37:39 UTC] PHP Warning:  Undefined array key "dependencies" in /home/alamstor/public_html/wp-content/plugins/elementor/core/page-assets/loader.php on line 95
[02-Jun-2026 12:37:39 UTC] PHP Warning:  Undefined array key "version" in /home/alamstor/public_html/wp-content/plugins/elementor/core/page-assets/loader.php on line 95
[02-Jun-2026 12:37:39 UTC] PHP Warning:  Undefined array key "src" in /home/alamstor/public_html/wp-content/plugins/elementor/core/page-assets/loader.php on line 95
[02-Jun-2026 12:37:39 UTC] PHP Warning:  Undefined array key "dependencies" in /home/alamstor/public_html/wp-content/plugins/elementor/core/page-assets/loader.php on line 95
[02-Jun-2026 12:37:39 UTC] PHP Warning:  Undefined array key "version" in /home/alamstor/public_html/wp-content/plugins/elementor/core/page-assets/loader.php on line 95
[02-Jun-2026 12:51:40 UTC] PHP Warning:  Undefined array key "src" in /home/alamstor/public_html/wp-content/plugins/elementor/core/page-assets/loader.php on line 95
[02-Jun-2026 12:51:40 UTC] PHP Warning:  Undefined array key "dependencies" in /home/alamstor/public_html/wp-content/plugins/elementor/core/page-assets/loader.php on line 95
[02-Jun-2026 12:51:40 UTC] PHP Warning:  Undefined array key "version" in /home/alamstor/public_html/wp-content/plugins/elementor/core/page-assets/loader.php on line 95
[02-Jun-2026 12:51:40 UTC] PHP Warning:  Undefined array key "src" in /home/alamstor/public_html/wp-content/plugins/elementor/core/page-assets/loader.php on line 95
[02-Jun-2026 12:51:40 UTC] PHP Warning:  Undefined array key "dependencies" in /home/alamstor/public_html/wp-content/plugins/elementor/core/page-assets/loader.php on line 95
[02-Jun-2026 12:51:40 UTC] PHP Warning:  Undefined array key "version" in /home/alamstor/public_html/wp-content/plugins/elementor/core/page-assets/loader.php on line 95
[02-Jun-2026 12:51:41 UTC] PHP Warning:  Undefined array key "src" in /home/alamstor/public_html/wp-content/plugins/elementor/core/page-assets/loader.php on line 95
[02-Jun-2026 12:51:41 UTC] PHP Warning:  Undefined array key "dependencies" in /home/alamstor/public_html/wp-content/plugins/elementor/core/page-assets/loader.php on line 95
[02-Jun-2026 12:51:41 UTC] PHP Warning:  Undefined array key "version" in /home/alamstor/public_html/wp-content/plugins/elementor/core/page-assets/loader.php on line 95
[02-Jun-2026 12:51:41 UTC] PHP Warning:  Undefined array key "src" in /home/alamstor/public_html/wp-content/plugins/elementor/core/page-assets/loader.php on line 95
[02-Jun-2026 12:51:41 UTC] PHP Warning:  Undefined array key "dependencies" in /home/alamstor/public_html/wp-content/plugins/elementor/core/page-assets/loader.php on line 95
[02-Jun-2026 12:51:41 UTC] PHP Warning:  Undefined array key "version" in /home/alamstor/public_html/wp-content/plugins/elementor/core/page-assets/loader.php on line 95
[02-Jun-2026 13:05:18 UTC] PHP Warning:  Undefined array key "src" in /home/alamstor/public_html/wp-content/plugins/elementor/core/page-assets/loader.php on line 95
[02-Jun-2026 13:05:18 UTC] PHP Warning:  Undefined array key "dependencies" in /home/alamstor/public_html/wp-content/plugins/elementor/core/page-assets/loader.php on line 95
[02-Jun-2026 13:05:18 UTC] PHP Warning:  Undefined array key "version" in /home/alamstor/public_html/wp-content/plugins/elementor/core/page-assets/loader.php on line 95
[02-Jun-2026 13:05:18 UTC] PHP Warning:  Undefined array key "src" in /home/alamstor/public_html/wp-content/plugins/elementor/core/page-assets/loader.php on line 95
[02-Jun-2026 13:05:18 UTC] PHP Warning:  Undefined array key "dependencies" in /home/alamstor/public_html/wp-content/plugins/elementor/core/page-assets/loader.php on line 95
[02-Jun-2026 13:05:18 UTC] PHP Warning:  Undefined array key "version" in /home/alamstor/public_html/wp-content/plugins/elementor/core/page-assets/loader.php on line 95
[02-Jun-2026 13:05:19 UTC] PHP Warning:  Undefined array key "src" in /home/alamstor/public_html/wp-content/plugins/elementor/core/page-assets/loader.php on line 95
[02-Jun-2026 13:05:19 UTC] PHP Warning:  Undefined array key "dependencies" in /home/alamstor/public_html/wp-content/plugins/elementor/core/page-assets/loader.php on line 95
[02-Jun-2026 13:05:19 UTC] PHP Warning:  Undefined array key "version" in /home/alamstor/public_html/wp-content/plugins/elementor/core/page-assets/loader.php on line 95
[02-Jun-2026 13:05:19 UTC] PHP Warning:  Undefined array key "src" in /home/alamstor/public_html/wp-content/plugins/elementor/core/page-assets/loader.php on line 95
[02-Jun-2026 13:05:19 UTC] PHP Warning:  Undefined array key "dependencies" in /home/alamstor/public_html/wp-content/plugins/elementor/core/page-assets/loader.php on line 95
[02-Jun-2026 13:05:19 UTC] PHP Warning:  Undefined array key "version" in /home/alamstor/public_html/wp-content/plugins/elementor/core/page-assets/loader.php on line 95
[02-Jun-2026 13:21:25 UTC] PHP Warning:  Undefined array key "src" in /home/alamstor/public_html/wp-content/plugins/elementor/core/page-assets/loader.php on line 95
[02-Jun-2026 13:21:25 UTC] PHP Warning:  Undefined array key "dependencies" in /home/alamstor/public_html/wp-content/plugins/elementor/core/page-assets/loader.php on line 95
[02-Jun-2026 13:21:25 UTC] PHP Warning:  Undefined array key "version" in /home/alamstor/public_html/wp-content/plugins/elementor/core/page-assets/loader.php on line 95
[02-Jun-2026 13:21:25 UTC] PHP Warning:  Undefined array key "src" in /home/alamstor/public_html/wp-content/plugins/elementor/core/page-assets/loader.php on line 95
[02-Jun-2026 13:21:25 UTC] PHP Warning:  Undefined array key "dependencies" in /home/alamstor/public_html/wp-content/plugins/elementor/core/page-assets/loader.php on line 95
[02-Jun-2026 13:21:25 UTC] PHP Warning:  Undefined array key "version" in /home/alamstor/public_html/wp-content/plugins/elementor/core/page-assets/loader.php on line 95
[02-Jun-2026 13:21:26 UTC] PHP Warning:  Undefined array key "src" in /home/alamstor/public_html/wp-content/plugins/elementor/core/page-assets/loader.php on line 95
[02-Jun-2026 13:21:26 UTC] PHP Warning:  Undefined array key "dependencies" in /home/alamstor/public_html/wp-content/plugins/elementor/core/page-assets/loader.php on line 95
[02-Jun-2026 13:21:26 UTC] PHP Warning:  Undefined array key "version" in /home/alamstor/public_html/wp-content/plugins/elementor/core/page-assets/loader.php on line 95
[02-Jun-2026 13:21:26 UTC] PHP Warning:  Undefined array key "src" in /home/alamstor/public_html/wp-content/plugins/elementor/core/page-assets/loader.php on line 95
[02-Jun-2026 13:21:26 UTC] PHP Warning:  Undefined array key "dependencies" in /home/alamstor/public_html/wp-content/plugins/elementor/core/page-assets/loader.php on line 95
[02-Jun-2026 13:21:26 UTC] PHP Warning:  Undefined array key "version" in /home/alamstor/public_html/wp-content/plugins/elementor/core/page-assets/loader.php on line 95
[02-Jun-2026 13:21:28 UTC] PHP Warning:  Undefined array key "src" in /home/alamstor/public_html/wp-content/plugins/elementor/core/page-assets/loader.php on line 95
[02-Jun-2026 13:21:28 UTC] PHP Warning:  Undefined array key "dependencies" in /home/alamstor/public_html/wp-content/plugins/elementor/core/page-assets/loader.php on line 95
[02-Jun-2026 13:21:28 UTC] PHP Warning:  Undefined array key "version" in /home/alamstor/public_html/wp-content/plugins/elementor/core/page-assets/loader.php on line 95
[02-Jun-2026 13:21:28 UTC] PHP Warning:  Undefined array key "src" in /home/alamstor/public_html/wp-content/plugins/elementor/core/page-assets/loader.php on line 95
[02-Jun-2026 13:21:28 UTC] PHP Warning:  Undefined array key "dependencies" in /home/alamstor/public_html/wp-content/plugins/elementor/core/page-assets/loader.php on line 95
[02-Jun-2026 13:21:28 UTC] PHP Warning:  Undefined array key "version" in /home/alamstor/public_html/wp-content/plugins/elementor/core/page-assets/loader.php on line 95
[02-Jun-2026 13:21:33 UTC] PHP Warning:  Undefined array key "src" in /home/alamstor/public_html/wp-content/plugins/elementor/core/page-assets/loader.php on line 95
[02-Jun-2026 13:21:33 UTC] PHP Warning:  Undefined array key "dependencies" in /home/alamstor/public_html/wp-content/plugins/elementor/core/page-assets/loader.php on line 95
[02-Jun-2026 13:21:33 UTC] PHP Warning:  Undefined array key "version" in /home/alamstor/public_html/wp-content/plugins/elementor/core/page-assets/loader.php on line 95
[02-Jun-2026 13:21:33 UTC] PHP Warning:  Undefined array key "src" in /home/alamstor/public_html/wp-content/plugins/elementor/core/page-assets/loader.php on line 95
[02-Jun-2026 13:21:33 UTC] PHP Warning:  Undefined array key "dependencies" in /home/alamstor/public_html/wp-content/plugins/elementor/core/page-assets/loader.php on line 95
[02-Jun-2026 13:21:33 UTC] PHP Warning:  Undefined array key "version" in /home/alamstor/public_html/wp-content/plugins/elementor/core/page-assets/loader.php on line 95
[02-Jun-2026 13:21:33 UTC] PHP Warning:  Undefined array key "src" in /home/alamstor/public_html/wp-content/plugins/elementor/core/page-assets/loader.php on line 95
[02-Jun-2026 13:21:33 UTC] PHP Warning:  Undefined array key "dependencies" in /home/alamstor/public_html/wp-content/plugins/elementor/core/page-assets/loader.php on line 95
[02-Jun-2026 13:21:33 UTC] PHP Warning:  Undefined array key "version" in /home/alamstor/public_html/wp-content/plugins/elementor/core/page-assets/loader.php on line 95
[02-Jun-2026 13:21:33 UTC] PHP Warning:  Undefined array key "src" in /home/alamstor/public_html/wp-content/plugins/elementor/core/page-assets/loader.php on line 95
[02-Jun-2026 13:21:33 UTC] PHP Warning:  Undefined array key "dependencies" in /home/alamstor/public_html/wp-content/plugins/elementor/core/page-assets/loader.php on line 95
[02-Jun-2026 13:21:33 UTC] PHP Warning:  Undefined array key "version" in /home/alamstor/public_html/wp-content/plugins/elementor/core/page-assets/loader.php on line 95
[02-Jun-2026 13:21:40 UTC] PHP Warning:  Undefined array key "src" in /home/alamstor/public_html/wp-content/plugins/elementor/core/page-assets/loader.php on line 95
[02-Jun-2026 13:21:40 UTC] PHP Warning:  Undefined array key "dependencies" in /home/alamstor/public_html/wp-content/plugins/elementor/core/page-assets/loader.php on line 95
[02-Jun-2026 13:21:40 UTC] PHP Warning:  Undefined array key "version" in /home/alamstor/public_html/wp-content/plugins/elementor/core/page-assets/loader.php on line 95
[02-Jun-2026 13:21:40 UTC] PHP Warning:  Undefined array key "src" in /home/alamstor/public_html/wp-content/plugins/elementor/core/page-assets/loader.php on line 95
[02-Jun-2026 13:21:40 UTC] PHP Warning:  Undefined array key "dependencies" in /home/alamstor/public_html/wp-content/plugins/elementor/core/page-assets/loader.php on line 95
[02-Jun-2026 13:21:40 UTC] PHP Warning:  Undefined array key "version" in /home/alamstor/public_html/wp-content/plugins/elementor/core/page-assets/loader.php on line 95
[02-Jun-2026 13:21:45 UTC] PHP Warning:  Undefined array key "src" in /home/alamstor/public_html/wp-content/plugins/elementor/core/page-assets/loader.php on line 95
[02-Jun-2026 13:21:45 UTC] PHP Warning:  Undefined array key "dependencies" in /home/alamstor/public_html/wp-content/plugins/elementor/core/page-assets/loader.php on line 95
[02-Jun-2026 13:21:45 UTC] PHP Warning:  Undefined array key "version" in /home/alamstor/public_html/wp-content/plugins/elementor/core/page-assets/loader.php on line 95
[02-Jun-2026 13:21:45 UTC] PHP Warning:  Undefined array key "src" in /home/alamstor/public_html/wp-content/plugins/elementor/core/page-assets/loader.php on line 95
[02-Jun-2026 13:21:45 UTC] PHP Warning:  Undefined array key "dependencies" in /home/alamstor/public_html/wp-content/plugins/elementor/core/page-assets/loader.php on line 95
[02-Jun-2026 13:21:45 UTC] PHP Warning:  Undefined array key "version" in /home/alamstor/public_html/wp-content/plugins/elementor/core/page-assets/loader.php on line 95
[02-Jun-2026 13:21:46 UTC] PHP Warning:  Undefined array key "src" in /home/alamstor/public_html/wp-content/plugins/elementor/core/page-assets/loader.php on line 95
[02-Jun-2026 13:21:46 UTC] PHP Warning:  Undefined array key "dependencies" in /home/alamstor/public_html/wp-content/plugins/elementor/core/page-assets/loader.php on line 95
[02-Jun-2026 13:21:46 UTC] PHP Warning:  Undefined array key "version" in /home/alamstor/public_html/wp-content/plugins/elementor/core/page-assets/loader.php on line 95
[02-Jun-2026 13:21:46 UTC] PHP Warning:  Undefined array key "src" in /home/alamstor/public_html/wp-content/plugins/elementor/core/page-assets/loader.php on line 95
[02-Jun-2026 13:21:46 UTC] PHP Warning:  Undefined array key "dependencies" in /home/alamstor/public_html/wp-content/plugins/elementor/core/page-assets/loader.php on line 95
[02-Jun-2026 13:21:46 UTC] PHP Warning:  Undefined array key "version" in /home/alamstor/public_html/wp-content/plugins/elementor/core/page-assets/loader.php on line 95
[02-Jun-2026 13:21:56 UTC] PHP Warning:  Undefined array key "src" in /home/alamstor/public_html/wp-content/plugins/elementor/core/page-assets/loader.php on line 95
[02-Jun-2026 13:21:56 UTC] PHP Warning:  Undefined array key "dependencies" in /home/alamstor/public_html/wp-content/plugins/elementor/core/page-assets/loader.php on line 95
[02-Jun-2026 13:21:56 UTC] PHP Warning:  Undefined array key "version" in /home/alamstor/public_html/wp-content/plugins/elementor/core/page-assets/loader.php on line 95
[02-Jun-2026 13:21:56 UTC] PHP Warning:  Undefined array key "src" in /home/alamstor/public_html/wp-content/plugins/elementor/core/page-assets/loader.php on line 95
[02-Jun-2026 13:21:56 UTC] PHP Warning:  Undefined array key "dependencies" in /home/alamstor/public_html/wp-content/plugins/elementor/core/page-assets/loader.php on line 95
[02-Jun-2026 13:21:56 UTC] PHP Warning:  Undefined array key "version" in /home/alamstor/public_html/wp-content/plugins/elementor/core/page-assets/loader.php on line 95
[02-Jun-2026 13:22:22 UTC] PHP Warning:  Undefined array key "src" in /home/alamstor/public_html/wp-content/plugins/elementor/core/page-assets/loader.php on line 95
[02-Jun-2026 13:22:22 UTC] PHP Warning:  Undefined array key "dependencies" in /home/alamstor/public_html/wp-content/plugins/elementor/core/page-assets/loader.php on line 95
[02-Jun-2026 13:22:22 UTC] PHP Warning:  Undefined array key "version" in /home/alamstor/public_html/wp-content/plugins/elementor/core/page-assets/loader.php on line 95
[02-Jun-2026 13:22:22 UTC] PHP Warning:  Undefined array key "src" in /home/alamstor/public_html/wp-content/plugins/elementor/core/page-assets/loader.php on line 95
[02-Jun-2026 13:22:22 UTC] PHP Warning:  Undefined array key "dependencies" in /home/alamstor/public_html/wp-content/plugins/elementor/core/page-assets/loader.php on line 95
[02-Jun-2026 13:22:22 UTC] PHP Warning:  Undefined array key "version" in /home/alamstor/public_html/wp-content/plugins/elementor/core/page-assets/loader.php on line 95
[02-Jun-2026 13:22:23 UTC] PHP Warning:  Undefined array key "src" in /home/alamstor/public_html/wp-content/plugins/elementor/core/page-assets/loader.php on line 95
[02-Jun-2026 13:22:23 UTC] PHP Warning:  Undefined array key "dependencies" in /home/alamstor/public_html/wp-content/plugins/elementor/core/page-assets/loader.php on line 95
[02-Jun-2026 13:22:23 UTC] PHP Warning:  Undefined array key "version" in /home/alamstor/public_html/wp-content/plugins/elementor/core/page-assets/loader.php on line 95
[02-Jun-2026 13:22:23 UTC] PHP Warning:  Undefined array key "src" in /home/alamstor/public_html/wp-content/plugins/elementor/core/page-assets/loader.php on line 95
[02-Jun-2026 13:22:23 UTC] PHP Warning:  Undefined array key "dependencies" in /home/alamstor/public_html/wp-content/plugins/elementor/core/page-assets/loader.php on line 95
[02-Jun-2026 13:22:23 UTC] PHP Warning:  Undefined array key "version" in /home/alamstor/public_html/wp-content/plugins/elementor/core/page-assets/loader.php on line 95
[02-Jun-2026 13:22:57 UTC] PHP Warning:  Undefined array key "src" in /home/alamstor/public_html/wp-content/plugins/elementor/core/page-assets/loader.php on line 95
[02-Jun-2026 13:22:57 UTC] PHP Warning:  Undefined array key "dependencies" in /home/alamstor/public_html/wp-content/plugins/elementor/core/page-assets/loader.php on line 95
[02-Jun-2026 13:22:57 UTC] PHP Warning:  Undefined array key "version" in /home/alamstor/public_html/wp-content/plugins/elementor/core/page-assets/loader.php on line 95
[02-Jun-2026 13:22:57 UTC] PHP Warning:  Undefined array key "src" in /home/alamstor/public_html/wp-content/plugins/elementor/core/page-assets/loader.php on line 95
[02-Jun-2026 13:22:57 UTC] PHP Warning:  Undefined array key "dependencies" in /home/alamstor/public_html/wp-content/plugins/elementor/core/page-assets/loader.php on line 95
[02-Jun-2026 13:22:57 UTC] PHP Warning:  Undefined array key "version" in /home/alamstor/public_html/wp-content/plugins/elementor/core/page-assets/loader.php on line 95
[02-Jun-2026 13:22:57 UTC] PHP Warning:  Undefined array key "src" in /home/alamstor/public_html/wp-content/plugins/elementor/core/page-assets/loader.php on line 95
[02-Jun-2026 13:22:57 UTC] PHP Warning:  Undefined array key "dependencies" in /home/alamstor/public_html/wp-content/plugins/elementor/core/page-assets/loader.php on line 95
[02-Jun-2026 13:22:57 UTC] PHP Warning:  Undefined array key "version" in /home/alamstor/public_html/wp-content/plugins/elementor/core/page-assets/loader.php on line 95
[02-Jun-2026 13:22:57 UTC] PHP Warning:  Undefined array key "src" in /home/alamstor/public_html/wp-content/plugins/elementor/core/page-assets/loader.php on line 95
[02-Jun-2026 13:22:57 UTC] PHP Warning:  Undefined array key "dependencies" in /home/alamstor/public_html/wp-content/plugins/elementor/core/page-assets/loader.php on line 95
[02-Jun-2026 13:22:57 UTC] PHP Warning:  Undefined array key "version" in /home/alamstor/public_html/wp-content/plugins/elementor/core/page-assets/loader.php on line 95
[02-Jun-2026 13:23:08 UTC] PHP Warning:  Undefined array key "src" in /home/alamstor/public_html/wp-content/plugins/elementor/core/page-assets/loader.php on line 95
[02-Jun-2026 13:23:08 UTC] PHP Warning:  Undefined array key "dependencies" in /home/alamstor/public_html/wp-content/plugins/elementor/core/page-assets/loader.php on line 95
[02-Jun-2026 13:23:08 UTC] PHP Warning:  Undefined array key "version" in /home/alamstor/public_html/wp-content/plugins/elementor/core/page-assets/loader.php on line 95
[02-Jun-2026 13:23:08 UTC] PHP Warning:  Undefined array key "src" in /home/alamstor/public_html/wp-content/plugins/elementor/core/page-assets/loader.php on line 95
[02-Jun-2026 13:23:08 UTC] PHP Warning:  Undefined array key "dependencies" in /home/alamstor/public_html/wp-content/plugins/elementor/core/page-assets/loader.php on line 95
[02-Jun-2026 13:23:08 UTC] PHP Warning:  Undefined array key "version" in /home/alamstor/public_html/wp-content/plugins/elementor/core/page-assets/loader.php on line 95
[02-Jun-2026 13:24:42 UTC] PHP Warning:  Undefined array key "src" in /home/alamstor/public_html/wp-content/plugins/elementor/core/page-assets/loader.php on line 95
[02-Jun-2026 13:24:42 UTC] PHP Warning:  Undefined array key "dependencies" in /home/alamstor/public_html/wp-content/plugins/elementor/core/page-assets/loader.php on line 95
[02-Jun-2026 13:24:42 UTC] PHP Warning:  Undefined array key "version" in /home/alamstor/public_html/wp-content/plugins/elementor/core/page-assets/loader.php on line 95
[02-Jun-2026 13:24:42 UTC] PHP Warning:  Undefined array key "src" in /home/alamstor/public_html/wp-content/plugins/elementor/core/page-assets/loader.php on line 95
[02-Jun-2026 13:24:42 UTC] PHP Warning:  Undefined array key "dependencies" in /home/alamstor/public_html/wp-content/plugins/elementor/core/page-assets/loader.php on line 95
[02-Jun-2026 13:24:42 UTC] PHP Warning:  Undefined array key "version" in /home/alamstor/public_html/wp-content/plugins/elementor/core/page-assets/loader.php on line 95
[02-Jun-2026 13:24:44 UTC] PHP Warning:  Undefined array key "src" in /home/alamstor/public_html/wp-content/plugins/elementor/core/page-assets/loader.php on line 95
[02-Jun-2026 13:24:44 UTC] PHP Warning:  Undefined array key "dependencies" in /home/alamstor/public_html/wp-content/plugins/elementor/core/page-assets/loader.php on line 95
[02-Jun-2026 13:24:44 UTC] PHP Warning:  Undefined array key "version" in /home/alamstor/public_html/wp-content/plugins/elementor/core/page-assets/loader.php on line 95
[02-Jun-2026 13:24:44 UTC] PHP Warning:  Undefined array key "src" in /home/alamstor/public_html/wp-content/plugins/elementor/core/page-assets/loader.php on line 95
[02-Jun-2026 13:24:44 UTC] PHP Warning:  Undefined array key "dependencies" in /home/alamstor/public_html/wp-content/plugins/elementor/core/page-assets/loader.php on line 95
[02-Jun-2026 13:24:44 UTC] PHP Warning:  Undefined array key "version" in /home/alamstor/public_html/wp-content/plugins/elementor/core/page-assets/loader.php on line 95
[02-Jun-2026 13:24:49 UTC] PHP Warning:  Undefined array key "src" in /home/alamstor/public_html/wp-content/plugins/elementor/core/page-assets/loader.php on line 95
[02-Jun-2026 13:24:49 UTC] PHP Warning:  Undefined array key "dependencies" in /home/alamstor/public_html/wp-content/plugins/elementor/core/page-assets/loader.php on line 95
[02-Jun-2026 13:24:49 UTC] PHP Warning:  Undefined array key "version" in /home/alamstor/public_html/wp-content/plugins/elementor/core/page-assets/loader.php on line 95
[02-Jun-2026 13:24:49 UTC] PHP Warning:  Undefined array key "src" in /home/alamstor/public_html/wp-content/plugins/elementor/core/page-assets/loader.php on line 95
[02-Jun-2026 13:24:49 UTC] PHP Warning:  Undefined array key "dependencies" in /home/alamstor/public_html/wp-content/plugins/elementor/core/page-assets/loader.php on line 95
[02-Jun-2026 13:24:49 UTC] PHP Warning:  Undefined array key "version" in /home/alamstor/public_html/wp-content/plugins/elementor/core/page-assets/loader.php on line 95
[02-Jun-2026 13:24:50 UTC] PHP Warning:  Undefined array key "src" in /home/alamstor/public_html/wp-content/plugins/elementor/core/page-assets/loader.php on line 95
[02-Jun-2026 13:24:50 UTC] PHP Warning:  Undefined array key "dependencies" in /home/alamstor/public_html/wp-content/plugins/elementor/core/page-assets/loader.php on line 95
[02-Jun-2026 13:24:50 UTC] PHP Warning:  Undefined array key "version" in /home/alamstor/public_html/wp-content/plugins/elementor/core/page-assets/loader.php on line 95
[02-Jun-2026 13:24:50 UTC] PHP Warning:  Undefined array key "src" in /home/alamstor/public_html/wp-content/plugins/elementor/core/page-assets/loader.php on line 95
[02-Jun-2026 13:24:50 UTC] PHP Warning:  Undefined array key "dependencies" in /home/alamstor/public_html/wp-content/plugins/elementor/core/page-assets/loader.php on line 95
[02-Jun-2026 13:24:50 UTC] PHP Warning:  Undefined array key "version" in /home/alamstor/public_html/wp-content/plugins/elementor/core/page-assets/loader.php on line 95
[02-Jun-2026 13:25:04 UTC] PHP Warning:  Undefined array key "src" in /home/alamstor/public_html/wp-content/plugins/elementor/core/page-assets/loader.php on line 95
[02-Jun-2026 13:25:04 UTC] PHP Warning:  Undefined array key "dependencies" in /home/alamstor/public_html/wp-content/plugins/elementor/core/page-assets/loader.php on line 95
[02-Jun-2026 13:25:04 UTC] PHP Warning:  Undefined array key "version" in /home/alamstor/public_html/wp-content/plugins/elementor/core/page-assets/loader.php on line 95
[02-Jun-2026 13:25:04 UTC] PHP Warning:  Undefined array key "src" in /home/alamstor/public_html/wp-content/plugins/elementor/core/page-assets/loader.php on line 95
[02-Jun-2026 13:25:04 UTC] PHP Warning:  Undefined array key "dependencies" in /home/alamstor/public_html/wp-content/plugins/elementor/core/page-assets/loader.php on line 95
[02-Jun-2026 13:25:04 UTC] PHP Warning:  Undefined array key "version" in /home/alamstor/public_html/wp-content/plugins/elementor/core/page-assets/loader.php on line 95
[02-Jun-2026 13:25:04 UTC] PHP Warning:  Undefined array key "src" in /home/alamstor/public_html/wp-content/plugins/elementor/core/page-assets/loader.php on line 95
[02-Jun-2026 13:25:04 UTC] PHP Warning:  Undefined array key "dependencies" in /home/alamstor/public_html/wp-content/plugins/elementor/core/page-assets/loader.php on line 95
[02-Jun-2026 13:25:04 UTC] PHP Warning:  Undefined array key "version" in /home/alamstor/public_html/wp-content/plugins/elementor/core/page-assets/loader.php on line 95
[02-Jun-2026 13:25:04 UTC] PHP Warning:  Undefined array key "src" in /home/alamstor/public_html/wp-content/plugins/elementor/core/page-assets/loader.php on line 95
[02-Jun-2026 13:25:04 UTC] PHP Warning:  Undefined array key "dependencies" in /home/alamstor/public_html/wp-content/plugins/elementor/core/page-assets/loader.php on line 95
[02-Jun-2026 13:25:04 UTC] PHP Warning:  Undefined array key "version" in /home/alamstor/public_html/wp-content/plugins/elementor/core/page-assets/loader.php on line 95
[02-Jun-2026 13:25:17 UTC] PHP Warning:  Undefined array key "src" in /home/alamstor/public_html/wp-content/plugins/elementor/core/page-assets/loader.php on line 95
[02-Jun-2026 13:25:17 UTC] PHP Warning:  Undefined array key "dependencies" in /home/alamstor/public_html/wp-content/plugins/elementor/core/page-assets/loader.php on line 95
[02-Jun-2026 13:25:17 UTC] PHP Warning:  Undefined array key "version" in /home/alamstor/public_html/wp-content/plugins/elementor/core/page-assets/loader.php on line 95
[02-Jun-2026 13:25:17 UTC] PHP Warning:  Undefined array key "src" in /home/alamstor/public_html/wp-content/plugins/elementor/core/page-assets/loader.php on line 95
[02-Jun-2026 13:25:17 UTC] PHP Warning:  Undefined array key "dependencies" in /home/alamstor/public_html/wp-content/plugins/elementor/core/page-assets/loader.php on line 95
[02-Jun-2026 13:25:17 UTC] PHP Warning:  Undefined array key "version" in /home/alamstor/public_html/wp-content/plugins/elementor/core/page-assets/loader.php on line 95
[02-Jun-2026 13:25:18 UTC] PHP Warning:  Undefined array key "src" in /home/alamstor/public_html/wp-content/plugins/elementor/core/page-assets/loader.php on line 95
[02-Jun-2026 13:25:18 UTC] PHP Warning:  Undefined array key "dependencies" in /home/alamstor/public_html/wp-content/plugins/elementor/core/page-assets/loader.php on line 95
[02-Jun-2026 13:25:18 UTC] PHP Warning:  Undefined array key "version" in /home/alamstor/public_html/wp-content/plugins/elementor/core/page-assets/loader.php on line 95
[02-Jun-2026 13:25:18 UTC] PHP Warning:  Undefined array key "src" in /home/alamstor/public_html/wp-content/plugins/elementor/core/page-assets/loader.php on line 95
[02-Jun-2026 13:25:18 UTC] PHP Warning:  Undefined array key "dependencies" in /home/alamstor/public_html/wp-content/plugins/elementor/core/page-assets/loader.php on line 95
[02-Jun-2026 13:25:18 UTC] PHP Warning:  Undefined array key "version" in /home/alamstor/public_html/wp-content/plugins/elementor/core/page-assets/loader.php on line 95
[02-Jun-2026 13:25:29 UTC] PHP Warning:  Undefined array key "src" in /home/alamstor/public_html/wp-content/plugins/elementor/core/page-assets/loader.php on line 95
[02-Jun-2026 13:25:29 UTC] PHP Warning:  Undefined array key "dependencies" in /home/alamstor/public_html/wp-content/plugins/elementor/core/page-assets/loader.php on line 95
[02-Jun-2026 13:25:29 UTC] PHP Warning:  Undefined array key "version" in /home/alamstor/public_html/wp-content/plugins/elementor/core/page-assets/loader.php on line 95
[02-Jun-2026 13:25:29 UTC] PHP Warning:  Undefined array key "src" in /home/alamstor/public_html/wp-content/plugins/elementor/core/page-assets/loader.php on line 95
[02-Jun-2026 13:25:29 UTC] PHP Warning:  Undefined array key "dependencies" in /home/alamstor/public_html/wp-content/plugins/elementor/core/page-assets/loader.php on line 95
[02-Jun-2026 13:25:29 UTC] PHP Warning:  Undefined array key "version" in /home/alamstor/public_html/wp-content/plugins/elementor/core/page-assets/loader.php on line 95
[02-Jun-2026 13:25:39 UTC] PHP Warning:  Undefined array key "src" in /home/alamstor/public_html/wp-content/plugins/elementor/core/page-assets/loader.php on line 95
[02-Jun-2026 13:25:39 UTC] PHP Warning:  Undefined array key "dependencies" in /home/alamstor/public_html/wp-content/plugins/elementor/core/page-assets/loader.php on line 95
[02-Jun-2026 13:25:39 UTC] PHP Warning:  Undefined array key "version" in /home/alamstor/public_html/wp-content/plugins/elementor/core/page-assets/loader.php on line 95
[02-Jun-2026 13:25:39 UTC] PHP Warning:  Undefined array key "src" in /home/alamstor/public_html/wp-content/plugins/elementor/core/page-assets/loader.php on line 95
[02-Jun-2026 13:25:39 UTC] PHP Warning:  Undefined array key "dependencies" in /home/alamstor/public_html/wp-content/plugins/elementor/core/page-assets/loader.php on line 95
[02-Jun-2026 13:25:39 UTC] PHP Warning:  Undefined array key "version" in /home/alamstor/public_html/wp-content/plugins/elementor/core/page-assets/loader.php on line 95
[02-Jun-2026 13:25:40 UTC] PHP Warning:  Undefined array key "src" in /home/alamstor/public_html/wp-content/plugins/elementor/core/page-assets/loader.php on line 95
[02-Jun-2026 13:25:40 UTC] PHP Warning:  Undefined array key "dependencies" in /home/alamstor/public_html/wp-content/plugins/elementor/core/page-assets/loader.php on line 95
[02-Jun-2026 13:25:40 UTC] PHP Warning:  Undefined array key "version" in /home/alamstor/public_html/wp-content/plugins/elementor/core/page-assets/loader.php on line 95
[02-Jun-2026 13:25:40 UTC] PHP Warning:  Undefined array key "src" in /home/alamstor/public_html/wp-content/plugins/elementor/core/page-assets/loader.php on line 95
[02-Jun-2026 13:25:40 UTC] PHP Warning:  Undefined array key "dependencies" in /home/alamstor/public_html/wp-content/plugins/elementor/core/page-assets/loader.php on line 95
[02-Jun-2026 13:25:40 UTC] PHP Warning:  Undefined array key "version" in /home/alamstor/public_html/wp-content/plugins/elementor/core/page-assets/loader.php on line 95
[02-Jun-2026 13:25:46 UTC] PHP Warning:  Undefined array key "src" in /home/alamstor/public_html/wp-content/plugins/elementor/core/page-assets/loader.php on line 95
[02-Jun-2026 13:25:46 UTC] PHP Warning:  Undefined array key "dependencies" in /home/alamstor/public_html/wp-content/plugins/elementor/core/page-assets/loader.php on line 95
[02-Jun-2026 13:25:46 UTC] PHP Warning:  Undefined array key "version" in /home/alamstor/public_html/wp-content/plugins/elementor/core/page-assets/loader.php on line 95
[02-Jun-2026 13:25:46 UTC] PHP Warning:  Undefined array key "src" in /home/alamstor/public_html/wp-content/plugins/elementor/core/page-assets/loader.php on line 95
[02-Jun-2026 13:25:46 UTC] PHP Warning:  Undefined array key "dependencies" in /home/alamstor/public_html/wp-content/plugins/elementor/core/page-assets/loader.php on line 95
[02-Jun-2026 13:25:46 UTC] PHP Warning:  Undefined array key "version" in /home/alamstor/public_html/wp-content/plugins/elementor/core/page-assets/loader.php on line 95
[02-Jun-2026 13:25:46 UTC] PHP Warning:  Undefined array key "src" in /home/alamstor/public_html/wp-content/plugins/elementor/core/page-assets/loader.php on line 95
[02-Jun-2026 13:25:46 UTC] PHP Warning:  Undefined array key "dependencies" in /home/alamstor/public_html/wp-content/plugins/elementor/core/page-assets/loader.php on line 95
[02-Jun-2026 13:25:46 UTC] PHP Warning:  Undefined array key "version" in /home/alamstor/public_html/wp-content/plugins/elementor/core/page-assets/loader.php on line 95
[02-Jun-2026 13:25:46 UTC] PHP Warning:  Undefined array key "src" in /home/alamstor/public_html/wp-content/plugins/elementor/core/page-assets/loader.php on line 95
[02-Jun-2026 13:25:46 UTC] PHP Warning:  Undefined array key "dependencies" in /home/alamstor/public_html/wp-content/plugins/elementor/core/page-assets/loader.php on line 95
[02-Jun-2026 13:25:46 UTC] PHP Warning:  Undefined array key "version" in /home/alamstor/public_html/wp-content/plugins/elementor/core/page-assets/loader.php on line 95
[02-Jun-2026 13:25:54 UTC] PHP Warning:  Undefined array key "src" in /home/alamstor/public_html/wp-content/plugins/elementor/core/page-assets/loader.php on line 95
[02-Jun-2026 13:25:54 UTC] PHP Warning:  Undefined array key "dependencies" in /home/alamstor/public_html/wp-content/plugins/elementor/core/page-assets/loader.php on line 95
[02-Jun-2026 13:25:54 UTC] PHP Warning:  Undefined array key "version" in /home/alamstor/public_html/wp-content/plugins/elementor/core/page-assets/loader.php on line 95
[02-Jun-2026 13:25:54 UTC] PHP Warning:  Undefined array key "src" in /home/alamstor/public_html/wp-content/plugins/elementor/core/page-assets/loader.php on line 95
[02-Jun-2026 13:25:54 UTC] PHP Warning:  Undefined array key "dependencies" in /home/alamstor/public_html/wp-content/plugins/elementor/core/page-assets/loader.php on line 95
[02-Jun-2026 13:25:54 UTC] PHP Warning:  Undefined array key "version" in /home/alamstor/public_html/wp-content/plugins/elementor/core/page-assets/loader.php on line 95
[02-Jun-2026 13:25:54 UTC] PHP Warning:  Undefined array key "src" in /home/alamstor/public_html/wp-content/plugins/elementor/core/page-assets/loader.php on line 95
[02-Jun-2026 13:25:54 UTC] PHP Warning:  Undefined array key "dependencies" in /home/alamstor/public_html/wp-content/plugins/elementor/core/page-assets/loader.php on line 95
[02-Jun-2026 13:25:54 UTC] PHP Warning:  Undefined array key "version" in /home/alamstor/public_html/wp-content/plugins/elementor/core/page-assets/loader.php on line 95
[02-Jun-2026 13:25:54 UTC] PHP Warning:  Undefined array key "src" in /home/alamstor/public_html/wp-content/plugins/elementor/core/page-assets/loader.php on line 95
[02-Jun-2026 13:25:54 UTC] PHP Warning:  Undefined array key "dependencies" in /home/alamstor/public_html/wp-content/plugins/elementor/core/page-assets/loader.php on line 95
[02-Jun-2026 13:25:54 UTC] PHP Warning:  Undefined array key "version" in /home/alamstor/public_html/wp-content/plugins/elementor/core/page-assets/loader.php on line 95
[02-Jun-2026 13:26:05 UTC] PHP Warning:  Undefined array key "src" in /home/alamstor/public_html/wp-content/plugins/elementor/core/page-assets/loader.php on line 95
[02-Jun-2026 13:26:05 UTC] PHP Warning:  Undefined array key "dependencies" in /home/alamstor/public_html/wp-content/plugins/elementor/core/page-assets/loader.php on line 95
[02-Jun-2026 13:26:05 UTC] PHP Warning:  Undefined array key "version" in /home/alamstor/public_html/wp-content/plugins/elementor/core/page-assets/loader.php on line 95
[02-Jun-2026 13:26:05 UTC] PHP Warning:  Undefined array key "src" in /home/alamstor/public_html/wp-content/plugins/elementor/core/page-assets/loader.php on line 95
[02-Jun-2026 13:26:05 UTC] PHP Warning:  Undefined array key "dependencies" in /home/alamstor/public_html/wp-content/plugins/elementor/core/page-assets/loader.php on line 95
[02-Jun-2026 13:26:05 UTC] PHP Warning:  Undefined array key "version" in /home/alamstor/public_html/wp-content/plugins/elementor/core/page-assets/loader.php on line 95
[02-Jun-2026 13:26:06 UTC] PHP Warning:  Undefined array key "src" in /home/alamstor/public_html/wp-content/plugins/elementor/core/page-assets/loader.php on line 95
[02-Jun-2026 13:26:06 UTC] PHP Warning:  Undefined array key "dependencies" in /home/alamstor/public_html/wp-content/plugins/elementor/core/page-assets/loader.php on line 95
[02-Jun-2026 13:26:06 UTC] PHP Warning:  Undefined array key "version" in /home/alamstor/public_html/wp-content/plugins/elementor/core/page-assets/loader.php on line 95
[02-Jun-2026 13:26:06 UTC] PHP Warning:  Undefined array key "src" in /home/alamstor/public_html/wp-content/plugins/elementor/core/page-assets/loader.php on line 95
[02-Jun-2026 13:26:06 UTC] PHP Warning:  Undefined array key "dependencies" in /home/alamstor/public_html/wp-content/plugins/elementor/core/page-assets/loader.php on line 95
[02-Jun-2026 13:26:06 UTC] PHP Warning:  Undefined array key "version" in /home/alamstor/public_html/wp-content/plugins/elementor/core/page-assets/loader.php on line 95
[02-Jun-2026 13:26:14 UTC] PHP Warning:  Undefined array key "src" in /home/alamstor/public_html/wp-content/plugins/elementor/core/page-assets/loader.php on line 95
[02-Jun-2026 13:26:14 UTC] PHP Warning:  Undefined array key "dependencies" in /home/alamstor/public_html/wp-content/plugins/elementor/core/page-assets/loader.php on line 95
[02-Jun-2026 13:26:14 UTC] PHP Warning:  Undefined array key "version" in /home/alamstor/public_html/wp-content/plugins/elementor/core/page-assets/loader.php on line 95
[02-Jun-2026 13:26:14 UTC] PHP Warning:  Undefined array key "src" in /home/alamstor/public_html/wp-content/plugins/elementor/core/page-assets/loader.php on line 95
[02-Jun-2026 13:26:14 UTC] PHP Warning:  Undefined array key "dependencies" in /home/alamstor/public_html/wp-content/plugins/elementor/core/page-assets/loader.php on line 95
[02-Jun-2026 13:26:14 UTC] PHP Warning:  Undefined array key "version" in /home/alamstor/public_html/wp-content/plugins/elementor/core/page-assets/loader.php on line 95
[02-Jun-2026 13:26:14 UTC] PHP Warning:  Undefined array key "src" in /home/alamstor/public_html/wp-content/plugins/elementor/core/page-assets/loader.php on line 95
[02-Jun-2026 13:26:14 UTC] PHP Warning:  Undefined array key "dependencies" in /home/alamstor/public_html/wp-content/plugins/elementor/core/page-assets/loader.php on line 95
[02-Jun-2026 13:26:14 UTC] PHP Warning:  Undefined array key "version" in /home/alamstor/public_html/wp-content/plugins/elementor/core/page-assets/loader.php on line 95
[02-Jun-2026 13:26:14 UTC] PHP Warning:  Undefined array key "src" in /home/alamstor/public_html/wp-content/plugins/elementor/core/page-assets/loader.php on line 95
[02-Jun-2026 13:26:14 UTC] PHP Warning:  Undefined array key "dependencies" in /home/alamstor/public_html/wp-content/plugins/elementor/core/page-assets/loader.php on line 95
[02-Jun-2026 13:26:14 UTC] PHP Warning:  Undefined array key "version" in /home/alamstor/public_html/wp-content/plugins/elementor/core/page-assets/loader.php on line 95
[02-Jun-2026 13:26:19 UTC] PHP Warning:  Undefined array key "src" in /home/alamstor/public_html/wp-content/plugins/elementor/core/page-assets/loader.php on line 95
[02-Jun-2026 13:26:19 UTC] PHP Warning:  Undefined array key "dependencies" in /home/alamstor/public_html/wp-content/plugins/elementor/core/page-assets/loader.php on line 95
[02-Jun-2026 13:26:19 UTC] PHP Warning:  Undefined array key "version" in /home/alamstor/public_html/wp-content/plugins/elementor/core/page-assets/loader.php on line 95
[02-Jun-2026 13:26:19 UTC] PHP Warning:  Undefined array key "src" in /home/alamstor/public_html/wp-content/plugins/elementor/core/page-assets/loader.php on line 95
[02-Jun-2026 13:26:19 UTC] PHP Warning:  Undefined array key "dependencies" in /home/alamstor/public_html/wp-content/plugins/elementor/core/page-assets/loader.php on line 95
[02-Jun-2026 13:26:19 UTC] PHP Warning:  Undefined array key "version" in /home/alamstor/public_html/wp-content/plugins/elementor/core/page-assets/loader.php on line 95
[02-Jun-2026 13:26:19 UTC] PHP Warning:  Undefined array key "src" in /home/alamstor/public_html/wp-content/plugins/elementor/core/page-assets/loader.php on line 95
[02-Jun-2026 13:26:19 UTC] PHP Warning:  Undefined array key "dependencies" in /home/alamstor/public_html/wp-content/plugins/elementor/core/page-assets/loader.php on line 95
[02-Jun-2026 13:26:19 UTC] PHP Warning:  Undefined array key "version" in /home/alamstor/public_html/wp-content/plugins/elementor/core/page-assets/loader.php on line 95
[02-Jun-2026 13:26:19 UTC] PHP Warning:  Undefined array key "src" in /home/alamstor/public_html/wp-content/plugins/elementor/core/page-assets/loader.php on line 95
[02-Jun-2026 13:26:19 UTC] PHP Warning:  Undefined array key "dependencies" in /home/alamstor/public_html/wp-content/plugins/elementor/core/page-assets/loader.php on line 95
[02-Jun-2026 13:26:19 UTC] PHP Warning:  Undefined array key "version" in /home/alamstor/public_html/wp-content/plugins/elementor/core/page-assets/loader.php on line 95
[02-Jun-2026 13:27:00 UTC] PHP Warning:  Undefined array key "src" in /home/alamstor/public_html/wp-content/plugins/elementor/core/page-assets/loader.php on line 95
[02-Jun-2026 13:27:00 UTC] PHP Warning:  Undefined array key "dependencies" in /home/alamstor/public_html/wp-content/plugins/elementor/core/page-assets/loader.php on line 95
[02-Jun-2026 13:27:00 UTC] PHP Warning:  Undefined array key "version" in /home/alamstor/public_html/wp-content/plugins/elementor/core/page-assets/loader.php on line 95
[02-Jun-2026 13:27:00 UTC] PHP Warning:  Undefined array key "src" in /home/alamstor/public_html/wp-content/plugins/elementor/core/page-assets/loader.php on line 95
[02-Jun-2026 13:27:00 UTC] PHP Warning:  Undefined array key "dependencies" in /home/alamstor/public_html/wp-content/plugins/elementor/core/page-assets/loader.php on line 95
[02-Jun-2026 13:27:00 UTC] PHP Warning:  Undefined array key "version" in /home/alamstor/public_html/wp-content/plugins/elementor/core/page-assets/loader.php on line 95
[02-Jun-2026 13:27:01 UTC] PHP Warning:  Undefined array key "src" in /home/alamstor/public_html/wp-content/plugins/elementor/core/page-assets/loader.php on line 95
[02-Jun-2026 13:27:01 UTC] PHP Warning:  Undefined array key "dependencies" in /home/alamstor/public_html/wp-content/plugins/elementor/core/page-assets/loader.php on line 95
[02-Jun-2026 13:27:01 UTC] PHP Warning:  Undefined array key "version" in /home/alamstor/public_html/wp-content/plugins/elementor/core/page-assets/loader.php on line 95
[02-Jun-2026 13:27:01 UTC] PHP Warning:  Undefined array key "src" in /home/alamstor/public_html/wp-content/plugins/elementor/core/page-assets/loader.php on line 95
[02-Jun-2026 13:27:01 UTC] PHP Warning:  Undefined array key "dependencies" in /home/alamstor/public_html/wp-content/plugins/elementor/core/page-assets/loader.php on line 95
[02-Jun-2026 13:27:01 UTC] PHP Warning:  Undefined array key "version" in /home/alamstor/public_html/wp-content/plugins/elementor/core/page-assets/loader.php on line 95
[02-Jun-2026 13:27:02 UTC] PHP Warning:  Undefined array key "src" in /home/alamstor/public_html/wp-content/plugins/elementor/core/page-assets/loader.php on line 95
[02-Jun-2026 13:27:02 UTC] PHP Warning:  Undefined array key "dependencies" in /home/alamstor/public_html/wp-content/plugins/elementor/core/page-assets/loader.php on line 95
[02-Jun-2026 13:27:02 UTC] PHP Warning:  Undefined array key "version" in /home/alamstor/public_html/wp-content/plugins/elementor/core/page-assets/loader.php on line 95
[02-Jun-2026 13:27:02 UTC] PHP Warning:  Undefined array key "src" in /home/alamstor/public_html/wp-content/plugins/elementor/core/page-assets/loader.php on line 95
[02-Jun-2026 13:27:02 UTC] PHP Warning:  Undefined array key "dependencies" in /home/alamstor/public_html/wp-content/plugins/elementor/core/page-assets/loader.php on line 95
[02-Jun-2026 13:27:02 UTC] PHP Warning:  Undefined array key "version" in /home/alamstor/public_html/wp-content/plugins/elementor/core/page-assets/loader.php on line 95
[02-Jun-2026 13:27:05 UTC] PHP Warning:  Undefined array key "src" in /home/alamstor/public_html/wp-content/plugins/elementor/core/page-assets/loader.php on line 95
[02-Jun-2026 13:27:05 UTC] PHP Warning:  Undefined array key "dependencies" in /home/alamstor/public_html/wp-content/plugins/elementor/core/page-assets/loader.php on line 95
[02-Jun-2026 13:27:05 UTC] PHP Warning:  Undefined array key "version" in /home/alamstor/public_html/wp-content/plugins/elementor/core/page-assets/loader.php on line 95
[02-Jun-2026 13:27:05 UTC] PHP Warning:  Undefined array key "src" in /home/alamstor/public_html/wp-content/plugins/elementor/core/page-assets/loader.php on line 95
[02-Jun-2026 13:27:05 UTC] PHP Warning:  Undefined array key "dependencies" in /home/alamstor/public_html/wp-content/plugins/elementor/core/page-assets/loader.php on line 95
[02-Jun-2026 13:27:05 UTC] PHP Warning:  Undefined array key "version" in /home/alamstor/public_html/wp-content/plugins/elementor/core/page-assets/loader.php on line 95
[02-Jun-2026 13:27:05 UTC] PHP Warning:  Undefined array key "src" in /home/alamstor/public_html/wp-content/plugins/elementor/core/page-assets/loader.php on line 95
[02-Jun-2026 13:27:05 UTC] PHP Warning:  Undefined array key "dependencies" in /home/alamstor/public_html/wp-content/plugins/elementor/core/page-assets/loader.php on line 95
[02-Jun-2026 13:27:05 UTC] PHP Warning:  Undefined array key "version" in /home/alamstor/public_html/wp-content/plugins/elementor/core/page-assets/loader.php on line 95
[02-Jun-2026 13:27:05 UTC] PHP Warning:  Undefined array key "src" in /home/alamstor/public_html/wp-content/plugins/elementor/core/page-assets/loader.php on line 95
[02-Jun-2026 13:27:05 UTC] PHP Warning:  Undefined array key "dependencies" in /home/alamstor/public_html/wp-content/plugins/elementor/core/page-assets/loader.php on line 95
[02-Jun-2026 13:27:05 UTC] PHP Warning:  Undefined array key "version" in /home/alamstor/public_html/wp-content/plugins/elementor/core/page-assets/loader.php on line 95
[02-Jun-2026 13:27:09 UTC] PHP Warning:  Undefined array key "src" in /home/alamstor/public_html/wp-content/plugins/elementor/core/page-assets/loader.php on line 95
[02-Jun-2026 13:27:09 UTC] PHP Warning:  Undefined array key "dependencies" in /home/alamstor/public_html/wp-content/plugins/elementor/core/page-assets/loader.php on line 95
[02-Jun-2026 13:27:09 UTC] PHP Warning:  Undefined array key "version" in /home/alamstor/public_html/wp-content/plugins/elementor/core/page-assets/loader.php on line 95
[02-Jun-2026 13:27:09 UTC] PHP Warning:  Undefined array key "src" in /home/alamstor/public_html/wp-content/plugins/elementor/core/page-assets/loader.php on line 95
[02-Jun-2026 13:27:09 UTC] PHP Warning:  Undefined array key "dependencies" in /home/alamstor/public_html/wp-content/plugins/elementor/core/page-assets/loader.php on line 95
[02-Jun-2026 13:27:09 UTC] PHP Warning:  Undefined array key "version" in /home/alamstor/public_html/wp-content/plugins/elementor/core/page-assets/loader.php on line 95
[02-Jun-2026 13:27:10 UTC] PHP Warning:  Undefined array key "src" in /home/alamstor/public_html/wp-content/plugins/elementor/core/page-assets/loader.php on line 95
[02-Jun-2026 13:27:10 UTC] PHP Warning:  Undefined array key "dependencies" in /home/alamstor/public_html/wp-content/plugins/elementor/core/page-assets/loader.php on line 95
[02-Jun-2026 13:27:10 UTC] PHP Warning:  Undefined array key "version" in /home/alamstor/public_html/wp-content/plugins/elementor/core/page-assets/loader.php on line 95
[02-Jun-2026 13:27:10 UTC] PHP Warning:  Undefined array key "src" in /home/alamstor/public_html/wp-content/plugins/elementor/core/page-assets/loader.php on line 95
[02-Jun-2026 13:27:10 UTC] PHP Warning:  Undefined array key "dependencies" in /home/alamstor/public_html/wp-content/plugins/elementor/core/page-assets/loader.php on line 95
[02-Jun-2026 13:27:10 UTC] PHP Warning:  Undefined array key "version" in /home/alamstor/public_html/wp-content/plugins/elementor/core/page-assets/loader.php on line 95
[02-Jun-2026 13:27:13 UTC] PHP Warning:  Undefined array key "src" in /home/alamstor/public_html/wp-content/plugins/elementor/core/page-assets/loader.php on line 95
[02-Jun-2026 13:27:13 UTC] PHP Warning:  Undefined array key "dependencies" in /home/alamstor/public_html/wp-content/plugins/elementor/core/page-assets/loader.php on line 95
[02-Jun-2026 13:27:13 UTC] PHP Warning:  Undefined array key "version" in /home/alamstor/public_html/wp-content/plugins/elementor/core/page-assets/loader.php on line 95
[02-Jun-2026 13:27:13 UTC] PHP Warning:  Undefined array key "src" in /home/alamstor/public_html/wp-content/plugins/elementor/core/page-assets/loader.php on line 95
[02-Jun-2026 13:27:13 UTC] PHP Warning:  Undefined array key "dependencies" in /home/alamstor/public_html/wp-content/plugins/elementor/core/page-assets/loader.php on line 95
[02-Jun-2026 13:27:13 UTC] PHP Warning:  Undefined array key "version" in /home/alamstor/public_html/wp-content/plugins/elementor/core/page-assets/loader.php on line 95
[02-Jun-2026 13:27:14 UTC] PHP Warning:  Undefined array key "src" in /home/alamstor/public_html/wp-content/plugins/elementor/core/page-assets/loader.php on line 95
[02-Jun-2026 13:27:14 UTC] PHP Warning:  Undefined array key "dependencies" in /home/alamstor/public_html/wp-content/plugins/elementor/core/page-assets/loader.php on line 95
[02-Jun-2026 13:27:14 UTC] PHP Warning:  Undefined array key "version" in /home/alamstor/public_html/wp-content/plugins/elementor/core/page-assets/loader.php on line 95
[02-Jun-2026 13:27:14 UTC] PHP Warning:  Undefined array key "src" in /home/alamstor/public_html/wp-content/plugins/elementor/core/page-assets/loader.php on line 95
[02-Jun-2026 13:27:14 UTC] PHP Warning:  Undefined array key "dependencies" in /home/alamstor/public_html/wp-content/plugins/elementor/core/page-assets/loader.php on line 95
[02-Jun-2026 13:27:14 UTC] PHP Warning:  Undefined array key "version" in /home/alamstor/public_html/wp-content/plugins/elementor/core/page-assets/loader.php on line 95
[02-Jun-2026 13:27:15 UTC] PHP Warning:  Undefined array key "src" in /home/alamstor/public_html/wp-content/plugins/elementor/core/page-assets/loader.php on line 95
[02-Jun-2026 13:27:15 UTC] PHP Warning:  Undefined array key "dependencies" in /home/alamstor/public_html/wp-content/plugins/elementor/core/page-assets/loader.php on line 95
[02-Jun-2026 13:27:15 UTC] PHP Warning:  Undefined array key "version" in /home/alamstor/public_html/wp-content/plugins/elementor/core/page-assets/loader.php on line 95
[02-Jun-2026 13:27:15 UTC] PHP Warning:  Undefined array key "src" in /home/alamstor/public_html/wp-content/plugins/elementor/core/page-assets/loader.php on line 95
[02-Jun-2026 13:27:15 UTC] PHP Warning:  Undefined array key "dependencies" in /home/alamstor/public_html/wp-content/plugins/elementor/core/page-assets/loader.php on line 95
[02-Jun-2026 13:27:15 UTC] PHP Warning:  Undefined array key "version" in /home/alamstor/public_html/wp-content/plugins/elementor/core/page-assets/loader.php on line 95
[02-Jun-2026 13:27:17 UTC] PHP Warning:  Undefined array key "src" in /home/alamstor/public_html/wp-content/plugins/elementor/core/page-assets/loader.php on line 95
[02-Jun-2026 13:27:17 UTC] PHP Warning:  Undefined array key "dependencies" in /home/alamstor/public_html/wp-content/plugins/elementor/core/page-assets/loader.php on line 95
[02-Jun-2026 13:27:17 UTC] PHP Warning:  Undefined array key "version" in /home/alamstor/public_html/wp-content/plugins/elementor/core/page-assets/loader.php on line 95
[02-Jun-2026 13:27:17 UTC] PHP Warning:  Undefined array key "src" in /home/alamstor/public_html/wp-content/plugins/elementor/core/page-assets/loader.php on line 95
[02-Jun-2026 13:27:17 UTC] PHP Warning:  Undefined array key "dependencies" in /home/alamstor/public_html/wp-content/plugins/elementor/core/page-assets/loader.php on line 95
[02-Jun-2026 13:27:17 UTC] PHP Warning:  Undefined array key "version" in /home/alamstor/public_html/wp-content/plugins/elementor/core/page-assets/loader.php on line 95
[02-Jun-2026 13:27:19 UTC] PHP Warning:  Undefined array key "src" in /home/alamstor/public_html/wp-content/plugins/elementor/core/page-assets/loader.php on line 95
[02-Jun-2026 13:27:19 UTC] PHP Warning:  Undefined array key "dependencies" in /home/alamstor/public_html/wp-content/plugins/elementor/core/page-assets/loader.php on line 95
[02-Jun-2026 13:27:19 UTC] PHP Warning:  Undefined array key "version" in /home/alamstor/public_html/wp-content/plugins/elementor/core/page-assets/loader.php on line 95
[02-Jun-2026 13:27:19 UTC] PHP Warning:  Undefined array key "src" in /home/alamstor/public_html/wp-content/plugins/elementor/core/page-assets/loader.php on line 95
[02-Jun-2026 13:27:19 UTC] PHP Warning:  Undefined array key "dependencies" in /home/alamstor/public_html/wp-content/plugins/elementor/core/page-assets/loader.php on line 95
[02-Jun-2026 13:27:19 UTC] PHP Warning:  Undefined array key "version" in /home/alamstor/public_html/wp-content/plugins/elementor/core/page-assets/loader.php on line 95
[02-Jun-2026 13:27:24 UTC] PHP Warning:  Undefined array key "src" in /home/alamstor/public_html/wp-content/plugins/elementor/core/page-assets/loader.php on line 95
[02-Jun-2026 13:27:24 UTC] PHP Warning:  Undefined array key "dependencies" in /home/alamstor/public_html/wp-content/plugins/elementor/core/page-assets/loader.php on line 95
[02-Jun-2026 13:27:24 UTC] PHP Warning:  Undefined array key "version" in /home/alamstor/public_html/wp-content/plugins/elementor/core/page-assets/loader.php on line 95
[02-Jun-2026 13:27:24 UTC] PHP Warning:  Undefined array key "src" in /home/alamstor/public_html/wp-content/plugins/elementor/core/page-assets/loader.php on line 95
[02-Jun-2026 13:27:24 UTC] PHP Warning:  Undefined array key "dependencies" in /home/alamstor/public_html/wp-content/plugins/elementor/core/page-assets/loader.php on line 95
[02-Jun-2026 13:27:24 UTC] PHP Warning:  Undefined array key "version" in /home/alamstor/public_html/wp-content/plugins/elementor/core/page-assets/loader.php on line 95
[02-Jun-2026 13:27:25 UTC] PHP Warning:  Undefined array key "src" in /home/alamstor/public_html/wp-content/plugins/elementor/core/page-assets/loader.php on line 95
[02-Jun-2026 13:27:25 UTC] PHP Warning:  Undefined array key "dependencies" in /home/alamstor/public_html/wp-content/plugins/elementor/core/page-assets/loader.php on line 95
[02-Jun-2026 13:27:25 UTC] PHP Warning:  Undefined array key "version" in /home/alamstor/public_html/wp-content/plugins/elementor/core/page-assets/loader.php on line 95
[02-Jun-2026 13:27:25 UTC] PHP Warning:  Undefined array key "src" in /home/alamstor/public_html/wp-content/plugins/elementor/core/page-assets/loader.php on line 95
[02-Jun-2026 13:27:25 UTC] PHP Warning:  Undefined array key "dependencies" in /home/alamstor/public_html/wp-content/plugins/elementor/core/page-assets/loader.php on line 95
[02-Jun-2026 13:27:25 UTC] PHP Warning:  Undefined array key "version" in /home/alamstor/public_html/wp-content/plugins/elementor/core/page-assets/loader.php on line 95
[02-Jun-2026 13:27:25 UTC] PHP Warning:  Undefined array key "src" in /home/alamstor/public_html/wp-content/plugins/elementor/core/page-assets/loader.php on line 95
[02-Jun-2026 13:27:25 UTC] PHP Warning:  Undefined array key "dependencies" in /home/alamstor/public_html/wp-content/plugins/elementor/core/page-assets/loader.php on line 95
[02-Jun-2026 13:27:25 UTC] PHP Warning:  Undefined array key "version" in /home/alamstor/public_html/wp-content/plugins/elementor/core/page-assets/loader.php on line 95
[02-Jun-2026 13:27:25 UTC] PHP Warning:  Undefined array key "src" in /home/alamstor/public_html/wp-content/plugins/elementor/core/page-assets/loader.php on line 95
[02-Jun-2026 13:27:25 UTC] PHP Warning:  Undefined array key "dependencies" in /home/alamstor/public_html/wp-content/plugins/elementor/core/page-assets/loader.php on line 95
[02-Jun-2026 13:27:25 UTC] PHP Warning:  Undefined array key "version" in /home/alamstor/public_html/wp-content/plugins/elementor/core/page-assets/loader.php on line 95
[02-Jun-2026 13:27:25 UTC] PHP Warning:  Undefined array key "src" in /home/alamstor/public_html/wp-content/plugins/elementor/core/page-assets/loader.php on line 95
[02-Jun-2026 13:27:25 UTC] PHP Warning:  Undefined array key "dependencies" in /home/alamstor/public_html/wp-content/plugins/elementor/core/page-assets/loader.php on line 95
[02-Jun-2026 13:27:25 UTC] PHP Warning:  Undefined array key "version" in /home/alamstor/public_html/wp-content/plugins/elementor/core/page-assets/loader.php on line 95
[02-Jun-2026 13:27:25 UTC] PHP Warning:  Undefined array key "src" in /home/alamstor/public_html/wp-content/plugins/elementor/core/page-assets/loader.php on line 95
[02-Jun-2026 13:27:25 UTC] PHP Warning:  Undefined array key "dependencies" in /home/alamstor/public_html/wp-content/plugins/elementor/core/page-assets/loader.php on line 95
[02-Jun-2026 13:27:25 UTC] PHP Warning:  Undefined array key "version" in /home/alamstor/public_html/wp-content/plugins/elementor/core/page-assets/loader.php on line 95
[02-Jun-2026 13:27:27 UTC] PHP Warning:  Undefined array key "src" in /home/alamstor/public_html/wp-content/plugins/elementor/core/page-assets/loader.php on line 95
[02-Jun-2026 13:27:27 UTC] PHP Warning:  Undefined array key "dependencies" in /home/alamstor/public_html/wp-content/plugins/elementor/core/page-assets/loader.php on line 95
[02-Jun-2026 13:27:27 UTC] PHP Warning:  Undefined array key "version" in /home/alamstor/public_html/wp-content/plugins/elementor/core/page-assets/loader.php on line 95
[02-Jun-2026 13:27:27 UTC] PHP Warning:  Undefined array key "src" in /home/alamstor/public_html/wp-content/plugins/elementor/core/page-assets/loader.php on line 95
[02-Jun-2026 13:27:27 UTC] PHP Warning:  Undefined array key "dependencies" in /home/alamstor/public_html/wp-content/plugins/elementor/core/page-assets/loader.php on line 95
[02-Jun-2026 13:27:27 UTC] PHP Warning:  Undefined array key "version" in /home/alamstor/public_html/wp-content/plugins/elementor/core/page-assets/loader.php on line 95
[02-Jun-2026 13:27:29 UTC] PHP Warning:  Undefined array key "src" in /home/alamstor/public_html/wp-content/plugins/elementor/core/page-assets/loader.php on line 95
[02-Jun-2026 13:27:29 UTC] PHP Warning:  Undefined array key "dependencies" in /home/alamstor/public_html/wp-content/plugins/elementor/core/page-assets/loader.php on line 95
[02-Jun-2026 13:27:29 UTC] PHP Warning:  Undefined array key "version" in /home/alamstor/public_html/wp-content/plugins/elementor/core/page-assets/loader.php on line 95
[02-Jun-2026 13:27:29 UTC] PHP Warning:  Undefined array key "src" in /home/alamstor/public_html/wp-content/plugins/elementor/core/page-assets/loader.php on line 95
[02-Jun-2026 13:27:29 UTC] PHP Warning:  Undefined array key "dependencies" in /home/alamstor/public_html/wp-content/plugins/elementor/core/page-assets/loader.php on line 95
[02-Jun-2026 13:27:29 UTC] PHP Warning:  Undefined array key "version" in /home/alamstor/public_html/wp-content/plugins/elementor/core/page-assets/loader.php on line 95
[02-Jun-2026 13:27:30 UTC] PHP Warning:  Undefined array key "src" in /home/alamstor/public_html/wp-content/plugins/elementor/core/page-assets/loader.php on line 95
[02-Jun-2026 13:27:30 UTC] PHP Warning:  Undefined array key "dependencies" in /home/alamstor/public_html/wp-content/plugins/elementor/core/page-assets/loader.php on line 95
[02-Jun-2026 13:27:30 UTC] PHP Warning:  Undefined array key "version" in /home/alamstor/public_html/wp-content/plugins/elementor/core/page-assets/loader.php on line 95
[02-Jun-2026 13:27:30 UTC] PHP Warning:  Undefined array key "src" in /home/alamstor/public_html/wp-content/plugins/elementor/core/page-assets/loader.php on line 95
[02-Jun-2026 13:27:30 UTC] PHP Warning:  Undefined array key "dependencies" in /home/alamstor/public_html/wp-content/plugins/elementor/core/page-assets/loader.php on line 95
[02-Jun-2026 13:27:30 UTC] PHP Warning:  Undefined array key "version" in /home/alamstor/public_html/wp-content/plugins/elementor/core/page-assets/loader.php on line 95
[02-Jun-2026 13:27:34 UTC] PHP Warning:  Undefined array key "src" in /home/alamstor/public_html/wp-content/plugins/elementor/core/page-assets/loader.php on line 95
[02-Jun-2026 13:27:34 UTC] PHP Warning:  Undefined array key "dependencies" in /home/alamstor/public_html/wp-content/plugins/elementor/core/page-assets/loader.php on line 95
[02-Jun-2026 13:27:34 UTC] PHP Warning:  Undefined array key "version" in /home/alamstor/public_html/wp-content/plugins/elementor/core/page-assets/loader.php on line 95
[02-Jun-2026 13:27:34 UTC] PHP Warning:  Undefined array key "src" in /home/alamstor/public_html/wp-content/plugins/elementor/core/page-assets/loader.php on line 95
[02-Jun-2026 13:27:34 UTC] PHP Warning:  Undefined array key "dependencies" in /home/alamstor/public_html/wp-content/plugins/elementor/core/page-assets/loader.php on line 95
[02-Jun-2026 13:27:34 UTC] PHP Warning:  Undefined array key "version" in /home/alamstor/public_html/wp-content/plugins/elementor/core/page-assets/loader.php on line 95
[02-Jun-2026 13:27:34 UTC] PHP Warning:  Undefined array key "src" in /home/alamstor/public_html/wp-content/plugins/elementor/core/page-assets/loader.php on line 95
[02-Jun-2026 13:27:34 UTC] PHP Warning:  Undefined array key "dependencies" in /home/alamstor/public_html/wp-content/plugins/elementor/core/page-assets/loader.php on line 95
[02-Jun-2026 13:27:34 UTC] PHP Warning:  Undefined array key "version" in /home/alamstor/public_html/wp-content/plugins/elementor/core/page-assets/loader.php on line 95
[02-Jun-2026 13:27:34 UTC] PHP Warning:  Undefined array key "src" in /home/alamstor/public_html/wp-content/plugins/elementor/core/page-assets/loader.php on line 95
[02-Jun-2026 13:27:34 UTC] PHP Warning:  Undefined array key "dependencies" in /home/alamstor/public_html/wp-content/plugins/elementor/core/page-assets/loader.php on line 95
[02-Jun-2026 13:27:34 UTC] PHP Warning:  Undefined array key "version" in /home/alamstor/public_html/wp-content/plugins/elementor/core/page-assets/loader.php on line 95
[02-Jun-2026 13:27:39 UTC] PHP Warning:  Undefined array key "src" in /home/alamstor/public_html/wp-content/plugins/elementor/core/page-assets/loader.php on line 95
[02-Jun-2026 13:27:39 UTC] PHP Warning:  Undefined array key "dependencies" in /home/alamstor/public_html/wp-content/plugins/elementor/core/page-assets/loader.php on line 95
[02-Jun-2026 13:27:39 UTC] PHP Warning:  Undefined array key "version" in /home/alamstor/public_html/wp-content/plugins/elementor/core/page-assets/loader.php on line 95
[02-Jun-2026 13:27:39 UTC] PHP Warning:  Undefined array key "src" in /home/alamstor/public_html/wp-content/plugins/elementor/core/page-assets/loader.php on line 95
[02-Jun-2026 13:27:39 UTC] PHP Warning:  Undefined array key "dependencies" in /home/alamstor/public_html/wp-content/plugins/elementor/core/page-assets/loader.php on line 95
[02-Jun-2026 13:27:39 UTC] PHP Warning:  Undefined array key "version" in /home/alamstor/public_html/wp-content/plugins/elementor/core/page-assets/loader.php on line 95
[02-Jun-2026 13:27:39 UTC] PHP Warning:  Undefined array key "src" in /home/alamstor/public_html/wp-content/plugins/elementor/core/page-assets/loader.php on line 95
[02-Jun-2026 13:27:39 UTC] PHP Warning:  Undefined array key "dependencies" in /home/alamstor/public_html/wp-content/plugins/elementor/core/page-assets/loader.php on line 95
[02-Jun-2026 13:27:39 UTC] PHP Warning:  Undefined array key "version" in /home/alamstor/public_html/wp-content/plugins/elementor/core/page-assets/loader.php on line 95
[02-Jun-2026 13:27:39 UTC] PHP Warning:  Undefined array key "src" in /home/alamstor/public_html/wp-content/plugins/elementor/core/page-assets/loader.php on line 95
[02-Jun-2026 13:27:39 UTC] PHP Warning:  Undefined array key "dependencies" in /home/alamstor/public_html/wp-content/plugins/elementor/core/page-assets/loader.php on line 95
[02-Jun-2026 13:27:39 UTC] PHP Warning:  Undefined array key "version" in /home/alamstor/public_html/wp-content/plugins/elementor/core/page-assets/loader.php on line 95
[02-Jun-2026 13:27:43 UTC] PHP Warning:  Undefined array key "src" in /home/alamstor/public_html/wp-content/plugins/elementor/core/page-assets/loader.php on line 95
[02-Jun-2026 13:27:43 UTC] PHP Warning:  Undefined array key "dependencies" in /home/alamstor/public_html/wp-content/plugins/elementor/core/page-assets/loader.php on line 95
[02-Jun-2026 13:27:43 UTC] PHP Warning:  Undefined array key "version" in /home/alamstor/public_html/wp-content/plugins/elementor/core/page-assets/loader.php on line 95
[02-Jun-2026 13:27:43 UTC] PHP Warning:  Undefined array key "src" in /home/alamstor/public_html/wp-content/plugins/elementor/core/page-assets/loader.php on line 95
[02-Jun-2026 13:27:43 UTC] PHP Warning:  Undefined array key "dependencies" in /home/alamstor/public_html/wp-content/plugins/elementor/core/page-assets/loader.php on line 95
[02-Jun-2026 13:27:43 UTC] PHP Warning:  Undefined array key "version" in /home/alamstor/public_html/wp-content/plugins/elementor/core/page-assets/loader.php on line 95
[02-Jun-2026 13:27:55 UTC] PHP Warning:  Undefined array key "src" in /home/alamstor/public_html/wp-content/plugins/elementor/core/page-assets/loader.php on line 95
[02-Jun-2026 13:27:55 UTC] PHP Warning:  Undefined array key "dependencies" in /home/alamstor/public_html/wp-content/plugins/elementor/core/page-assets/loader.php on line 95
[02-Jun-2026 13:27:55 UTC] PHP Warning:  Undefined array key "version" in /home/alamstor/public_html/wp-content/plugins/elementor/core/page-assets/loader.php on line 95
[02-Jun-2026 13:27:55 UTC] PHP Warning:  Undefined array key "src" in /home/alamstor/public_html/wp-content/plugins/elementor/core/page-assets/loader.php on line 95
[02-Jun-2026 13:27:55 UTC] PHP Warning:  Undefined array key "dependencies" in /home/alamstor/public_html/wp-content/plugins/elementor/core/page-assets/loader.php on line 95
[02-Jun-2026 13:27:55 UTC] PHP Warning:  Undefined array key "version" in /home/alamstor/public_html/wp-content/plugins/elementor/core/page-assets/loader.php on line 95
[02-Jun-2026 13:27:55 UTC] PHP Warning:  Undefined array key "src" in /home/alamstor/public_html/wp-content/plugins/elementor/core/page-assets/loader.php on line 95
[02-Jun-2026 13:27:55 UTC] PHP Warning:  Undefined array key "dependencies" in /home/alamstor/public_html/wp-content/plugins/elementor/core/page-assets/loader.php on line 95
[02-Jun-2026 13:27:55 UTC] PHP Warning:  Undefined array key "version" in /home/alamstor/public_html/wp-content/plugins/elementor/core/page-assets/loader.php on line 95
[02-Jun-2026 13:27:55 UTC] PHP Warning:  Undefined array key "src" in /home/alamstor/public_html/wp-content/plugins/elementor/core/page-assets/loader.php on line 95
[02-Jun-2026 13:27:55 UTC] PHP Warning:  Undefined array key "dependencies" in /home/alamstor/public_html/wp-content/plugins/elementor/core/page-assets/loader.php on line 95
[02-Jun-2026 13:27:55 UTC] PHP Warning:  Undefined array key "version" in /home/alamstor/public_html/wp-content/plugins/elementor/core/page-assets/loader.php on line 95
[02-Jun-2026 13:27:57 UTC] PHP Warning:  Undefined array key "src" in /home/alamstor/public_html/wp-content/plugins/elementor/core/page-assets/loader.php on line 95
[02-Jun-2026 13:27:57 UTC] PHP Warning:  Undefined array key "dependencies" in /home/alamstor/public_html/wp-content/plugins/elementor/core/page-assets/loader.php on line 95
[02-Jun-2026 13:27:57 UTC] PHP Warning:  Undefined array key "version" in /home/alamstor/public_html/wp-content/plugins/elementor/core/page-assets/loader.php on line 95
[02-Jun-2026 13:27:57 UTC] PHP Warning:  Undefined array key "src" in /home/alamstor/public_html/wp-content/plugins/elementor/core/page-assets/loader.php on line 95
[02-Jun-2026 13:27:57 UTC] PHP Warning:  Undefined array key "dependencies" in /home/alamstor/public_html/wp-content/plugins/elementor/core/page-assets/loader.php on line 95
[02-Jun-2026 13:27:57 UTC] PHP Warning:  Undefined array key "version" in /home/alamstor/public_html/wp-content/plugins/elementor/core/page-assets/loader.php on line 95
[02-Jun-2026 13:27:58 UTC] PHP Warning:  Undefined array key "src" in /home/alamstor/public_html/wp-content/plugins/elementor/core/page-assets/loader.php on line 95
[02-Jun-2026 13:27:58 UTC] PHP Warning:  Undefined array key "dependencies" in /home/alamstor/public_html/wp-content/plugins/elementor/core/page-assets/loader.php on line 95
[02-Jun-2026 13:27:58 UTC] PHP Warning:  Undefined array key "version" in /home/alamstor/public_html/wp-content/plugins/elementor/core/page-assets/loader.php on line 95
[02-Jun-2026 13:27:58 UTC] PHP Warning:  Undefined array key "src" in /home/alamstor/public_html/wp-content/plugins/elementor/core/page-assets/loader.php on line 95
[02-Jun-2026 13:27:58 UTC] PHP Warning:  Undefined array key "dependencies" in /home/alamstor/public_html/wp-content/plugins/elementor/core/page-assets/loader.php on line 95
[02-Jun-2026 13:27:58 UTC] PHP Warning:  Undefined array key "version" in /home/alamstor/public_html/wp-content/plugins/elementor/core/page-assets/loader.php on line 95
[02-Jun-2026 13:27:59 UTC] PHP Warning:  Undefined array key "src" in /home/alamstor/public_html/wp-content/plugins/elementor/core/page-assets/loader.php on line 95
[02-Jun-2026 13:27:59 UTC] PHP Warning:  Undefined array key "dependencies" in /home/alamstor/public_html/wp-content/plugins/elementor/core/page-assets/loader.php on line 95
[02-Jun-2026 13:27:59 UTC] PHP Warning:  Undefined array key "version" in /home/alamstor/public_html/wp-content/plugins/elementor/core/page-assets/loader.php on line 95
[02-Jun-2026 13:27:59 UTC] PHP Warning:  Undefined array key "src" in /home/alamstor/public_html/wp-content/plugins/elementor/core/page-assets/loader.php on line 95
[02-Jun-2026 13:27:59 UTC] PHP Warning:  Undefined array key "dependencies" in /home/alamstor/public_html/wp-content/plugins/elementor/core/page-assets/loader.php on line 95
[02-Jun-2026 13:27:59 UTC] PHP Warning:  Undefined array key "version" in /home/alamstor/public_html/wp-content/plugins/elementor/core/page-assets/loader.php on line 95
[02-Jun-2026 13:27:59 UTC] PHP Warning:  Undefined array key "src" in /home/alamstor/public_html/wp-content/plugins/elementor/core/page-assets/loader.php on line 95
[02-Jun-2026 13:27:59 UTC] PHP Warning:  Undefined array key "dependencies" in /home/alamstor/public_html/wp-content/plugins/elementor/core/page-assets/loader.php on line 95
[02-Jun-2026 13:27:59 UTC] PHP Warning:  Undefined array key "version" in /home/alamstor/public_html/wp-content/plugins/elementor/core/page-assets/loader.php on line 95
[02-Jun-2026 13:27:59 UTC] PHP Warning:  Undefined array key "src" in /home/alamstor/public_html/wp-content/plugins/elementor/core/page-assets/loader.php on line 95
[02-Jun-2026 13:27:59 UTC] PHP Warning:  Undefined array key "dependencies" in /home/alamstor/public_html/wp-content/plugins/elementor/core/page-assets/loader.php on line 95
[02-Jun-2026 13:27:59 UTC] PHP Warning:  Undefined array key "version" in /home/alamstor/public_html/wp-content/plugins/elementor/core/page-assets/loader.php on line 95
[02-Jun-2026 13:28:01 UTC] PHP Warning:  Undefined array key "src" in /home/alamstor/public_html/wp-content/plugins/elementor/core/page-assets/loader.php on line 95
[02-Jun-2026 13:28:01 UTC] PHP Warning:  Undefined array key "dependencies" in /home/alamstor/public_html/wp-content/plugins/elementor/core/page-assets/loader.php on line 95
[02-Jun-2026 13:28:01 UTC] PHP Warning:  Undefined array key "version" in /home/alamstor/public_html/wp-content/plugins/elementor/core/page-assets/loader.php on line 95
[02-Jun-2026 13:28:01 UTC] PHP Warning:  Undefined array key "src" in /home/alamstor/public_html/wp-content/plugins/elementor/core/page-assets/loader.php on line 95
[02-Jun-2026 13:28:01 UTC] PHP Warning:  Undefined array key "dependencies" in /home/alamstor/public_html/wp-content/plugins/elementor/core/page-assets/loader.php on line 95
[02-Jun-2026 13:28:01 UTC] PHP Warning:  Undefined array key "version" in /home/alamstor/public_html/wp-content/plugins/elementor/core/page-assets/loader.php on line 95
[02-Jun-2026 13:28:05 UTC] PHP Warning:  Undefined array key "src" in /home/alamstor/public_html/wp-content/plugins/elementor/core/page-assets/loader.php on line 95
[02-Jun-2026 13:28:05 UTC] PHP Warning:  Undefined array key "dependencies" in /home/alamstor/public_html/wp-content/plugins/elementor/core/page-assets/loader.php on line 95
[02-Jun-2026 13:28:05 UTC] PHP Warning:  Undefined array key "version" in /home/alamstor/public_html/wp-content/plugins/elementor/core/page-assets/loader.php on line 95
[02-Jun-2026 13:28:05 UTC] PHP Warning:  Undefined array key "src" in /home/alamstor/public_html/wp-content/plugins/elementor/core/page-assets/loader.php on line 95
[02-Jun-2026 13:28:05 UTC] PHP Warning:  Undefined array key "dependencies" in /home/alamstor/public_html/wp-content/plugins/elementor/core/page-assets/loader.php on line 95
[02-Jun-2026 13:28:05 UTC] PHP Warning:  Undefined array key "version" in /home/alamstor/public_html/wp-content/plugins/elementor/core/page-assets/loader.php on line 95
[02-Jun-2026 13:28:05 UTC] PHP Warning:  Undefined array key "src" in /home/alamstor/public_html/wp-content/plugins/elementor/core/page-assets/loader.php on line 95
[02-Jun-2026 13:28:05 UTC] PHP Warning:  Undefined array key "dependencies" in /home/alamstor/public_html/wp-content/plugins/elementor/core/page-assets/loader.php on line 95
[02-Jun-2026 13:28:05 UTC] PHP Warning:  Undefined array key "version" in /home/alamstor/public_html/wp-content/plugins/elementor/core/page-assets/loader.php on line 95
[02-Jun-2026 13:28:05 UTC] PHP Warning:  Undefined array key "src" in /home/alamstor/public_html/wp-content/plugins/elementor/core/page-assets/loader.php on line 95
[02-Jun-2026 13:28:05 UTC] PHP Warning:  Undefined array key "dependencies" in /home/alamstor/public_html/wp-content/plugins/elementor/core/page-assets/loader.php on line 95
[02-Jun-2026 13:28:05 UTC] PHP Warning:  Undefined array key "version" in /home/alamstor/public_html/wp-content/plugins/elementor/core/page-assets/loader.php on line 95
[02-Jun-2026 13:28:28 UTC] PHP Warning:  Undefined array key "src" in /home/alamstor/public_html/wp-content/plugins/elementor/core/page-assets/loader.php on line 95
[02-Jun-2026 13:28:28 UTC] PHP Warning:  Undefined array key "dependencies" in /home/alamstor/public_html/wp-content/plugins/elementor/core/page-assets/loader.php on line 95
[02-Jun-2026 13:28:28 UTC] PHP Warning:  Undefined array key "version" in /home/alamstor/public_html/wp-content/plugins/elementor/core/page-assets/loader.php on line 95
[02-Jun-2026 13:28:28 UTC] PHP Warning:  Undefined array key "src" in /home/alamstor/public_html/wp-content/plugins/elementor/core/page-assets/loader.php on line 95
[02-Jun-2026 13:28:28 UTC] PHP Warning:  Undefined array key "dependencies" in /home/alamstor/public_html/wp-content/plugins/elementor/core/page-assets/loader.php on line 95
[02-Jun-2026 13:28:28 UTC] PHP Warning:  Undefined array key "version" in /home/alamstor/public_html/wp-content/plugins/elementor/core/page-assets/loader.php on line 95
[02-Jun-2026 13:28:49 UTC] PHP Warning:  Undefined array key "src" in /home/alamstor/public_html/wp-content/plugins/elementor/core/page-assets/loader.php on line 95
[02-Jun-2026 13:28:49 UTC] PHP Warning:  Undefined array key "dependencies" in /home/alamstor/public_html/wp-content/plugins/elementor/core/page-assets/loader.php on line 95
[02-Jun-2026 13:28:49 UTC] PHP Warning:  Undefined array key "version" in /home/alamstor/public_html/wp-content/plugins/elementor/core/page-assets/loader.php on line 95
[02-Jun-2026 13:28:49 UTC] PHP Warning:  Undefined array key "src" in /home/alamstor/public_html/wp-content/plugins/elementor/core/page-assets/loader.php on line 95
[02-Jun-2026 13:28:49 UTC] PHP Warning:  Undefined array key "dependencies" in /home/alamstor/public_html/wp-content/plugins/elementor/core/page-assets/loader.php on line 95
[02-Jun-2026 13:28:49 UTC] PHP Warning:  Undefined array key "version" in /home/alamstor/public_html/wp-content/plugins/elementor/core/page-assets/loader.php on line 95
[02-Jun-2026 13:29:05 UTC] PHP Warning:  Undefined array key "src" in /home/alamstor/public_html/wp-content/plugins/elementor/core/page-assets/loader.php on line 95
[02-Jun-2026 13:29:05 UTC] PHP Warning:  Undefined array key "dependencies" in /home/alamstor/public_html/wp-content/plugins/elementor/core/page-assets/loader.php on line 95
[02-Jun-2026 13:29:05 UTC] PHP Warning:  Undefined array key "version" in /home/alamstor/public_html/wp-content/plugins/elementor/core/page-assets/loader.php on line 95
[02-Jun-2026 13:29:05 UTC] PHP Warning:  Undefined array key "src" in /home/alamstor/public_html/wp-content/plugins/elementor/core/page-assets/loader.php on line 95
[02-Jun-2026 13:29:05 UTC] PHP Warning:  Undefined array key "dependencies" in /home/alamstor/public_html/wp-content/plugins/elementor/core/page-assets/loader.php on line 95
[02-Jun-2026 13:29:05 UTC] PHP Warning:  Undefined array key "version" in /home/alamstor/public_html/wp-content/plugins/elementor/core/page-assets/loader.php on line 95
[02-Jun-2026 13:29:06 UTC] PHP Warning:  Undefined array key "src" in /home/alamstor/public_html/wp-content/plugins/elementor/core/page-assets/loader.php on line 95
[02-Jun-2026 13:29:06 UTC] PHP Warning:  Undefined array key "dependencies" in /home/alamstor/public_html/wp-content/plugins/elementor/core/page-assets/loader.php on line 95
[02-Jun-2026 13:29:06 UTC] PHP Warning:  Undefined array key "version" in /home/alamstor/public_html/wp-content/plugins/elementor/core/page-assets/loader.php on line 95
[02-Jun-2026 13:29:06 UTC] PHP Warning:  Undefined array key "src" in /home/alamstor/public_html/wp-content/plugins/elementor/core/page-assets/loader.php on line 95
[02-Jun-2026 13:29:06 UTC] PHP Warning:  Undefined array key "dependencies" in /home/alamstor/public_html/wp-content/plugins/elementor/core/page-assets/loader.php on line 95
[02-Jun-2026 13:29:06 UTC] PHP Warning:  Undefined array key "version" in /home/alamstor/public_html/wp-content/plugins/elementor/core/page-assets/loader.php on line 95
[02-Jun-2026 13:29:09 UTC] PHP Warning:  Undefined array key "src" in /home/alamstor/public_html/wp-content/plugins/elementor/core/page-assets/loader.php on line 95
[02-Jun-2026 13:29:09 UTC] PHP Warning:  Undefined array key "dependencies" in /home/alamstor/public_html/wp-content/plugins/elementor/core/page-assets/loader.php on line 95
[02-Jun-2026 13:29:09 UTC] PHP Warning:  Undefined array key "version" in /home/alamstor/public_html/wp-content/plugins/elementor/core/page-assets/loader.php on line 95
[02-Jun-2026 13:29:09 UTC] PHP Warning:  Undefined array key "src" in /home/alamstor/public_html/wp-content/plugins/elementor/core/page-assets/loader.php on line 95
[02-Jun-2026 13:29:09 UTC] PHP Warning:  Undefined array key "dependencies" in /home/alamstor/public_html/wp-content/plugins/elementor/core/page-assets/loader.php on line 95
[02-Jun-2026 13:29:09 UTC] PHP Warning:  Undefined array key "version" in /home/alamstor/public_html/wp-content/plugins/elementor/core/page-assets/loader.php on line 95
[02-Jun-2026 13:29:09 UTC] PHP Warning:  Undefined array key "src" in /home/alamstor/public_html/wp-content/plugins/elementor/core/page-assets/loader.php on line 95
[02-Jun-2026 13:29:09 UTC] PHP Warning:  Undefined array key "dependencies" in /home/alamstor/public_html/wp-content/plugins/elementor/core/page-assets/loader.php on line 95
[02-Jun-2026 13:29:09 UTC] PHP Warning:  Undefined array key "version" in /home/alamstor/public_html/wp-content/plugins/elementor/core/page-assets/loader.php on line 95
[02-Jun-2026 13:29:09 UTC] PHP Warning:  Undefined array key "src" in /home/alamstor/public_html/wp-content/plugins/elementor/core/page-assets/loader.php on line 95
[02-Jun-2026 13:29:09 UTC] PHP Warning:  Undefined array key "dependencies" in /home/alamstor/public_html/wp-content/plugins/elementor/core/page-assets/loader.php on line 95
[02-Jun-2026 13:29:09 UTC] PHP Warning:  Undefined array key "version" in /home/alamstor/public_html/wp-content/plugins/elementor/core/page-assets/loader.php on line 95
[02-Jun-2026 13:29:09 UTC] PHP Warning:  Undefined array key "src" in /home/alamstor/public_html/wp-content/plugins/elementor/core/page-assets/loader.php on line 95
[02-Jun-2026 13:29:09 UTC] PHP Warning:  Undefined array key "dependencies" in /home/alamstor/public_html/wp-content/plugins/elementor/core/page-assets/loader.php on line 95
[02-Jun-2026 13:29:09 UTC] PHP Warning:  Undefined array key "version" in /home/alamstor/public_html/wp-content/plugins/elementor/core/page-assets/loader.php on line 95
[02-Jun-2026 13:29:09 UTC] PHP Warning:  Undefined array key "src" in /home/alamstor/public_html/wp-content/plugins/elementor/core/page-assets/loader.php on line 95
[02-Jun-2026 13:29:09 UTC] PHP Warning:  Undefined array key "dependencies" in /home/alamstor/public_html/wp-content/plugins/elementor/core/page-assets/loader.php on line 95
[02-Jun-2026 13:29:09 UTC] PHP Warning:  Undefined array key "version" in /home/alamstor/public_html/wp-content/plugins/elementor/core/page-assets/loader.php on line 95
[02-Jun-2026 13:29:25 UTC] PHP Warning:  Undefined array key "src" in /home/alamstor/public_html/wp-content/plugins/elementor/core/page-assets/loader.php on line 95
[02-Jun-2026 13:29:25 UTC] PHP Warning:  Undefined array key "dependencies" in /home/alamstor/public_html/wp-content/plugins/elementor/core/page-assets/loader.php on line 95
[02-Jun-2026 13:29:25 UTC] PHP Warning:  Undefined array key "version" in /home/alamstor/public_html/wp-content/plugins/elementor/core/page-assets/loader.php on line 95
[02-Jun-2026 13:29:25 UTC] PHP Warning:  Undefined array key "src" in /home/alamstor/public_html/wp-content/plugins/elementor/core/page-assets/loader.php on line 95
[02-Jun-2026 13:29:25 UTC] PHP Warning:  Undefined array key "dependencies" in /home/alamstor/public_html/wp-content/plugins/elementor/core/page-assets/loader.php on line 95
[02-Jun-2026 13:29:25 UTC] PHP Warning:  Undefined array key "version" in /home/alamstor/public_html/wp-content/plugins/elementor/core/page-assets/loader.php on line 95
[02-Jun-2026 13:29:25 UTC] PHP Warning:  Undefined array key "src" in /home/alamstor/public_html/wp-content/plugins/elementor/core/page-assets/loader.php on line 95
[02-Jun-2026 13:29:25 UTC] PHP Warning:  Undefined array key "dependencies" in /home/alamstor/public_html/wp-content/plugins/elementor/core/page-assets/loader.php on line 95
[02-Jun-2026 13:29:25 UTC] PHP Warning:  Undefined array key "version" in /home/alamstor/public_html/wp-content/plugins/elementor/core/page-assets/loader.php on line 95
[02-Jun-2026 13:29:25 UTC] PHP Warning:  Undefined array key "src" in /home/alamstor/public_html/wp-content/plugins/elementor/core/page-assets/loader.php on line 95
[02-Jun-2026 13:29:25 UTC] PHP Warning:  Undefined array key "dependencies" in /home/alamstor/public_html/wp-content/plugins/elementor/core/page-assets/loader.php on line 95
[02-Jun-2026 13:29:25 UTC] PHP Warning:  Undefined array key "version" in /home/alamstor/public_html/wp-content/plugins/elementor/core/page-assets/loader.php on line 95
[02-Jun-2026 13:35:35 UTC] PHP Warning:  Undefined array key "src" in /home/alamstor/public_html/wp-content/plugins/elementor/core/page-assets/loader.php on line 95
[02-Jun-2026 13:35:35 UTC] PHP Warning:  Undefined array key "dependencies" in /home/alamstor/public_html/wp-content/plugins/elementor/core/page-assets/loader.php on line 95
[02-Jun-2026 13:35:35 UTC] PHP Warning:  Undefined array key "version" in /home/alamstor/public_html/wp-content/plugins/elementor/core/page-assets/loader.php on line 95
[02-Jun-2026 13:35:35 UTC] PHP Warning:  Undefined array key "src" in /home/alamstor/public_html/wp-content/plugins/elementor/core/page-assets/loader.php on line 95
[02-Jun-2026 13:35:35 UTC] PHP Warning:  Undefined array key "dependencies" in /home/alamstor/public_html/wp-content/plugins/elementor/core/page-assets/loader.php on line 95
[02-Jun-2026 13:35:35 UTC] PHP Warning:  Undefined array key "version" in /home/alamstor/public_html/wp-content/plugins/elementor/core/page-assets/loader.php on line 95
[02-Jun-2026 13:35:36 UTC] PHP Warning:  Undefined array key "src" in /home/alamstor/public_html/wp-content/plugins/elementor/core/page-assets/loader.php on line 95
[02-Jun-2026 13:35:36 UTC] PHP Warning:  Undefined array key "dependencies" in /home/alamstor/public_html/wp-content/plugins/elementor/core/page-assets/loader.php on line 95
[02-Jun-2026 13:35:36 UTC] PHP Warning:  Undefined array key "version" in /home/alamstor/public_html/wp-content/plugins/elementor/core/page-assets/loader.php on line 95
[02-Jun-2026 13:35:36 UTC] PHP Warning:  Undefined array key "src" in /home/alamstor/public_html/wp-content/plugins/elementor/core/page-assets/loader.php on line 95
[02-Jun-2026 13:35:36 UTC] PHP Warning:  Undefined array key "dependencies" in /home/alamstor/public_html/wp-content/plugins/elementor/core/page-assets/loader.php on line 95
[02-Jun-2026 13:35:36 UTC] PHP Warning:  Undefined array key "version" in /home/alamstor/public_html/wp-content/plugins/elementor/core/page-assets/loader.php on line 95
[02-Jun-2026 13:40:50 UTC] PHP Warning:  Undefined array key "src" in /home/alamstor/public_html/wp-content/plugins/elementor/core/page-assets/loader.php on line 95
[02-Jun-2026 13:40:50 UTC] PHP Warning:  Undefined array key "dependencies" in /home/alamstor/public_html/wp-content/plugins/elementor/core/page-assets/loader.php on line 95
[02-Jun-2026 13:40:50 UTC] PHP Warning:  Undefined array key "version" in /home/alamstor/public_html/wp-content/plugins/elementor/core/page-assets/loader.php on line 95
[02-Jun-2026 13:40:50 UTC] PHP Warning:  Undefined array key "src" in /home/alamstor/public_html/wp-content/plugins/elementor/core/page-assets/loader.php on line 95
[02-Jun-2026 13:40:50 UTC] PHP Warning:  Undefined array key "dependencies" in /home/alamstor/public_html/wp-content/plugins/elementor/core/page-assets/loader.php on line 95
[02-Jun-2026 13:40:50 UTC] PHP Warning:  Undefined array key "version" in /home/alamstor/public_html/wp-content/plugins/elementor/core/page-assets/loader.php on line 95
[02-Jun-2026 13:41:00 UTC] PHP Warning:  Undefined array key "src" in /home/alamstor/public_html/wp-content/plugins/elementor/core/page-assets/loader.php on line 95
[02-Jun-2026 13:41:00 UTC] PHP Warning:  Undefined array key "dependencies" in /home/alamstor/public_html/wp-content/plugins/elementor/core/page-assets/loader.php on line 95
[02-Jun-2026 13:41:00 UTC] PHP Warning:  Undefined array key "version" in /home/alamstor/public_html/wp-content/plugins/elementor/core/page-assets/loader.php on line 95
[02-Jun-2026 13:41:00 UTC] PHP Warning:  Undefined array key "src" in /home/alamstor/public_html/wp-content/plugins/elementor/core/page-assets/loader.php on line 95
[02-Jun-2026 13:41:00 UTC] PHP Warning:  Undefined array key "dependencies" in /home/alamstor/public_html/wp-content/plugins/elementor/core/page-assets/loader.php on line 95
[02-Jun-2026 13:41:00 UTC] PHP Warning:  Undefined array key "version" in /home/alamstor/public_html/wp-content/plugins/elementor/core/page-assets/loader.php on line 95
[02-Jun-2026 13:41:01 UTC] PHP Warning:  Undefined array key "src" in /home/alamstor/public_html/wp-content/plugins/elementor/core/page-assets/loader.php on line 95
[02-Jun-2026 13:41:01 UTC] PHP Warning:  Undefined array key "dependencies" in /home/alamstor/public_html/wp-content/plugins/elementor/core/page-assets/loader.php on line 95
[02-Jun-2026 13:41:01 UTC] PHP Warning:  Undefined array key "version" in /home/alamstor/public_html/wp-content/plugins/elementor/core/page-assets/loader.php on line 95
[02-Jun-2026 13:41:01 UTC] PHP Warning:  Undefined array key "src" in /home/alamstor/public_html/wp-content/plugins/elementor/core/page-assets/loader.php on line 95
[02-Jun-2026 13:41:01 UTC] PHP Warning:  Undefined array key "dependencies" in /home/alamstor/public_html/wp-content/plugins/elementor/core/page-assets/loader.php on line 95
[02-Jun-2026 13:41:01 UTC] PHP Warning:  Undefined array key "version" in /home/alamstor/public_html/wp-content/plugins/elementor/core/page-assets/loader.php on line 95
[02-Jun-2026 13:55:07 UTC] PHP Warning:  Undefined array key "src" in /home/alamstor/public_html/wp-content/plugins/elementor/core/page-assets/loader.php on line 95
[02-Jun-2026 13:55:07 UTC] PHP Warning:  Undefined array key "dependencies" in /home/alamstor/public_html/wp-content/plugins/elementor/core/page-assets/loader.php on line 95
[02-Jun-2026 13:55:07 UTC] PHP Warning:  Undefined array key "version" in /home/alamstor/public_html/wp-content/plugins/elementor/core/page-assets/loader.php on line 95
[02-Jun-2026 13:55:07 UTC] PHP Warning:  Undefined array key "src" in /home/alamstor/public_html/wp-content/plugins/elementor/core/page-assets/loader.php on line 95
[02-Jun-2026 13:55:07 UTC] PHP Warning:  Undefined array key "dependencies" in /home/alamstor/public_html/wp-content/plugins/elementor/core/page-assets/loader.php on line 95
[02-Jun-2026 13:55:07 UTC] PHP Warning:  Undefined array key "version" in /home/alamstor/public_html/wp-content/plugins/elementor/core/page-assets/loader.php on line 95
[02-Jun-2026 14:05:07 UTC] PHP Warning:  Undefined array key "src" in /home/alamstor/public_html/wp-content/plugins/elementor/core/page-assets/loader.php on line 95
[02-Jun-2026 14:05:07 UTC] PHP Warning:  Undefined array key "dependencies" in /home/alamstor/public_html/wp-content/plugins/elementor/core/page-assets/loader.php on line 95
[02-Jun-2026 14:05:07 UTC] PHP Warning:  Undefined array key "version" in /home/alamstor/public_html/wp-content/plugins/elementor/core/page-assets/loader.php on line 95
[02-Jun-2026 14:05:07 UTC] PHP Warning:  Undefined array key "src" in /home/alamstor/public_html/wp-content/plugins/elementor/core/page-assets/loader.php on line 95
[02-Jun-2026 14:05:07 UTC] PHP Warning:  Undefined array key "dependencies" in /home/alamstor/public_html/wp-content/plugins/elementor/core/page-assets/loader.php on line 95
[02-Jun-2026 14:05:07 UTC] PHP Warning:  Undefined array key "version" in /home/alamstor/public_html/wp-content/plugins/elementor/core/page-assets/loader.php on line 95
[02-Jun-2026 14:06:06 UTC] PHP Warning:  Undefined array key "src" in /home/alamstor/public_html/wp-content/plugins/elementor/core/page-assets/loader.php on line 95
[02-Jun-2026 14:06:06 UTC] PHP Warning:  Undefined array key "dependencies" in /home/alamstor/public_html/wp-content/plugins/elementor/core/page-assets/loader.php on line 95
[02-Jun-2026 14:06:06 UTC] PHP Warning:  Undefined array key "version" in /home/alamstor/public_html/wp-content/plugins/elementor/core/page-assets/loader.php on line 95
[02-Jun-2026 14:06:06 UTC] PHP Warning:  Undefined array key "src" in /home/alamstor/public_html/wp-content/plugins/elementor/core/page-assets/loader.php on line 95
[02-Jun-2026 14:06:06 UTC] PHP Warning:  Undefined array key "dependencies" in /home/alamstor/public_html/wp-content/plugins/elementor/core/page-assets/loader.php on line 95
[02-Jun-2026 14:06:06 UTC] PHP Warning:  Undefined array key "version" in /home/alamstor/public_html/wp-content/plugins/elementor/core/page-assets/loader.php on line 95
[02-Jun-2026 14:06:24 UTC] PHP Warning:  Undefined array key "src" in /home/alamstor/public_html/wp-content/plugins/elementor/core/page-assets/loader.php on line 95
[02-Jun-2026 14:06:24 UTC] PHP Warning:  Undefined array key "dependencies" in /home/alamstor/public_html/wp-content/plugins/elementor/core/page-assets/loader.php on line 95
[02-Jun-2026 14:06:24 UTC] PHP Warning:  Undefined array key "version" in /home/alamstor/public_html/wp-content/plugins/elementor/core/page-assets/loader.php on line 95
[02-Jun-2026 14:06:24 UTC] PHP Warning:  Undefined array key "src" in /home/alamstor/public_html/wp-content/plugins/elementor/core/page-assets/loader.php on line 95
[02-Jun-2026 14:06:24 UTC] PHP Warning:  Undefined array key "dependencies" in /home/alamstor/public_html/wp-content/plugins/elementor/core/page-assets/loader.php on line 95
[02-Jun-2026 14:06:24 UTC] PHP Warning:  Undefined array key "version" in /home/alamstor/public_html/wp-content/plugins/elementor/core/page-assets/loader.php on line 95
[02-Jun-2026 14:06:26 UTC] PHP Warning:  Undefined array key "src" in /home/alamstor/public_html/wp-content/plugins/elementor/core/page-assets/loader.php on line 95
[02-Jun-2026 14:06:26 UTC] PHP Warning:  Undefined array key "dependencies" in /home/alamstor/public_html/wp-content/plugins/elementor/core/page-assets/loader.php on line 95
[02-Jun-2026 14:06:26 UTC] PHP Warning:  Undefined array key "version" in /home/alamstor/public_html/wp-content/plugins/elementor/core/page-assets/loader.php on line 95
[02-Jun-2026 14:06:26 UTC] PHP Warning:  Undefined array key "src" in /home/alamstor/public_html/wp-content/plugins/elementor/core/page-assets/loader.php on line 95
[02-Jun-2026 14:06:26 UTC] PHP Warning:  Undefined array key "dependencies" in /home/alamstor/public_html/wp-content/plugins/elementor/core/page-assets/loader.php on line 95
[02-Jun-2026 14:06:26 UTC] PHP Warning:  Undefined array key "version" in /home/alamstor/public_html/wp-content/plugins/elementor/core/page-assets/loader.php on line 95
[02-Jun-2026 14:06:27 UTC] PHP Warning:  Undefined array key "src" in /home/alamstor/public_html/wp-content/plugins/elementor/core/page-assets/loader.php on line 95
[02-Jun-2026 14:06:27 UTC] PHP Warning:  Undefined array key "dependencies" in /home/alamstor/public_html/wp-content/plugins/elementor/core/page-assets/loader.php on line 95
[02-Jun-2026 14:06:27 UTC] PHP Warning:  Undefined array key "version" in /home/alamstor/public_html/wp-content/plugins/elementor/core/page-assets/loader.php on line 95
[02-Jun-2026 14:06:27 UTC] PHP Warning:  Undefined array key "src" in /home/alamstor/public_html/wp-content/plugins/elementor/core/page-assets/loader.php on line 95
[02-Jun-2026 14:06:27 UTC] PHP Warning:  Undefined array key "dependencies" in /home/alamstor/public_html/wp-content/plugins/elementor/core/page-assets/loader.php on line 95
[02-Jun-2026 14:06:27 UTC] PHP Warning:  Undefined array key "version" in /home/alamstor/public_html/wp-content/plugins/elementor/core/page-assets/loader.php on line 95
[02-Jun-2026 14:06:43 UTC] PHP Warning:  Undefined array key "src" in /home/alamstor/public_html/wp-content/plugins/elementor/core/page-assets/loader.php on line 95
[02-Jun-2026 14:06:43 UTC] PHP Warning:  Undefined array key "dependencies" in /home/alamstor/public_html/wp-content/plugins/elementor/core/page-assets/loader.php on line 95
[02-Jun-2026 14:06:43 UTC] PHP Warning:  Undefined array key "version" in /home/alamstor/public_html/wp-content/plugins/elementor/core/page-assets/loader.php on line 95
[02-Jun-2026 14:06:43 UTC] PHP Warning:  Undefined array key "src" in /home/alamstor/public_html/wp-content/plugins/elementor/core/page-assets/loader.php on line 95
[02-Jun-2026 14:06:43 UTC] PHP Warning:  Undefined array key "dependencies" in /home/alamstor/public_html/wp-content/plugins/elementor/core/page-assets/loader.php on line 95
[02-Jun-2026 14:06:43 UTC] PHP Warning:  Undefined array key "version" in /home/alamstor/public_html/wp-content/plugins/elementor/core/page-assets/loader.php on line 95
[02-Jun-2026 14:06:43 UTC] PHP Warning:  Undefined array key "src" in /home/alamstor/public_html/wp-content/plugins/elementor/core/page-assets/loader.php on line 95
[02-Jun-2026 14:06:43 UTC] PHP Warning:  Undefined array key "dependencies" in /home/alamstor/public_html/wp-content/plugins/elementor/core/page-assets/loader.php on line 95
[02-Jun-2026 14:06:43 UTC] PHP Warning:  Undefined array key "version" in /home/alamstor/public_html/wp-content/plugins/elementor/core/page-assets/loader.php on line 95
[02-Jun-2026 14:06:43 UTC] PHP Warning:  Undefined array key "src" in /home/alamstor/public_html/wp-content/plugins/elementor/core/page-assets/loader.php on line 95
[02-Jun-2026 14:06:43 UTC] PHP Warning:  Undefined array key "dependencies" in /home/alamstor/public_html/wp-content/plugins/elementor/core/page-assets/loader.php on line 95
[02-Jun-2026 14:06:43 UTC] PHP Warning:  Undefined array key "version" in /home/alamstor/public_html/wp-content/plugins/elementor/core/page-assets/loader.php on line 95
[02-Jun-2026 14:06:46 UTC] PHP Warning:  Undefined array key "src" in /home/alamstor/public_html/wp-content/plugins/elementor/core/page-assets/loader.php on line 95
[02-Jun-2026 14:06:46 UTC] PHP Warning:  Undefined array key "dependencies" in /home/alamstor/public_html/wp-content/plugins/elementor/core/page-assets/loader.php on line 95
[02-Jun-2026 14:06:46 UTC] PHP Warning:  Undefined array key "version" in /home/alamstor/public_html/wp-content/plugins/elementor/core/page-assets/loader.php on line 95
[02-Jun-2026 14:06:46 UTC] PHP Warning:  Undefined array key "src" in /home/alamstor/public_html/wp-content/plugins/elementor/core/page-assets/loader.php on line 95
[02-Jun-2026 14:06:46 UTC] PHP Warning:  Undefined array key "dependencies" in /home/alamstor/public_html/wp-content/plugins/elementor/core/page-assets/loader.php on line 95
[02-Jun-2026 14:06:46 UTC] PHP Warning:  Undefined array key "version" in /home/alamstor/public_html/wp-content/plugins/elementor/core/page-assets/loader.php on line 95
[02-Jun-2026 14:06:50 UTC] PHP Warning:  Undefined array key "src" in /home/alamstor/public_html/wp-content/plugins/elementor/core/page-assets/loader.php on line 95
[02-Jun-2026 14:06:50 UTC] PHP Warning:  Undefined array key "dependencies" in /home/alamstor/public_html/wp-content/plugins/elementor/core/page-assets/loader.php on line 95
[02-Jun-2026 14:06:50 UTC] PHP Warning:  Undefined array key "version" in /home/alamstor/public_html/wp-content/plugins/elementor/core/page-assets/loader.php on line 95
[02-Jun-2026 14:06:50 UTC] PHP Warning:  Undefined array key "src" in /home/alamstor/public_html/wp-content/plugins/elementor/core/page-assets/loader.php on line 95
[02-Jun-2026 14:06:50 UTC] PHP Warning:  Undefined array key "dependencies" in /home/alamstor/public_html/wp-content/plugins/elementor/core/page-assets/loader.php on line 95
[02-Jun-2026 14:06:50 UTC] PHP Warning:  Undefined array key "version" in /home/alamstor/public_html/wp-content/plugins/elementor/core/page-assets/loader.php on line 95
[02-Jun-2026 14:06:54 UTC] PHP Warning:  Undefined array key "src" in /home/alamstor/public_html/wp-content/plugins/elementor/core/page-assets/loader.php on line 95
[02-Jun-2026 14:06:54 UTC] PHP Warning:  Undefined array key "dependencies" in /home/alamstor/public_html/wp-content/plugins/elementor/core/page-assets/loader.php on line 95
[02-Jun-2026 14:06:54 UTC] PHP Warning:  Undefined array key "version" in /home/alamstor/public_html/wp-content/plugins/elementor/core/page-assets/loader.php on line 95
[02-Jun-2026 14:06:54 UTC] PHP Warning:  Undefined array key "src" in /home/alamstor/public_html/wp-content/plugins/elementor/core/page-assets/loader.php on line 95
[02-Jun-2026 14:06:54 UTC] PHP Warning:  Undefined array key "dependencies" in /home/alamstor/public_html/wp-content/plugins/elementor/core/page-assets/loader.php on line 95
[02-Jun-2026 14:06:54 UTC] PHP Warning:  Undefined array key "version" in /home/alamstor/public_html/wp-content/plugins/elementor/core/page-assets/loader.php on line 95
[02-Jun-2026 14:06:54 UTC] PHP Warning:  Undefined array key "src" in /home/alamstor/public_html/wp-content/plugins/elementor/core/page-assets/loader.php on line 95
[02-Jun-2026 14:06:54 UTC] PHP Warning:  Undefined array key "dependencies" in /home/alamstor/public_html/wp-content/plugins/elementor/core/page-assets/loader.php on line 95
[02-Jun-2026 14:06:54 UTC] PHP Warning:  Undefined array key "version" in /home/alamstor/public_html/wp-content/plugins/elementor/core/page-assets/loader.php on line 95
[02-Jun-2026 14:06:54 UTC] PHP Warning:  Undefined array key "src" in /home/alamstor/public_html/wp-content/plugins/elementor/core/page-assets/loader.php on line 95
[02-Jun-2026 14:06:54 UTC] PHP Warning:  Undefined array key "dependencies" in /home/alamstor/public_html/wp-content/plugins/elementor/core/page-assets/loader.php on line 95
[02-Jun-2026 14:06:54 UTC] PHP Warning:  Undefined array key "version" in /home/alamstor/public_html/wp-content/plugins/elementor/core/page-assets/loader.php on line 95
[02-Jun-2026 14:07:16 UTC] PHP Warning:  Undefined array key "src" in /home/alamstor/public_html/wp-content/plugins/elementor/core/page-assets/loader.php on line 95
[02-Jun-2026 14:07:16 UTC] PHP Warning:  Undefined array key "dependencies" in /home/alamstor/public_html/wp-content/plugins/elementor/core/page-assets/loader.php on line 95
[02-Jun-2026 14:07:16 UTC] PHP Warning:  Undefined array key "version" in /home/alamstor/public_html/wp-content/plugins/elementor/core/page-assets/loader.php on line 95
[02-Jun-2026 14:07:16 UTC] PHP Warning:  Undefined array key "src" in /home/alamstor/public_html/wp-content/plugins/elementor/core/page-assets/loader.php on line 95
[02-Jun-2026 14:07:16 UTC] PHP Warning:  Undefined array key "dependencies" in /home/alamstor/public_html/wp-content/plugins/elementor/core/page-assets/loader.php on line 95
[02-Jun-2026 14:07:16 UTC] PHP Warning:  Undefined array key "version" in /home/alamstor/public_html/wp-content/plugins/elementor/core/page-assets/loader.php on line 95
[02-Jun-2026 14:07:16 UTC] PHP Warning:  Undefined array key "src" in /home/alamstor/public_html/wp-content/plugins/elementor/core/page-assets/loader.php on line 95
[02-Jun-2026 14:07:16 UTC] PHP Warning:  Undefined array key "dependencies" in /home/alamstor/public_html/wp-content/plugins/elementor/core/page-assets/loader.php on line 95
[02-Jun-2026 14:07:16 UTC] PHP Warning:  Undefined array key "version" in /home/alamstor/public_html/wp-content/plugins/elementor/core/page-assets/loader.php on line 95
[02-Jun-2026 14:07:16 UTC] PHP Warning:  Undefined array key "src" in /home/alamstor/public_html/wp-content/plugins/elementor/core/page-assets/loader.php on line 95
[02-Jun-2026 14:07:16 UTC] PHP Warning:  Undefined array key "dependencies" in /home/alamstor/public_html/wp-content/plugins/elementor/core/page-assets/loader.php on line 95
[02-Jun-2026 14:07:16 UTC] PHP Warning:  Undefined array key "version" in /home/alamstor/public_html/wp-content/plugins/elementor/core/page-assets/loader.php on line 95
[02-Jun-2026 14:08:03 UTC] PHP Warning:  Undefined array key "src" in /home/alamstor/public_html/wp-content/plugins/elementor/core/page-assets/loader.php on line 95
[02-Jun-2026 14:08:03 UTC] PHP Warning:  Undefined array key "dependencies" in /home/alamstor/public_html/wp-content/plugins/elementor/core/page-assets/loader.php on line 95
[02-Jun-2026 14:08:03 UTC] PHP Warning:  Undefined array key "version" in /home/alamstor/public_html/wp-content/plugins/elementor/core/page-assets/loader.php on line 95
[02-Jun-2026 14:08:03 UTC] PHP Warning:  Undefined array key "src" in /home/alamstor/public_html/wp-content/plugins/elementor/core/page-assets/loader.php on line 95
[02-Jun-2026 14:08:03 UTC] PHP Warning:  Undefined array key "dependencies" in /home/alamstor/public_html/wp-content/plugins/elementor/core/page-assets/loader.php on line 95
[02-Jun-2026 14:08:03 UTC] PHP Warning:  Undefined array key "version" in /home/alamstor/public_html/wp-content/plugins/elementor/core/page-assets/loader.php on line 95
[02-Jun-2026 14:08:10 UTC] PHP Warning:  Undefined array key "src" in /home/alamstor/public_html/wp-content/plugins/elementor/core/page-assets/loader.php on line 95
[02-Jun-2026 14:08:10 UTC] PHP Warning:  Undefined array key "dependencies" in /home/alamstor/public_html/wp-content/plugins/elementor/core/page-assets/loader.php on line 95
[02-Jun-2026 14:08:10 UTC] PHP Warning:  Undefined array key "version" in /home/alamstor/public_html/wp-content/plugins/elementor/core/page-assets/loader.php on line 95
[02-Jun-2026 14:08:10 UTC] PHP Warning:  Undefined array key "src" in /home/alamstor/public_html/wp-content/plugins/elementor/core/page-assets/loader.php on line 95
[02-Jun-2026 14:08:10 UTC] PHP Warning:  Undefined array key "dependencies" in /home/alamstor/public_html/wp-content/plugins/elementor/core/page-assets/loader.php on line 95
[02-Jun-2026 14:08:10 UTC] PHP Warning:  Undefined array key "version" in /home/alamstor/public_html/wp-content/plugins/elementor/core/page-assets/loader.php on line 95
[02-Jun-2026 14:08:10 UTC] PHP Warning:  Undefined array key "src" in /home/alamstor/public_html/wp-content/plugins/elementor/core/page-assets/loader.php on line 95
[02-Jun-2026 14:08:10 UTC] PHP Warning:  Undefined array key "dependencies" in /home/alamstor/public_html/wp-content/plugins/elementor/core/page-assets/loader.php on line 95
[02-Jun-2026 14:08:10 UTC] PHP Warning:  Undefined array key "version" in /home/alamstor/public_html/wp-content/plugins/elementor/core/page-assets/loader.php on line 95
[02-Jun-2026 14:08:10 UTC] PHP Warning:  Undefined array key "src" in /home/alamstor/public_html/wp-content/plugins/elementor/core/page-assets/loader.php on line 95
[02-Jun-2026 14:08:10 UTC] PHP Warning:  Undefined array key "dependencies" in /home/alamstor/public_html/wp-content/plugins/elementor/core/page-assets/loader.php on line 95
[02-Jun-2026 14:08:10 UTC] PHP Warning:  Undefined array key "version" in /home/alamstor/public_html/wp-content/plugins/elementor/core/page-assets/loader.php on line 95
[02-Jun-2026 14:08:14 UTC] PHP Warning:  Undefined array key "src" in /home/alamstor/public_html/wp-content/plugins/elementor/core/page-assets/loader.php on line 95
[02-Jun-2026 14:08:14 UTC] PHP Warning:  Undefined array key "dependencies" in /home/alamstor/public_html/wp-content/plugins/elementor/core/page-assets/loader.php on line 95
[02-Jun-2026 14:08:14 UTC] PHP Warning:  Undefined array key "version" in /home/alamstor/public_html/wp-content/plugins/elementor/core/page-assets/loader.php on line 95
[02-Jun-2026 14:08:14 UTC] PHP Warning:  Undefined array key "src" in /home/alamstor/public_html/wp-content/plugins/elementor/core/page-assets/loader.php on line 95
[02-Jun-2026 14:08:14 UTC] PHP Warning:  Undefined array key "dependencies" in /home/alamstor/public_html/wp-content/plugins/elementor/core/page-assets/loader.php on line 95
[02-Jun-2026 14:08:14 UTC] PHP Warning:  Undefined array key "version" in /home/alamstor/public_html/wp-content/plugins/elementor/core/page-assets/loader.php on line 95
[02-Jun-2026 14:08:21 UTC] PHP Warning:  Undefined array key "src" in /home/alamstor/public_html/wp-content/plugins/elementor/core/page-assets/loader.php on line 95
[02-Jun-2026 14:08:21 UTC] PHP Warning:  Undefined array key "dependencies" in /home/alamstor/public_html/wp-content/plugins/elementor/core/page-assets/loader.php on line 95
[02-Jun-2026 14:08:21 UTC] PHP Warning:  Undefined array key "version" in /home/alamstor/public_html/wp-content/plugins/elementor/core/page-assets/loader.php on line 95
[02-Jun-2026 14:08:21 UTC] PHP Warning:  Undefined array key "src" in /home/alamstor/public_html/wp-content/plugins/elementor/core/page-assets/loader.php on line 95
[02-Jun-2026 14:08:21 UTC] PHP Warning:  Undefined array key "dependencies" in /home/alamstor/public_html/wp-content/plugins/elementor/core/page-assets/loader.php on line 95
[02-Jun-2026 14:08:21 UTC] PHP Warning:  Undefined array key "version" in /home/alamstor/public_html/wp-content/plugins/elementor/core/page-assets/loader.php on line 95
[02-Jun-2026 14:09:09 UTC] PHP Warning:  Undefined array key "src" in /home/alamstor/public_html/wp-content/plugins/elementor/core/page-assets/loader.php on line 95
[02-Jun-2026 14:09:09 UTC] PHP Warning:  Undefined array key "dependencies" in /home/alamstor/public_html/wp-content/plugins/elementor/core/page-assets/loader.php on line 95
[02-Jun-2026 14:09:09 UTC] PHP Warning:  Undefined array key "version" in /home/alamstor/public_html/wp-content/plugins/elementor/core/page-assets/loader.php on line 95
[02-Jun-2026 14:09:09 UTC] PHP Warning:  Undefined array key "src" in /home/alamstor/public_html/wp-content/plugins/elementor/core/page-assets/loader.php on line 95
[02-Jun-2026 14:09:09 UTC] PHP Warning:  Undefined array key "dependencies" in /home/alamstor/public_html/wp-content/plugins/elementor/core/page-assets/loader.php on line 95
[02-Jun-2026 14:09:09 UTC] PHP Warning:  Undefined array key "version" in /home/alamstor/public_html/wp-content/plugins/elementor/core/page-assets/loader.php on line 95
[02-Jun-2026 14:11:11 UTC] PHP Warning:  Undefined array key "src" in /home/alamstor/public_html/wp-content/plugins/elementor/core/page-assets/loader.php on line 95
[02-Jun-2026 14:11:11 UTC] PHP Warning:  Undefined array key "dependencies" in /home/alamstor/public_html/wp-content/plugins/elementor/core/page-assets/loader.php on line 95
[02-Jun-2026 14:11:11 UTC] PHP Warning:  Undefined array key "version" in /home/alamstor/public_html/wp-content/plugins/elementor/core/page-assets/loader.php on line 95
[02-Jun-2026 14:11:11 UTC] PHP Warning:  Undefined array key "src" in /home/alamstor/public_html/wp-content/plugins/elementor/core/page-assets/loader.php on line 95
[02-Jun-2026 14:11:11 UTC] PHP Warning:  Undefined array key "dependencies" in /home/alamstor/public_html/wp-content/plugins/elementor/core/page-assets/loader.php on line 95
[02-Jun-2026 14:11:11 UTC] PHP Warning:  Undefined array key "version" in /home/alamstor/public_html/wp-content/plugins/elementor/core/page-assets/loader.php on line 95
[02-Jun-2026 14:11:12 UTC] PHP Warning:  Undefined array key "src" in /home/alamstor/public_html/wp-content/plugins/elementor/core/page-assets/loader.php on line 95
[02-Jun-2026 14:11:12 UTC] PHP Warning:  Undefined array key "dependencies" in /home/alamstor/public_html/wp-content/plugins/elementor/core/page-assets/loader.php on line 95
[02-Jun-2026 14:11:12 UTC] PHP Warning:  Undefined array key "version" in /home/alamstor/public_html/wp-content/plugins/elementor/core/page-assets/loader.php on line 95
[02-Jun-2026 14:11:12 UTC] PHP Warning:  Undefined array key "src" in /home/alamstor/public_html/wp-content/plugins/elementor/core/page-assets/loader.php on line 95
[02-Jun-2026 14:11:12 UTC] PHP Warning:  Undefined array key "dependencies" in /home/alamstor/public_html/wp-content/plugins/elementor/core/page-assets/loader.php on line 95
[02-Jun-2026 14:11:12 UTC] PHP Warning:  Undefined array key "version" in /home/alamstor/public_html/wp-content/plugins/elementor/core/page-assets/loader.php on line 95
[02-Jun-2026 14:15:09 UTC] Automatic updates starting...
[02-Jun-2026 14:15:09 UTC]   Automatic plugin updates starting...
[02-Jun-2026 14:15:09 UTC]     Upgrading plugin 'cmb2'...
[02-Jun-2026 14:15:13 UTC]     Plugin 'cmb2' has been upgraded.
[02-Jun-2026 14:15:15 UTC]     Scraping home page...
[02-Jun-2026 14:15:15 UTC] '###### wp_scraping_result_start:0bfda87b1020ced9b0f392dd87657d1f ######
true
###### wp_scraping_result_end:0bfda87b1020ced9b0f392dd87657d1f ######
'
[02-Jun-2026 14:15:15 UTC]     The update for 'cmb2' has no fatal errors.
[02-Jun-2026 14:15:15 UTC]     Upgrading plugin 'contact-form-7'...
[02-Jun-2026 14:15:16 UTC]     Plugin 'contact-form-7' has been upgraded.
[02-Jun-2026 14:15:18 UTC]     Scraping home page...
[02-Jun-2026 14:15:18 UTC] '<!DOCTYPE html>
<html dir=\'ltr\'>
<head>
	<meta http-equiv="Content-Type" content="text/html; charset=UTF-8" />
	<meta name="viewport" content="width=device-width, initial-scale=1.0">
			<title>Maintenance</title>
	<style>
		html {
			background: #f1f1f1;
		}
		body {
			background: #fff;
			border: 1px solid #ccd0d4;
			color: #444;
			font-family: -apple-system, BlinkMacSystemFont, "Segoe UI", Roboto, Oxygen-Sans, Ubuntu, Cantarell, "Helvetica Neue", sans-serif;
			margin: 2em auto;
			padding: 1em 2em;
			max-width: 700px;
			-webkit-box-shadow: 0 1px 1px rgba(0, 0, 0, .04);
			box-shadow: 0 1px 1px rgba(0, 0, 0, .04);
		}
		h1 {
			border-bottom: 1px solid #dadada;
			clear: both;
			color: #666;
			font-size: 24px;
			margin: 30px 0 0 0;
			padding: 0;
			padding-bottom: 7px;
		}
		#error-page {
			margin-top: 50px;
		}
		#error-page p,
		#error-page .wp-die-message {
			font-size: 14px;
			line-height: 1.5;
			margin: 25px 0 20px;
		}
		#error-page code {
			font-family: Consolas, Monaco, monospace;
		}
		ul li {
			margin-bottom: 10px;
			font-size: 14px ;
		}
		a {
			color: #3858e9;
		}
		a:hover,
		a:active {
			color: #183ad6;
		}
		a:focus {
			color: #183ad6;
			box-shadow: 0 0 0 var(--wp-admin-border-width-focus, 1.5px) var(--wp-admin-theme-color, #3858e9);
			outline: 2px solid transparent;
		}
		.button {
			background: #f3f5f6;
			border: 1px solid #016087;
			color: #016087;
			display: inline-block;
			text-decoration: none;
			font-size: 13px;
			line-height: 2;
			height: 28px;
			margin: 0;
			padding: 0 10px 1px;
			cursor: pointer;
			-webkit-border-radius: 3px;
			-webkit-appearance: none;
			border-radius: 3px;
			white-space: nowrap;
			-webkit-box-sizing: border-box;
			-moz-box-sizing:    border-box;
			box-sizing:         border-box;

			vertical-align: top;
		}

		.button.button-large {
			line-height: 2.30769231;
			min-height: 32px;
			padding: 0 12px;
		}

		.button:hover,
		.button:focus {
			background: #f1f1f1;
		}

		.button:focus {
			background: #f3f5f6;
			border-color: #007cba;
			-webkit-box-shadow: 0 0 0 1px #007cba;
			box-shadow: 0 0 0 1px #007cba;
			color: #016087;
			outline: 2px solid transparent;
			outline-offset: 0;
		}

		.button:active {
			background: #f3f5f6;
			border-color: #7e8993;
			-webkit-box-shadow: none;
			box-shadow: none;
		}

			</style>
</head>
<body id="error-page">
	<div class="wp-die-message">Briefly unavailable for scheduled maintenance. Check back in a minute.</div></body>
</html>
	'
[02-Jun-2026 14:15:18 UTC]     The update for 'contact-form-7' has no fatal errors.
[02-Jun-2026 14:15:18 UTC]     Upgrading plugin 'creame-whatsapp-me'...
[02-Jun-2026 14:15:21 UTC]     Plugin 'creame-whatsapp-me' has been upgraded.
[02-Jun-2026 14:15:23 UTC]     Scraping home page...
[02-Jun-2026 14:15:23 UTC] '<!DOCTYPE html>
<html dir=\'ltr\'>
<head>
	<meta http-equiv="Content-Type" content="text/html; charset=UTF-8" />
	<meta name="viewport" content="width=device-width, initial-scale=1.0">
			<title>Maintenance</title>
	<style>
		html {
			background: #f1f1f1;
		}
		body {
			background: #fff;
			border: 1px solid #ccd0d4;
			color: #444;
			font-family: -apple-system, BlinkMacSystemFont, "Segoe UI", Roboto, Oxygen-Sans, Ubuntu, Cantarell, "Helvetica Neue", sans-serif;
			margin: 2em auto;
			padding: 1em 2em;
			max-width: 700px;
			-webkit-box-shadow: 0 1px 1px rgba(0, 0, 0, .04);
			box-shadow: 0 1px 1px rgba(0, 0, 0, .04);
		}
		h1 {
			border-bottom: 1px solid #dadada;
			clear: both;
			color: #666;
			font-size: 24px;
			margin: 30px 0 0 0;
			padding: 0;
			padding-bottom: 7px;
		}
		#error-page {
			margin-top: 50px;
		}
		#error-page p,
		#error-page .wp-die-message {
			font-size: 14px;
			line-height: 1.5;
			margin: 25px 0 20px;
		}
		#error-page code {
			font-family: Consolas, Monaco, monospace;
		}
		ul li {
			margin-bottom: 10px;
			font-size: 14px ;
		}
		a {
			color: #3858e9;
		}
		a:hover,
		a:active {
			color: #183ad6;
		}
		a:focus {
			color: #183ad6;
			box-shadow: 0 0 0 var(--wp-admin-border-width-focus, 1.5px) var(--wp-admin-theme-color, #3858e9);
			outline: 2px solid transparent;
		}
		.button {
			background: #f3f5f6;
			border: 1px solid #016087;
			color: #016087;
			display: inline-block;
			text-decoration: none;
			font-size: 13px;
			line-height: 2;
			height: 28px;
			margin: 0;
			padding: 0 10px 1px;
			cursor: pointer;
			-webkit-border-radius: 3px;
			-webkit-appearance: none;
			border-radius: 3px;
			white-space: nowrap;
			-webkit-box-sizing: border-box;
			-moz-box-sizing:    border-box;
			box-sizing:         border-box;

			vertical-align: top;
		}

		.button.button-large {
			line-height: 2.30769231;
			min-height: 32px;
			padding: 0 12px;
		}

		.button:hover,
		.button:focus {
			background: #f1f1f1;
		}

		.button:focus {
			background: #f3f5f6;
			border-color: #007cba;
			-webkit-box-shadow: 0 0 0 1px #007cba;
			box-shadow: 0 0 0 1px #007cba;
			color: #016087;
			outline: 2px solid transparent;
			outline-offset: 0;
		}

		.button:active {
			background: #f3f5f6;
			border-color: #7e8993;
			-webkit-box-shadow: none;
			box-shadow: none;
		}

			</style>
</head>
<body id="error-page">
	<div class="wp-die-message">Briefly unavailable for scheduled maintenance. Check back in a minute.</div></body>
</html>
	'
[02-Jun-2026 14:15:23 UTC]     The update for 'creame-whatsapp-me' has no fatal errors.
[02-Jun-2026 14:15:23 UTC]   Automatic plugin updates complete.
[02-Jun-2026 14:15:23 UTC]   Automatic theme updates starting...
[02-Jun-2026 14:15:23 UTC]   Automatic theme updates complete.
[02-Jun-2026 14:15:23 UTC] Automatic updates complete.
[02-Jun-2026 14:26:57 UTC] PHP Warning:  Undefined array key "src" in /home/alamstor/public_html/wp-content/plugins/elementor/core/page-assets/loader.php on line 95
[02-Jun-2026 14:26:57 UTC] PHP Warning:  Undefined array key "dependencies" in /home/alamstor/public_html/wp-content/plugins/elementor/core/page-assets/loader.php on line 95
[02-Jun-2026 14:26:57 UTC] PHP Warning:  Undefined array key "version" in /home/alamstor/public_html/wp-content/plugins/elementor/core/page-assets/loader.php on line 95
[02-Jun-2026 14:26:57 UTC] PHP Warning:  Undefined array key "src" in /home/alamstor/public_html/wp-content/plugins/elementor/core/page-assets/loader.php on line 95
[02-Jun-2026 14:26:57 UTC] PHP Warning:  Undefined array key "dependencies" in /home/alamstor/public_html/wp-content/plugins/elementor/core/page-assets/loader.php on line 95
[02-Jun-2026 14:26:57 UTC] PHP Warning:  Undefined array key "version" in /home/alamstor/public_html/wp-content/plugins/elementor/core/page-assets/loader.php on line 95
[02-Jun-2026 14:28:53 UTC] PHP Warning:  Undefined array key "src" in /home/alamstor/public_html/wp-content/plugins/elementor/core/page-assets/loader.php on line 95
[02-Jun-2026 14:28:53 UTC] PHP Warning:  Undefined array key "src" in /home/alamstor/public_html/wp-content/plugins/elementor/core/page-assets/loader.php on line 95
[02-Jun-2026 14:28:53 UTC] PHP Warning:  Undefined array key "src" in /home/alamstor/public_html/wp-content/plugins/elementor/core/page-assets/loader.php on line 95
[02-Jun-2026 14:28:53 UTC] PHP Warning:  Undefined array key "dependencies" in /home/alamstor/public_html/wp-content/plugins/elementor/core/page-assets/loader.php on line 95
[02-Jun-2026 14:28:53 UTC] PHP Warning:  Undefined array key "dependencies" in /home/alamstor/public_html/wp-content/plugins/elementor/core/page-assets/loader.php on line 95
[02-Jun-2026 14:28:53 UTC] PHP Warning:  Undefined array key "dependencies" in /home/alamstor/public_html/wp-content/plugins/elementor/core/page-assets/loader.php on line 95
[02-Jun-2026 14:28:53 UTC] PHP Warning:  Undefined array key "version" in /home/alamstor/public_html/wp-content/plugins/elementor/core/page-assets/loader.php on line 95
[02-Jun-2026 14:28:53 UTC] PHP Warning:  Undefined array key "version" in /home/alamstor/public_html/wp-content/plugins/elementor/core/page-assets/loader.php on line 95
[02-Jun-2026 14:28:53 UTC] PHP Warning:  Undefined array key "version" in /home/alamstor/public_html/wp-content/plugins/elementor/core/page-assets/loader.php on line 95
[02-Jun-2026 14:28:53 UTC] PHP Warning:  Undefined array key "src" in /home/alamstor/public_html/wp-content/plugins/elementor/core/page-assets/loader.php on line 95
[02-Jun-2026 14:28:53 UTC] PHP Warning:  Undefined array key "src" in /home/alamstor/public_html/wp-content/plugins/elementor/core/page-assets/loader.php on line 95
[02-Jun-2026 14:28:53 UTC] PHP Warning:  Undefined array key "src" in /home/alamstor/public_html/wp-content/plugins/elementor/core/page-assets/loader.php on line 95
[02-Jun-2026 14:28:53 UTC] PHP Warning:  Undefined array key "dependencies" in /home/alamstor/public_html/wp-content/plugins/elementor/core/page-assets/loader.php on line 95
[02-Jun-2026 14:28:53 UTC] PHP Warning:  Undefined array key "dependencies" in /home/alamstor/public_html/wp-content/plugins/elementor/core/page-assets/loader.php on line 95
[02-Jun-2026 14:28:53 UTC] PHP Warning:  Undefined array key "version" in /home/alamstor/public_html/wp-content/plugins/elementor/core/page-assets/loader.php on line 95
[02-Jun-2026 14:28:53 UTC] PHP Warning:  Undefined array key "dependencies" in /home/alamstor/public_html/wp-content/plugins/elementor/core/page-assets/loader.php on line 95
[02-Jun-2026 14:28:53 UTC] PHP Warning:  Undefined array key "version" in /home/alamstor/public_html/wp-content/plugins/elementor/core/page-assets/loader.php on line 95
[02-Jun-2026 14:28:53 UTC] PHP Warning:  Undefined array key "version" in /home/alamstor/public_html/wp-content/plugins/elementor/core/page-assets/loader.php on line 95
[02-Jun-2026 14:29:13 UTC] PHP Warning:  Undefined array key "src" in /home/alamstor/public_html/wp-content/plugins/elementor/core/page-assets/loader.php on line 95
[02-Jun-2026 14:29:13 UTC] PHP Warning:  Undefined array key "dependencies" in /home/alamstor/public_html/wp-content/plugins/elementor/core/page-assets/loader.php on line 95
[02-Jun-2026 14:29:13 UTC] PHP Warning:  Undefined array key "version" in /home/alamstor/public_html/wp-content/plugins/elementor/core/page-assets/loader.php on line 95
[02-Jun-2026 14:29:13 UTC] PHP Warning:  Undefined array key "src" in /home/alamstor/public_html/wp-content/plugins/elementor/core/page-assets/loader.php on line 95
[02-Jun-2026 14:29:13 UTC] PHP Warning:  Undefined array key "dependencies" in /home/alamstor/public_html/wp-content/plugins/elementor/core/page-assets/loader.php on line 95
[02-Jun-2026 14:29:13 UTC] PHP Warning:  Undefined array key "version" in /home/alamstor/public_html/wp-content/plugins/elementor/core/page-assets/loader.php on line 95
[02-Jun-2026 14:29:36 UTC] PHP Warning:  Undefined array key "src" in /home/alamstor/public_html/wp-content/plugins/elementor/core/page-assets/loader.php on line 95
[02-Jun-2026 14:29:36 UTC] PHP Warning:  Undefined array key "dependencies" in /home/alamstor/public_html/wp-content/plugins/elementor/core/page-assets/loader.php on line 95
[02-Jun-2026 14:29:36 UTC] PHP Warning:  Undefined array key "version" in /home/alamstor/public_html/wp-content/plugins/elementor/core/page-assets/loader.php on line 95
[02-Jun-2026 14:29:36 UTC] PHP Warning:  Undefined array key "src" in /home/alamstor/public_html/wp-content/plugins/elementor/core/page-assets/loader.php on line 95
[02-Jun-2026 14:29:36 UTC] PHP Warning:  Undefined array key "dependencies" in /home/alamstor/public_html/wp-content/plugins/elementor/core/page-assets/loader.php on line 95
[02-Jun-2026 14:29:36 UTC] PHP Warning:  Undefined array key "version" in /home/alamstor/public_html/wp-content/plugins/elementor/core/page-assets/loader.php on line 95
[02-Jun-2026 14:30:20 UTC] PHP Warning:  Undefined array key "src" in /home/alamstor/public_html/wp-content/plugins/elementor/core/page-assets/loader.php on line 95
[02-Jun-2026 14:30:20 UTC] PHP Warning:  Undefined array key "dependencies" in /home/alamstor/public_html/wp-content/plugins/elementor/core/page-assets/loader.php on line 95
[02-Jun-2026 14:30:20 UTC] PHP Warning:  Undefined array key "version" in /home/alamstor/public_html/wp-content/plugins/elementor/core/page-assets/loader.php on line 95
[02-Jun-2026 14:30:20 UTC] PHP Warning:  Undefined array key "src" in /home/alamstor/public_html/wp-content/plugins/elementor/core/page-assets/loader.php on line 95
[02-Jun-2026 14:30:20 UTC] PHP Warning:  Undefined array key "dependencies" in /home/alamstor/public_html/wp-content/plugins/elementor/core/page-assets/loader.php on line 95
[02-Jun-2026 14:30:20 UTC] PHP Warning:  Undefined array key "version" in /home/alamstor/public_html/wp-content/plugins/elementor/core/page-assets/loader.php on line 95
[02-Jun-2026 14:33:12 UTC] PHP Warning:  Undefined array key "src" in /home/alamstor/public_html/wp-content/plugins/elementor/core/page-assets/loader.php on line 95
[02-Jun-2026 14:33:12 UTC] PHP Warning:  Undefined array key "dependencies" in /home/alamstor/public_html/wp-content/plugins/elementor/core/page-assets/loader.php on line 95
[02-Jun-2026 14:33:12 UTC] PHP Warning:  Undefined array key "version" in /home/alamstor/public_html/wp-content/plugins/elementor/core/page-assets/loader.php on line 95
[02-Jun-2026 14:33:12 UTC] PHP Warning:  Undefined array key "src" in /home/alamstor/public_html/wp-content/plugins/elementor/core/page-assets/loader.php on line 95
[02-Jun-2026 14:33:12 UTC] PHP Warning:  Undefined array key "dependencies" in /home/alamstor/public_html/wp-content/plugins/elementor/core/page-assets/loader.php on line 95
[02-Jun-2026 14:33:12 UTC] PHP Warning:  Undefined array key "version" in /home/alamstor/public_html/wp-content/plugins/elementor/core/page-assets/loader.php on line 95
[02-Jun-2026 14:33:13 UTC] PHP Warning:  Undefined array key "src" in /home/alamstor/public_html/wp-content/plugins/elementor/core/page-assets/loader.php on line 95
[02-Jun-2026 14:33:13 UTC] PHP Warning:  Undefined array key "dependencies" in /home/alamstor/public_html/wp-content/plugins/elementor/core/page-assets/loader.php on line 95
[02-Jun-2026 14:33:13 UTC] PHP Warning:  Undefined array key "version" in /home/alamstor/public_html/wp-content/plugins/elementor/core/page-assets/loader.php on line 95
[02-Jun-2026 14:33:13 UTC] PHP Warning:  Undefined array key "src" in /home/alamstor/public_html/wp-content/plugins/elementor/core/page-assets/loader.php on line 95
[02-Jun-2026 14:33:13 UTC] PHP Warning:  Undefined array key "dependencies" in /home/alamstor/public_html/wp-content/plugins/elementor/core/page-assets/loader.php on line 95
[02-Jun-2026 14:33:13 UTC] PHP Warning:  Undefined array key "version" in /home/alamstor/public_html/wp-content/plugins/elementor/core/page-assets/loader.php on line 95
[02-Jun-2026 14:33:48 UTC] PHP Warning:  Undefined array key "src" in /home/alamstor/public_html/wp-content/plugins/elementor/core/page-assets/loader.php on line 95
[02-Jun-2026 14:33:48 UTC] PHP Warning:  Undefined array key "dependencies" in /home/alamstor/public_html/wp-content/plugins/elementor/core/page-assets/loader.php on line 95
[02-Jun-2026 14:33:48 UTC] PHP Warning:  Undefined array key "version" in /home/alamstor/public_html/wp-content/plugins/elementor/core/page-assets/loader.php on line 95
[02-Jun-2026 14:33:48 UTC] PHP Warning:  Undefined array key "src" in /home/alamstor/public_html/wp-content/plugins/elementor/core/page-assets/loader.php on line 95
[02-Jun-2026 14:33:48 UTC] PHP Warning:  Undefined array key "dependencies" in /home/alamstor/public_html/wp-content/plugins/elementor/core/page-assets/loader.php on line 95
[02-Jun-2026 14:33:48 UTC] PHP Warning:  Undefined array key "version" in /home/alamstor/public_html/wp-content/plugins/elementor/core/page-assets/loader.php on line 95
[02-Jun-2026 14:33:49 UTC] PHP Warning:  Undefined array key "src" in /home/alamstor/public_html/wp-content/plugins/elementor/core/page-assets/loader.php on line 95
[02-Jun-2026 14:33:49 UTC] PHP Warning:  Undefined array key "dependencies" in /home/alamstor/public_html/wp-content/plugins/elementor/core/page-assets/loader.php on line 95
[02-Jun-2026 14:33:49 UTC] PHP Warning:  Undefined array key "version" in /home/alamstor/public_html/wp-content/plugins/elementor/core/page-assets/loader.php on line 95
[02-Jun-2026 14:33:49 UTC] PHP Warning:  Undefined array key "src" in /home/alamstor/public_html/wp-content/plugins/elementor/core/page-assets/loader.php on line 95
[02-Jun-2026 14:33:49 UTC] PHP Warning:  Undefined array key "dependencies" in /home/alamstor/public_html/wp-content/plugins/elementor/core/page-assets/loader.php on line 95
[02-Jun-2026 14:33:49 UTC] PHP Warning:  Undefined array key "version" in /home/alamstor/public_html/wp-content/plugins/elementor/core/page-assets/loader.php on line 95
[02-Jun-2026 14:33:59 UTC] PHP Warning:  Undefined array key "src" in /home/alamstor/public_html/wp-content/plugins/elementor/core/page-assets/loader.php on line 95
[02-Jun-2026 14:33:59 UTC] PHP Warning:  Undefined array key "dependencies" in /home/alamstor/public_html/wp-content/plugins/elementor/core/page-assets/loader.php on line 95
[02-Jun-2026 14:33:59 UTC] PHP Warning:  Undefined array key "version" in /home/alamstor/public_html/wp-content/plugins/elementor/core/page-assets/loader.php on line 95
[02-Jun-2026 14:33:59 UTC] PHP Warning:  Undefined array key "src" in /home/alamstor/public_html/wp-content/plugins/elementor/core/page-assets/loader.php on line 95
[02-Jun-2026 14:33:59 UTC] PHP Warning:  Undefined array key "dependencies" in /home/alamstor/public_html/wp-content/plugins/elementor/core/page-assets/loader.php on line 95
[02-Jun-2026 14:33:59 UTC] PHP Warning:  Undefined array key "version" in /home/alamstor/public_html/wp-content/plugins/elementor/core/page-assets/loader.php on line 95
[02-Jun-2026 14:34:00 UTC] PHP Warning:  Undefined array key "src" in /home/alamstor/public_html/wp-content/plugins/elementor/core/page-assets/loader.php on line 95
[02-Jun-2026 14:34:00 UTC] PHP Warning:  Undefined array key "dependencies" in /home/alamstor/public_html/wp-content/plugins/elementor/core/page-assets/loader.php on line 95
[02-Jun-2026 14:34:00 UTC] PHP Warning:  Undefined array key "version" in /home/alamstor/public_html/wp-content/plugins/elementor/core/page-assets/loader.php on line 95
[02-Jun-2026 14:34:00 UTC] PHP Warning:  Undefined array key "src" in /home/alamstor/public_html/wp-content/plugins/elementor/core/page-assets/loader.php on line 95
[02-Jun-2026 14:34:00 UTC] PHP Warning:  Undefined array key "dependencies" in /home/alamstor/public_html/wp-content/plugins/elementor/core/page-assets/loader.php on line 95
[02-Jun-2026 14:34:00 UTC] PHP Warning:  Undefined array key "version" in /home/alamstor/public_html/wp-content/plugins/elementor/core/page-assets/loader.php on line 95
[02-Jun-2026 14:34:01 UTC] PHP Warning:  Undefined array key "src" in /home/alamstor/public_html/wp-content/plugins/elementor/core/page-assets/loader.php on line 95
[02-Jun-2026 14:34:01 UTC] PHP Warning:  Undefined array key "dependencies" in /home/alamstor/public_html/wp-content/plugins/elementor/core/page-assets/loader.php on line 95
[02-Jun-2026 14:34:01 UTC] PHP Warning:  Undefined array key "version" in /home/alamstor/public_html/wp-content/plugins/elementor/core/page-assets/loader.php on line 95
[02-Jun-2026 14:34:01 UTC] PHP Warning:  Undefined array key "src" in /home/alamstor/public_html/wp-content/plugins/elementor/core/page-assets/loader.php on line 95
[02-Jun-2026 14:34:01 UTC] PHP Warning:  Undefined array key "dependencies" in /home/alamstor/public_html/wp-content/plugins/elementor/core/page-assets/loader.php on line 95
[02-Jun-2026 14:34:01 UTC] PHP Warning:  Undefined array key "version" in /home/alamstor/public_html/wp-content/plugins/elementor/core/page-assets/loader.php on line 95
[02-Jun-2026 15:13:29 UTC] PHP Warning:  Undefined array key "src" in /home/alamstor/public_html/wp-content/plugins/elementor/core/page-assets/loader.php on line 95
[02-Jun-2026 15:13:29 UTC] PHP Warning:  Undefined array key "dependencies" in /home/alamstor/public_html/wp-content/plugins/elementor/core/page-assets/loader.php on line 95
[02-Jun-2026 15:13:29 UTC] PHP Warning:  Undefined array key "version" in /home/alamstor/public_html/wp-content/plugins/elementor/core/page-assets/loader.php on line 95
[02-Jun-2026 15:13:29 UTC] PHP Warning:  Undefined array key "src" in /home/alamstor/public_html/wp-content/plugins/elementor/core/page-assets/loader.php on line 95
[02-Jun-2026 15:13:29 UTC] PHP Warning:  Undefined array key "dependencies" in /home/alamstor/public_html/wp-content/plugins/elementor/core/page-assets/loader.php on line 95
[02-Jun-2026 15:13:29 UTC] PHP Warning:  Undefined array key "version" in /home/alamstor/public_html/wp-content/plugins/elementor/core/page-assets/loader.php on line 95
[02-Jun-2026 15:13:30 UTC] PHP Warning:  Undefined array key "src" in /home/alamstor/public_html/wp-content/plugins/elementor/core/page-assets/loader.php on line 95
[02-Jun-2026 15:13:30 UTC] PHP Warning:  Undefined array key "dependencies" in /home/alamstor/public_html/wp-content/plugins/elementor/core/page-assets/loader.php on line 95
[02-Jun-2026 15:13:30 UTC] PHP Warning:  Undefined array key "version" in /home/alamstor/public_html/wp-content/plugins/elementor/core/page-assets/loader.php on line 95
[02-Jun-2026 15:13:30 UTC] PHP Warning:  Undefined array key "src" in /home/alamstor/public_html/wp-content/plugins/elementor/core/page-assets/loader.php on line 95
[02-Jun-2026 15:13:30 UTC] PHP Warning:  Undefined array key "dependencies" in /home/alamstor/public_html/wp-content/plugins/elementor/core/page-assets/loader.php on line 95
[02-Jun-2026 15:13:30 UTC] PHP Warning:  Undefined array key "version" in /home/alamstor/public_html/wp-content/plugins/elementor/core/page-assets/loader.php on line 95
[02-Jun-2026 15:13:30 UTC] PHP Warning:  Undefined array key "src" in /home/alamstor/public_html/wp-content/plugins/elementor/core/page-assets/loader.php on line 95
[02-Jun-2026 15:13:30 UTC] PHP Warning:  Undefined array key "dependencies" in /home/alamstor/public_html/wp-content/plugins/elementor/core/page-assets/loader.php on line 95
[02-Jun-2026 15:13:30 UTC] PHP Warning:  Undefined array key "version" in /home/alamstor/public_html/wp-content/plugins/elementor/core/page-assets/loader.php on line 95
[02-Jun-2026 15:13:30 UTC] PHP Warning:  Undefined array key "src" in /home/alamstor/public_html/wp-content/plugins/elementor/core/page-assets/loader.php on line 95
[02-Jun-2026 15:13:30 UTC] PHP Warning:  Undefined array key "dependencies" in /home/alamstor/public_html/wp-content/plugins/elementor/core/page-assets/loader.php on line 95
[02-Jun-2026 15:13:30 UTC] PHP Warning:  Undefined array key "version" in /home/alamstor/public_html/wp-content/plugins/elementor/core/page-assets/loader.php on line 95
[02-Jun-2026 15:15:58 UTC] PHP Warning:  Undefined array key "src" in /home/alamstor/public_html/wp-content/plugins/elementor/core/page-assets/loader.php on line 95
[02-Jun-2026 15:15:58 UTC] PHP Warning:  Undefined array key "dependencies" in /home/alamstor/public_html/wp-content/plugins/elementor/core/page-assets/loader.php on line 95
[02-Jun-2026 15:15:58 UTC] PHP Warning:  Undefined array key "version" in /home/alamstor/public_html/wp-content/plugins/elementor/core/page-assets/loader.php on line 95
[02-Jun-2026 15:15:58 UTC] PHP Warning:  Undefined array key "src" in /home/alamstor/public_html/wp-content/plugins/elementor/core/page-assets/loader.php on line 95
[02-Jun-2026 15:15:58 UTC] PHP Warning:  Undefined array key "dependencies" in /home/alamstor/public_html/wp-content/plugins/elementor/core/page-assets/loader.php on line 95
[02-Jun-2026 15:15:58 UTC] PHP Warning:  Undefined array key "version" in /home/alamstor/public_html/wp-content/plugins/elementor/core/page-assets/loader.php on line 95
[02-Jun-2026 15:15:59 UTC] PHP Warning:  Undefined array key "src" in /home/alamstor/public_html/wp-content/plugins/elementor/core/page-assets/loader.php on line 95
[02-Jun-2026 15:15:59 UTC] PHP Warning:  Undefined array key "dependencies" in /home/alamstor/public_html/wp-content/plugins/elementor/core/page-assets/loader.php on line 95
[02-Jun-2026 15:15:59 UTC] PHP Warning:  Undefined array key "version" in /home/alamstor/public_html/wp-content/plugins/elementor/core/page-assets/loader.php on line 95
[02-Jun-2026 15:15:59 UTC] PHP Warning:  Undefined array key "src" in /home/alamstor/public_html/wp-content/plugins/elementor/core/page-assets/loader.php on line 95
[02-Jun-2026 15:15:59 UTC] PHP Warning:  Undefined array key "dependencies" in /home/alamstor/public_html/wp-content/plugins/elementor/core/page-assets/loader.php on line 95
[02-Jun-2026 15:15:59 UTC] PHP Warning:  Undefined array key "version" in /home/alamstor/public_html/wp-content/plugins/elementor/core/page-assets/loader.php on line 95
[02-Jun-2026 15:16:00 UTC] PHP Warning:  Undefined array key "src" in /home/alamstor/public_html/wp-content/plugins/elementor/core/page-assets/loader.php on line 95
[02-Jun-2026 15:16:00 UTC] PHP Warning:  Undefined array key "dependencies" in /home/alamstor/public_html/wp-content/plugins/elementor/core/page-assets/loader.php on line 95
[02-Jun-2026 15:16:00 UTC] PHP Warning:  Undefined array key "version" in /home/alamstor/public_html/wp-content/plugins/elementor/core/page-assets/loader.php on line 95
[02-Jun-2026 15:16:00 UTC] PHP Warning:  Undefined array key "src" in /home/alamstor/public_html/wp-content/plugins/elementor/core/page-assets/loader.php on line 95
[02-Jun-2026 15:16:00 UTC] PHP Warning:  Undefined array key "dependencies" in /home/alamstor/public_html/wp-content/plugins/elementor/core/page-assets/loader.php on line 95
[02-Jun-2026 15:16:00 UTC] PHP Warning:  Undefined array key "version" in /home/alamstor/public_html/wp-content/plugins/elementor/core/page-assets/loader.php on line 95
[02-Jun-2026 15:16:02 UTC] PHP Warning:  Undefined array key "src" in /home/alamstor/public_html/wp-content/plugins/elementor/core/page-assets/loader.php on line 95
[02-Jun-2026 15:16:02 UTC] PHP Warning:  Undefined array key "dependencies" in /home/alamstor/public_html/wp-content/plugins/elementor/core/page-assets/loader.php on line 95
[02-Jun-2026 15:16:02 UTC] PHP Warning:  Undefined array key "version" in /home/alamstor/public_html/wp-content/plugins/elementor/core/page-assets/loader.php on line 95
[02-Jun-2026 15:16:02 UTC] PHP Warning:  Undefined array key "src" in /home/alamstor/public_html/wp-content/plugins/elementor/core/page-assets/loader.php on line 95
[02-Jun-2026 15:16:02 UTC] PHP Warning:  Undefined array key "dependencies" in /home/alamstor/public_html/wp-content/plugins/elementor/core/page-assets/loader.php on line 95
[02-Jun-2026 15:16:02 UTC] PHP Warning:  Undefined array key "version" in /home/alamstor/public_html/wp-content/plugins/elementor/core/page-assets/loader.php on line 95
[02-Jun-2026 15:16:03 UTC] PHP Warning:  Undefined array key "src" in /home/alamstor/public_html/wp-content/plugins/elementor/core/page-assets/loader.php on line 95
[02-Jun-2026 15:16:03 UTC] PHP Warning:  Undefined array key "dependencies" in /home/alamstor/public_html/wp-content/plugins/elementor/core/page-assets/loader.php on line 95
[02-Jun-2026 15:16:03 UTC] PHP Warning:  Undefined array key "version" in /home/alamstor/public_html/wp-content/plugins/elementor/core/page-assets/loader.php on line 95
[02-Jun-2026 15:16:03 UTC] PHP Warning:  Undefined array key "src" in /home/alamstor/public_html/wp-content/plugins/elementor/core/page-assets/loader.php on line 95
[02-Jun-2026 15:16:03 UTC] PHP Warning:  Undefined array key "dependencies" in /home/alamstor/public_html/wp-content/plugins/elementor/core/page-assets/loader.php on line 95
[02-Jun-2026 15:16:03 UTC] PHP Warning:  Undefined array key "version" in /home/alamstor/public_html/wp-content/plugins/elementor/core/page-assets/loader.php on line 95
[02-Jun-2026 15:25:02 UTC] PHP Warning:  Undefined array key "src" in /home/alamstor/public_html/wp-content/plugins/elementor/core/page-assets/loader.php on line 95
[02-Jun-2026 15:25:02 UTC] PHP Warning:  Undefined array key "dependencies" in /home/alamstor/public_html/wp-content/plugins/elementor/core/page-assets/loader.php on line 95
[02-Jun-2026 15:25:02 UTC] PHP Warning:  Undefined array key "version" in /home/alamstor/public_html/wp-content/plugins/elementor/core/page-assets/loader.php on line 95
[02-Jun-2026 15:25:02 UTC] PHP Warning:  Undefined array key "src" in /home/alamstor/public_html/wp-content/plugins/elementor/core/page-assets/loader.php on line 95
[02-Jun-2026 15:25:02 UTC] PHP Warning:  Undefined array key "dependencies" in /home/alamstor/public_html/wp-content/plugins/elementor/core/page-assets/loader.php on line 95
[02-Jun-2026 15:25:02 UTC] PHP Warning:  Undefined array key "version" in /home/alamstor/public_html/wp-content/plugins/elementor/core/page-assets/loader.php on line 95
[02-Jun-2026 16:10:08 UTC] PHP Warning:  Undefined array key "src" in /home/alamstor/public_html/wp-content/plugins/elementor/core/page-assets/loader.php on line 95
[02-Jun-2026 16:10:08 UTC] PHP Warning:  Undefined array key "dependencies" in /home/alamstor/public_html/wp-content/plugins/elementor/core/page-assets/loader.php on line 95
[02-Jun-2026 16:10:08 UTC] PHP Warning:  Undefined array key "version" in /home/alamstor/public_html/wp-content/plugins/elementor/core/page-assets/loader.php on line 95
[02-Jun-2026 16:10:08 UTC] PHP Warning:  Undefined array key "src" in /home/alamstor/public_html/wp-content/plugins/elementor/core/page-assets/loader.php on line 95
[02-Jun-2026 16:10:08 UTC] PHP Warning:  Undefined array key "dependencies" in /home/alamstor/public_html/wp-content/plugins/elementor/core/page-assets/loader.php on line 95
[02-Jun-2026 16:10:08 UTC] PHP Warning:  Undefined array key "version" in /home/alamstor/public_html/wp-content/plugins/elementor/core/page-assets/loader.php on line 95
[02-Jun-2026 16:23:59 UTC] PHP Warning:  Undefined array key "src" in /home/alamstor/public_html/wp-content/plugins/elementor/core/page-assets/loader.php on line 95
[02-Jun-2026 16:23:59 UTC] PHP Warning:  Undefined array key "dependencies" in /home/alamstor/public_html/wp-content/plugins/elementor/core/page-assets/loader.php on line 95
[02-Jun-2026 16:23:59 UTC] PHP Warning:  Undefined array key "version" in /home/alamstor/public_html/wp-content/plugins/elementor/core/page-assets/loader.php on line 95
[02-Jun-2026 16:23:59 UTC] PHP Warning:  Undefined array key "src" in /home/alamstor/public_html/wp-content/plugins/elementor/core/page-assets/loader.php on line 95
[02-Jun-2026 16:23:59 UTC] PHP Warning:  Undefined array key "dependencies" in /home/alamstor/public_html/wp-content/plugins/elementor/core/page-assets/loader.php on line 95
[02-Jun-2026 16:23:59 UTC] PHP Warning:  Undefined array key "version" in /home/alamstor/public_html/wp-content/plugins/elementor/core/page-assets/loader.php on line 95
[02-Jun-2026 16:28:48 UTC] PHP Warning:  Undefined array key "src" in /home/alamstor/public_html/wp-content/plugins/elementor/core/page-assets/loader.php on line 95
[02-Jun-2026 16:28:48 UTC] PHP Warning:  Undefined array key "dependencies" in /home/alamstor/public_html/wp-content/plugins/elementor/core/page-assets/loader.php on line 95
[02-Jun-2026 16:28:48 UTC] PHP Warning:  Undefined array key "version" in /home/alamstor/public_html/wp-content/plugins/elementor/core/page-assets/loader.php on line 95
[02-Jun-2026 16:28:48 UTC] PHP Warning:  Undefined array key "src" in /home/alamstor/public_html/wp-content/plugins/elementor/core/page-assets/loader.php on line 95
[02-Jun-2026 16:28:48 UTC] PHP Warning:  Undefined array key "dependencies" in /home/alamstor/public_html/wp-content/plugins/elementor/core/page-assets/loader.php on line 95
[02-Jun-2026 16:28:48 UTC] PHP Warning:  Undefined array key "version" in /home/alamstor/public_html/wp-content/plugins/elementor/core/page-assets/loader.php on line 95
[02-Jun-2026 16:35:09 UTC] PHP Warning:  Undefined array key "src" in /home/alamstor/public_html/wp-content/plugins/elementor/core/page-assets/loader.php on line 95
[02-Jun-2026 16:35:09 UTC] PHP Warning:  Undefined array key "dependencies" in /home/alamstor/public_html/wp-content/plugins/elementor/core/page-assets/loader.php on line 95
[02-Jun-2026 16:35:09 UTC] PHP Warning:  Undefined array key "version" in /home/alamstor/public_html/wp-content/plugins/elementor/core/page-assets/loader.php on line 95
[02-Jun-2026 16:35:09 UTC] PHP Warning:  Undefined array key "src" in /home/alamstor/public_html/wp-content/plugins/elementor/core/page-assets/loader.php on line 95
[02-Jun-2026 16:35:09 UTC] PHP Warning:  Undefined array key "dependencies" in /home/alamstor/public_html/wp-content/plugins/elementor/core/page-assets/loader.php on line 95
[02-Jun-2026 16:35:09 UTC] PHP Warning:  Undefined array key "version" in /home/alamstor/public_html/wp-content/plugins/elementor/core/page-assets/loader.php on line 95
[02-Jun-2026 16:37:28 UTC] PHP Warning:  Undefined array key "src" in /home/alamstor/public_html/wp-content/plugins/elementor/core/page-assets/loader.php on line 95
[02-Jun-2026 16:37:28 UTC] PHP Warning:  Undefined array key "dependencies" in /home/alamstor/public_html/wp-content/plugins/elementor/core/page-assets/loader.php on line 95
[02-Jun-2026 16:37:28 UTC] PHP Warning:  Undefined array key "version" in /home/alamstor/public_html/wp-content/plugins/elementor/core/page-assets/loader.php on line 95
[02-Jun-2026 16:37:28 UTC] PHP Warning:  Undefined array key "src" in /home/alamstor/public_html/wp-content/plugins/elementor/core/page-assets/loader.php on line 95
[02-Jun-2026 16:37:28 UTC] PHP Warning:  Undefined array key "dependencies" in /home/alamstor/public_html/wp-content/plugins/elementor/core/page-assets/loader.php on line 95
[02-Jun-2026 16:37:28 UTC] PHP Warning:  Undefined array key "version" in /home/alamstor/public_html/wp-content/plugins/elementor/core/page-assets/loader.php on line 95
[02-Jun-2026 16:37:30 UTC] PHP Warning:  Undefined array key "src" in /home/alamstor/public_html/wp-content/plugins/elementor/core/page-assets/loader.php on line 95
[02-Jun-2026 16:37:30 UTC] PHP Warning:  Undefined array key "dependencies" in /home/alamstor/public_html/wp-content/plugins/elementor/core/page-assets/loader.php on line 95
[02-Jun-2026 16:37:30 UTC] PHP Warning:  Undefined array key "version" in /home/alamstor/public_html/wp-content/plugins/elementor/core/page-assets/loader.php on line 95
[02-Jun-2026 16:37:30 UTC] PHP Warning:  Undefined array key "src" in /home/alamstor/public_html/wp-content/plugins/elementor/core/page-assets/loader.php on line 95
[02-Jun-2026 16:37:30 UTC] PHP Warning:  Undefined array key "dependencies" in /home/alamstor/public_html/wp-content/plugins/elementor/core/page-assets/loader.php on line 95
[02-Jun-2026 16:37:30 UTC] PHP Warning:  Undefined array key "version" in /home/alamstor/public_html/wp-content/plugins/elementor/core/page-assets/loader.php on line 95
[02-Jun-2026 16:37:54 UTC] PHP Warning:  Undefined array key "src" in /home/alamstor/public_html/wp-content/plugins/elementor/core/page-assets/loader.php on line 95
[02-Jun-2026 16:37:54 UTC] PHP Warning:  Undefined array key "dependencies" in /home/alamstor/public_html/wp-content/plugins/elementor/core/page-assets/loader.php on line 95
[02-Jun-2026 16:37:54 UTC] PHP Warning:  Undefined array key "version" in /home/alamstor/public_html/wp-content/plugins/elementor/core/page-assets/loader.php on line 95
[02-Jun-2026 16:37:54 UTC] PHP Warning:  Undefined array key "src" in /home/alamstor/public_html/wp-content/plugins/elementor/core/page-assets/loader.php on line 95
[02-Jun-2026 16:37:54 UTC] PHP Warning:  Undefined array key "dependencies" in /home/alamstor/public_html/wp-content/plugins/elementor/core/page-assets/loader.php on line 95
[02-Jun-2026 16:37:54 UTC] PHP Warning:  Undefined array key "version" in /home/alamstor/public_html/wp-content/plugins/elementor/core/page-assets/loader.php on line 95
[02-Jun-2026 16:38:46 UTC] PHP Notice:  La fonction map_meta_cap a été appelée de façon <strong>incorrecte</strong>. Le type de publication <code>shop_order</code> n’est pas enregistré. Il n’est donc pas possible de vérifier de manière fiable que la permission « <code>edit_post</code> » correspond à ce type de publication. Veuillez lire <a href="https://developer.wordpress.org/advanced-administration/debug/debug-wordpress/">Débogage dans WordPress</a> (en) pour plus d’informations. (Ce message a été ajouté à la version 4.4.0.) in /home/alamstor/public_html/wp-includes/functions.php on line 6170
[02-Jun-2026 16:38:46 UTC] PHP Notice:  La fonction map_meta_cap a été appelée de façon <strong>incorrecte</strong>. Le type de publication <code>shop_order</code> n’est pas enregistré. Il n’est donc pas possible de vérifier de manière fiable que la permission « <code>edit_post</code> » correspond à ce type de publication. Veuillez lire <a href="https://developer.wordpress.org/advanced-administration/debug/debug-wordpress/">Débogage dans WordPress</a> (en) pour plus d’informations. (Ce message a été ajouté à la version 4.4.0.) in /home/alamstor/public_html/wp-includes/functions.php on line 6170
[02-Jun-2026 16:39:03 UTC] PHP Warning:  Undefined array key "src" in /home/alamstor/public_html/wp-content/plugins/elementor/core/page-assets/loader.php on line 95
[02-Jun-2026 16:39:03 UTC] PHP Warning:  Undefined array key "dependencies" in /home/alamstor/public_html/wp-content/plugins/elementor/core/page-assets/loader.php on line 95
[02-Jun-2026 16:39:03 UTC] PHP Warning:  Undefined array key "version" in /home/alamstor/public_html/wp-content/plugins/elementor/core/page-assets/loader.php on line 95
[02-Jun-2026 16:39:03 UTC] PHP Warning:  Undefined array key "src" in /home/alamstor/public_html/wp-content/plugins/elementor/core/page-assets/loader.php on line 95
[02-Jun-2026 16:39:03 UTC] PHP Warning:  Undefined array key "dependencies" in /home/alamstor/public_html/wp-content/plugins/elementor/core/page-assets/loader.php on line 95
[02-Jun-2026 16:39:03 UTC] PHP Warning:  Undefined array key "version" in /home/alamstor/public_html/wp-content/plugins/elementor/core/page-assets/loader.php on line 95
[02-Jun-2026 16:39:03 UTC] PHP Warning:  Undefined array key "src" in /home/alamstor/public_html/wp-content/plugins/elementor/core/page-assets/loader.php on line 95
[02-Jun-2026 16:39:03 UTC] PHP Warning:  Undefined array key "dependencies" in /home/alamstor/public_html/wp-content/plugins/elementor/core/page-assets/loader.php on line 95
[02-Jun-2026 16:39:03 UTC] PHP Warning:  Undefined array key "version" in /home/alamstor/public_html/wp-content/plugins/elementor/core/page-assets/loader.php on line 95
[02-Jun-2026 16:39:03 UTC] PHP Warning:  Undefined array key "src" in /home/alamstor/public_html/wp-content/plugins/elementor/core/page-assets/loader.php on line 95
[02-Jun-2026 16:39:03 UTC] PHP Warning:  Undefined array key "dependencies" in /home/alamstor/public_html/wp-content/plugins/elementor/core/page-assets/loader.php on line 95
[02-Jun-2026 16:39:03 UTC] PHP Warning:  Undefined array key "version" in /home/alamstor/public_html/wp-content/plugins/elementor/core/page-assets/loader.php on line 95
[02-Jun-2026 16:39:14 UTC] PHP Warning:  Undefined array key "src" in /home/alamstor/public_html/wp-content/plugins/elementor/core/page-assets/loader.php on line 95
[02-Jun-2026 16:39:14 UTC] PHP Warning:  Undefined array key "dependencies" in /home/alamstor/public_html/wp-content/plugins/elementor/core/page-assets/loader.php on line 95
[02-Jun-2026 16:39:14 UTC] PHP Warning:  Undefined array key "version" in /home/alamstor/public_html/wp-content/plugins/elementor/core/page-assets/loader.php on line 95
[02-Jun-2026 16:39:14 UTC] PHP Warning:  Undefined array key "src" in /home/alamstor/public_html/wp-content/plugins/elementor/core/page-assets/loader.php on line 95
[02-Jun-2026 16:39:14 UTC] PHP Warning:  Undefined array key "dependencies" in /home/alamstor/public_html/wp-content/plugins/elementor/core/page-assets/loader.php on line 95
[02-Jun-2026 16:39:14 UTC] PHP Warning:  Undefined array key "version" in /home/alamstor/public_html/wp-content/plugins/elementor/core/page-assets/loader.php on line 95
[02-Jun-2026 16:39:14 UTC] PHP Warning:  Undefined array key "src" in /home/alamstor/public_html/wp-content/plugins/elementor/core/page-assets/loader.php on line 95
[02-Jun-2026 16:39:14 UTC] PHP Warning:  Undefined array key "dependencies" in /home/alamstor/public_html/wp-content/plugins/elementor/core/page-assets/loader.php on line 95
[02-Jun-2026 16:39:14 UTC] PHP Warning:  Undefined array key "version" in /home/alamstor/public_html/wp-content/plugins/elementor/core/page-assets/loader.php on line 95
[02-Jun-2026 16:39:14 UTC] PHP Warning:  Undefined array key "src" in /home/alamstor/public_html/wp-content/plugins/elementor/core/page-assets/loader.php on line 95
[02-Jun-2026 16:39:14 UTC] PHP Warning:  Undefined array key "dependencies" in /home/alamstor/public_html/wp-content/plugins/elementor/core/page-assets/loader.php on line 95
[02-Jun-2026 16:39:14 UTC] PHP Warning:  Undefined array key "version" in /home/alamstor/public_html/wp-content/plugins/elementor/core/page-assets/loader.php on line 95
[02-Jun-2026 16:39:14 UTC] PHP Warning:  Undefined array key "src" in /home/alamstor/public_html/wp-content/plugins/elementor/core/page-assets/loader.php on line 95
[02-Jun-2026 16:39:14 UTC] PHP Warning:  Undefined array key "dependencies" in /home/alamstor/public_html/wp-content/plugins/elementor/core/page-assets/loader.php on line 95
[02-Jun-2026 16:39:14 UTC] PHP Warning:  Undefined array key "version" in /home/alamstor/public_html/wp-content/plugins/elementor/core/page-assets/loader.php on line 95
[02-Jun-2026 16:39:14 UTC] PHP Warning:  Undefined array key "src" in /home/alamstor/public_html/wp-content/plugins/elementor/core/page-assets/loader.php on line 95
[02-Jun-2026 16:39:14 UTC] PHP Warning:  Undefined array key "dependencies" in /home/alamstor/public_html/wp-content/plugins/elementor/core/page-assets/loader.php on line 95
[02-Jun-2026 16:39:14 UTC] PHP Warning:  Undefined array key "version" in /home/alamstor/public_html/wp-content/plugins/elementor/core/page-assets/loader.php on line 95
[02-Jun-2026 16:39:20 UTC] PHP Warning:  Undefined array key "src" in /home/alamstor/public_html/wp-content/plugins/elementor/core/page-assets/loader.php on line 95
[02-Jun-2026 16:39:20 UTC] PHP Warning:  Undefined array key "dependencies" in /home/alamstor/public_html/wp-content/plugins/elementor/core/page-assets/loader.php on line 95
[02-Jun-2026 16:39:20 UTC] PHP Warning:  Undefined array key "version" in /home/alamstor/public_html/wp-content/plugins/elementor/core/page-assets/loader.php on line 95
[02-Jun-2026 16:39:20 UTC] PHP Warning:  Undefined array key "src" in /home/alamstor/public_html/wp-content/plugins/elementor/core/page-assets/loader.php on line 95
[02-Jun-2026 16:39:20 UTC] PHP Warning:  Undefined array key "dependencies" in /home/alamstor/public_html/wp-content/plugins/elementor/core/page-assets/loader.php on line 95
[02-Jun-2026 16:39:20 UTC] PHP Warning:  Undefined array key "version" in /home/alamstor/public_html/wp-content/plugins/elementor/core/page-assets/loader.php on line 95
[02-Jun-2026 16:39:21 UTC] PHP Warning:  Undefined array key "src" in /home/alamstor/public_html/wp-content/plugins/elementor/core/page-assets/loader.php on line 95
[02-Jun-2026 16:39:21 UTC] PHP Warning:  Undefined array key "dependencies" in /home/alamstor/public_html/wp-content/plugins/elementor/core/page-assets/loader.php on line 95
[02-Jun-2026 16:39:21 UTC] PHP Warning:  Undefined array key "version" in /home/alamstor/public_html/wp-content/plugins/elementor/core/page-assets/loader.php on line 95
[02-Jun-2026 16:39:21 UTC] PHP Warning:  Undefined array key "src" in /home/alamstor/public_html/wp-content/plugins/elementor/core/page-assets/loader.php on line 95
[02-Jun-2026 16:39:21 UTC] PHP Warning:  Undefined array key "dependencies" in /home/alamstor/public_html/wp-content/plugins/elementor/core/page-assets/loader.php on line 95
[02-Jun-2026 16:39:21 UTC] PHP Warning:  Undefined array key "version" in /home/alamstor/public_html/wp-content/plugins/elementor/core/page-assets/loader.php on line 95
[02-Jun-2026 16:39:31 UTC] PHP Warning:  Undefined array key "src" in /home/alamstor/public_html/wp-content/plugins/elementor/core/page-assets/loader.php on line 95
[02-Jun-2026 16:39:31 UTC] PHP Warning:  Undefined array key "dependencies" in /home/alamstor/public_html/wp-content/plugins/elementor/core/page-assets/loader.php on line 95
[02-Jun-2026 16:39:31 UTC] PHP Warning:  Undefined array key "version" in /home/alamstor/public_html/wp-content/plugins/elementor/core/page-assets/loader.php on line 95
[02-Jun-2026 16:39:31 UTC] PHP Warning:  Undefined array key "src" in /home/alamstor/public_html/wp-content/plugins/elementor/core/page-assets/loader.php on line 95
[02-Jun-2026 16:39:31 UTC] PHP Warning:  Undefined array key "dependencies" in /home/alamstor/public_html/wp-content/plugins/elementor/core/page-assets/loader.php on line 95
[02-Jun-2026 16:39:31 UTC] PHP Warning:  Undefined array key "version" in /home/alamstor/public_html/wp-content/plugins/elementor/core/page-assets/loader.php on line 95
[02-Jun-2026 16:39:32 UTC] PHP Warning:  Undefined array key "src" in /home/alamstor/public_html/wp-content/plugins/elementor/core/page-assets/loader.php on line 95
[02-Jun-2026 16:39:32 UTC] PHP Warning:  Undefined array key "dependencies" in /home/alamstor/public_html/wp-content/plugins/elementor/core/page-assets/loader.php on line 95
[02-Jun-2026 16:39:32 UTC] PHP Warning:  Undefined array key "version" in /home/alamstor/public_html/wp-content/plugins/elementor/core/page-assets/loader.php on line 95
[02-Jun-2026 16:39:32 UTC] PHP Warning:  Undefined array key "src" in /home/alamstor/public_html/wp-content/plugins/elementor/core/page-assets/loader.php on line 95
[02-Jun-2026 16:39:32 UTC] PHP Warning:  Undefined array key "dependencies" in /home/alamstor/public_html/wp-content/plugins/elementor/core/page-assets/loader.php on line 95
[02-Jun-2026 16:39:32 UTC] PHP Warning:  Undefined array key "version" in /home/alamstor/public_html/wp-content/plugins/elementor/core/page-assets/loader.php on line 95
[02-Jun-2026 16:39:39 UTC] PHP Warning:  Undefined array key "src" in /home/alamstor/public_html/wp-content/plugins/elementor/core/page-assets/loader.php on line 95
[02-Jun-2026 16:39:39 UTC] PHP Warning:  Undefined array key "dependencies" in /home/alamstor/public_html/wp-content/plugins/elementor/core/page-assets/loader.php on line 95
[02-Jun-2026 16:39:39 UTC] PHP Warning:  Undefined array key "version" in /home/alamstor/public_html/wp-content/plugins/elementor/core/page-assets/loader.php on line 95
[02-Jun-2026 16:39:39 UTC] PHP Warning:  Undefined array key "src" in /home/alamstor/public_html/wp-content/plugins/elementor/core/page-assets/loader.php on line 95
[02-Jun-2026 16:39:39 UTC] PHP Warning:  Undefined array key "dependencies" in /home/alamstor/public_html/wp-content/plugins/elementor/core/page-assets/loader.php on line 95
[02-Jun-2026 16:39:39 UTC] PHP Warning:  Undefined array key "version" in /home/alamstor/public_html/wp-content/plugins/elementor/core/page-assets/loader.php on line 95
[02-Jun-2026 16:39:52 UTC] PHP Warning:  Undefined array key "src" in /home/alamstor/public_html/wp-content/plugins/elementor/core/page-assets/loader.php on line 95
[02-Jun-2026 16:39:52 UTC] PHP Warning:  Undefined array key "dependencies" in /home/alamstor/public_html/wp-content/plugins/elementor/core/page-assets/loader.php on line 95
[02-Jun-2026 16:39:52 UTC] PHP Warning:  Undefined array key "version" in /home/alamstor/public_html/wp-content/plugins/elementor/core/page-assets/loader.php on line 95
[02-Jun-2026 16:39:52 UTC] PHP Warning:  Undefined array key "src" in /home/alamstor/public_html/wp-content/plugins/elementor/core/page-assets/loader.php on line 95
[02-Jun-2026 16:39:52 UTC] PHP Warning:  Undefined array key "dependencies" in /home/alamstor/public_html/wp-content/plugins/elementor/core/page-assets/loader.php on line 95
[02-Jun-2026 16:39:52 UTC] PHP Warning:  Undefined array key "version" in /home/alamstor/public_html/wp-content/plugins/elementor/core/page-assets/loader.php on line 95
[02-Jun-2026 16:39:53 UTC] PHP Warning:  Undefined array key "src" in /home/alamstor/public_html/wp-content/plugins/elementor/core/page-assets/loader.php on line 95
[02-Jun-2026 16:39:53 UTC] PHP Warning:  Undefined array key "dependencies" in /home/alamstor/public_html/wp-content/plugins/elementor/core/page-assets/loader.php on line 95
[02-Jun-2026 16:39:53 UTC] PHP Warning:  Undefined array key "version" in /home/alamstor/public_html/wp-content/plugins/elementor/core/page-assets/loader.php on line 95
[02-Jun-2026 16:39:53 UTC] PHP Warning:  Undefined array key "src" in /home/alamstor/public_html/wp-content/plugins/elementor/core/page-assets/loader.php on line 95
[02-Jun-2026 16:39:53 UTC] PHP Warning:  Undefined array key "dependencies" in /home/alamstor/public_html/wp-content/plugins/elementor/core/page-assets/loader.php on line 95
[02-Jun-2026 16:39:53 UTC] PHP Warning:  Undefined array key "version" in /home/alamstor/public_html/wp-content/plugins/elementor/core/page-assets/loader.php on line 95
[02-Jun-2026 16:39:53 UTC] PHP Warning:  Undefined array key "src" in /home/alamstor/public_html/wp-content/plugins/elementor/core/page-assets/loader.php on line 95
[02-Jun-2026 16:39:53 UTC] PHP Warning:  Undefined array key "dependencies" in /home/alamstor/public_html/wp-content/plugins/elementor/core/page-assets/loader.php on line 95
[02-Jun-2026 16:39:53 UTC] PHP Warning:  Undefined array key "version" in /home/alamstor/public_html/wp-content/plugins/elementor/core/page-assets/loader.php on line 95
[02-Jun-2026 16:39:53 UTC] PHP Warning:  Undefined array key "src" in /home/alamstor/public_html/wp-content/plugins/elementor/core/page-assets/loader.php on line 95
[02-Jun-2026 16:39:53 UTC] PHP Warning:  Undefined array key "dependencies" in /home/alamstor/public_html/wp-content/plugins/elementor/core/page-assets/loader.php on line 95
[02-Jun-2026 16:39:53 UTC] PHP Warning:  Undefined array key "version" in /home/alamstor/public_html/wp-content/plugins/elementor/core/page-assets/loader.php on line 95
[02-Jun-2026 16:40:09 UTC] PHP Warning:  Undefined array key "src" in /home/alamstor/public_html/wp-content/plugins/elementor/core/page-assets/loader.php on line 95
[02-Jun-2026 16:40:09 UTC] PHP Warning:  Undefined array key "dependencies" in /home/alamstor/public_html/wp-content/plugins/elementor/core/page-assets/loader.php on line 95
[02-Jun-2026 16:40:09 UTC] PHP Warning:  Undefined array key "version" in /home/alamstor/public_html/wp-content/plugins/elementor/core/page-assets/loader.php on line 95
[02-Jun-2026 16:40:09 UTC] PHP Warning:  Undefined array key "src" in /home/alamstor/public_html/wp-content/plugins/elementor/core/page-assets/loader.php on line 95
[02-Jun-2026 16:40:09 UTC] PHP Warning:  Undefined array key "dependencies" in /home/alamstor/public_html/wp-content/plugins/elementor/core/page-assets/loader.php on line 95
[02-Jun-2026 16:40:09 UTC] PHP Warning:  Undefined array key "version" in /home/alamstor/public_html/wp-content/plugins/elementor/core/page-assets/loader.php on line 95
[02-Jun-2026 16:40:10 UTC] PHP Warning:  Undefined array key "src" in /home/alamstor/public_html/wp-content/plugins/elementor/core/page-assets/loader.php on line 95
[02-Jun-2026 16:40:10 UTC] PHP Warning:  Undefined array key "dependencies" in /home/alamstor/public_html/wp-content/plugins/elementor/core/page-assets/loader.php on line 95
[02-Jun-2026 16:40:10 UTC] PHP Warning:  Undefined array key "version" in /home/alamstor/public_html/wp-content/plugins/elementor/core/page-assets/loader.php on line 95
[02-Jun-2026 16:40:10 UTC] PHP Warning:  Undefined array key "src" in /home/alamstor/public_html/wp-content/plugins/elementor/core/page-assets/loader.php on line 95
[02-Jun-2026 16:40:10 UTC] PHP Warning:  Undefined array key "dependencies" in /home/alamstor/public_html/wp-content/plugins/elementor/core/page-assets/loader.php on line 95
[02-Jun-2026 16:40:10 UTC] PHP Warning:  Undefined array key "version" in /home/alamstor/public_html/wp-content/plugins/elementor/core/page-assets/loader.php on line 95
[02-Jun-2026 16:40:16 UTC] PHP Warning:  Undefined array key "src" in /home/alamstor/public_html/wp-content/plugins/elementor/core/page-assets/loader.php on line 95
[02-Jun-2026 16:40:16 UTC] PHP Warning:  Undefined array key "dependencies" in /home/alamstor/public_html/wp-content/plugins/elementor/core/page-assets/loader.php on line 95
[02-Jun-2026 16:40:16 UTC] PHP Warning:  Undefined array key "version" in /home/alamstor/public_html/wp-content/plugins/elementor/core/page-assets/loader.php on line 95
[02-Jun-2026 16:40:16 UTC] PHP Warning:  Undefined array key "src" in /home/alamstor/public_html/wp-content/plugins/elementor/core/page-assets/loader.php on line 95
[02-Jun-2026 16:40:16 UTC] PHP Warning:  Undefined array key "dependencies" in /home/alamstor/public_html/wp-content/plugins/elementor/core/page-assets/loader.php on line 95
[02-Jun-2026 16:40:16 UTC] PHP Warning:  Undefined array key "version" in /home/alamstor/public_html/wp-content/plugins/elementor/core/page-assets/loader.php on line 95
[02-Jun-2026 16:40:21 UTC] PHP Warning:  Undefined array key "src" in /home/alamstor/public_html/wp-content/plugins/elementor/core/page-assets/loader.php on line 95
[02-Jun-2026 16:40:21 UTC] PHP Warning:  Undefined array key "dependencies" in /home/alamstor/public_html/wp-content/plugins/elementor/core/page-assets/loader.php on line 95
[02-Jun-2026 16:40:21 UTC] PHP Warning:  Undefined array key "version" in /home/alamstor/public_html/wp-content/plugins/elementor/core/page-assets/loader.php on line 95
[02-Jun-2026 16:40:21 UTC] PHP Warning:  Undefined array key "src" in /home/alamstor/public_html/wp-content/plugins/elementor/core/page-assets/loader.php on line 95
[02-Jun-2026 16:40:21 UTC] PHP Warning:  Undefined array key "dependencies" in /home/alamstor/public_html/wp-content/plugins/elementor/core/page-assets/loader.php on line 95
[02-Jun-2026 16:40:21 UTC] PHP Warning:  Undefined array key "version" in /home/alamstor/public_html/wp-content/plugins/elementor/core/page-assets/loader.php on line 95
[02-Jun-2026 16:40:22 UTC] PHP Warning:  Undefined array key "src" in /home/alamstor/public_html/wp-content/plugins/elementor/core/page-assets/loader.php on line 95
[02-Jun-2026 16:40:22 UTC] PHP Warning:  Undefined array key "dependencies" in /home/alamstor/public_html/wp-content/plugins/elementor/core/page-assets/loader.php on line 95
[02-Jun-2026 16:40:22 UTC] PHP Warning:  Undefined array key "version" in /home/alamstor/public_html/wp-content/plugins/elementor/core/page-assets/loader.php on line 95
[02-Jun-2026 16:40:22 UTC] PHP Warning:  Undefined array key "src" in /home/alamstor/public_html/wp-content/plugins/elementor/core/page-assets/loader.php on line 95
[02-Jun-2026 16:40:22 UTC] PHP Warning:  Undefined array key "dependencies" in /home/alamstor/public_html/wp-content/plugins/elementor/core/page-assets/loader.php on line 95
[02-Jun-2026 16:40:22 UTC] PHP Warning:  Undefined array key "version" in /home/alamstor/public_html/wp-content/plugins/elementor/core/page-assets/loader.php on line 95
[02-Jun-2026 16:40:49 UTC] PHP Warning:  Undefined array key "src" in /home/alamstor/public_html/wp-content/plugins/elementor/core/page-assets/loader.php on line 95
[02-Jun-2026 16:40:49 UTC] PHP Warning:  Undefined array key "dependencies" in /home/alamstor/public_html/wp-content/plugins/elementor/core/page-assets/loader.php on line 95
[02-Jun-2026 16:40:49 UTC] PHP Warning:  Undefined array key "version" in /home/alamstor/public_html/wp-content/plugins/elementor/core/page-assets/loader.php on line 95
[02-Jun-2026 16:40:49 UTC] PHP Warning:  Undefined array key "src" in /home/alamstor/public_html/wp-content/plugins/elementor/core/page-assets/loader.php on line 95
[02-Jun-2026 16:40:49 UTC] PHP Warning:  Undefined array key "dependencies" in /home/alamstor/public_html/wp-content/plugins/elementor/core/page-assets/loader.php on line 95
[02-Jun-2026 16:40:49 UTC] PHP Warning:  Undefined array key "version" in /home/alamstor/public_html/wp-content/plugins/elementor/core/page-assets/loader.php on line 95
[02-Jun-2026 16:41:12 UTC] PHP Warning:  Undefined array key "src" in /home/alamstor/public_html/wp-content/plugins/elementor/core/page-assets/loader.php on line 95
[02-Jun-2026 16:41:12 UTC] PHP Warning:  Undefined array key "dependencies" in /home/alamstor/public_html/wp-content/plugins/elementor/core/page-assets/loader.php on line 95
[02-Jun-2026 16:41:12 UTC] PHP Warning:  Undefined array key "version" in /home/alamstor/public_html/wp-content/plugins/elementor/core/page-assets/loader.php on line 95
[02-Jun-2026 16:41:12 UTC] PHP Warning:  Undefined array key "src" in /home/alamstor/public_html/wp-content/plugins/elementor/core/page-assets/loader.php on line 95
[02-Jun-2026 16:41:12 UTC] PHP Warning:  Undefined array key "dependencies" in /home/alamstor/public_html/wp-content/plugins/elementor/core/page-assets/loader.php on line 95
[02-Jun-2026 16:41:12 UTC] PHP Warning:  Undefined array key "version" in /home/alamstor/public_html/wp-content/plugins/elementor/core/page-assets/loader.php on line 95
[02-Jun-2026 16:41:30 UTC] PHP Warning:  Undefined array key "src" in /home/alamstor/public_html/wp-content/plugins/elementor/core/page-assets/loader.php on line 95
[02-Jun-2026 16:41:30 UTC] PHP Warning:  Undefined array key "dependencies" in /home/alamstor/public_html/wp-content/plugins/elementor/core/page-assets/loader.php on line 95
[02-Jun-2026 16:41:30 UTC] PHP Warning:  Undefined array key "version" in /home/alamstor/public_html/wp-content/plugins/elementor/core/page-assets/loader.php on line 95
[02-Jun-2026 16:41:30 UTC] PHP Warning:  Undefined array key "src" in /home/alamstor/public_html/wp-content/plugins/elementor/core/page-assets/loader.php on line 95
[02-Jun-2026 16:41:30 UTC] PHP Warning:  Undefined array key "dependencies" in /home/alamstor/public_html/wp-content/plugins/elementor/core/page-assets/loader.php on line 95
[02-Jun-2026 16:41:30 UTC] PHP Warning:  Undefined array key "version" in /home/alamstor/public_html/wp-content/plugins/elementor/core/page-assets/loader.php on line 95
[02-Jun-2026 16:41:31 UTC] PHP Warning:  Undefined array key "src" in /home/alamstor/public_html/wp-content/plugins/elementor/core/page-assets/loader.php on line 95
[02-Jun-2026 16:41:31 UTC] PHP Warning:  Undefined array key "dependencies" in /home/alamstor/public_html/wp-content/plugins/elementor/core/page-assets/loader.php on line 95
[02-Jun-2026 16:41:31 UTC] PHP Warning:  Undefined array key "version" in /home/alamstor/public_html/wp-content/plugins/elementor/core/page-assets/loader.php on line 95
[02-Jun-2026 16:41:31 UTC] PHP Warning:  Undefined array key "src" in /home/alamstor/public_html/wp-content/plugins/elementor/core/page-assets/loader.php on line 95
[02-Jun-2026 16:41:31 UTC] PHP Warning:  Undefined array key "dependencies" in /home/alamstor/public_html/wp-content/plugins/elementor/core/page-assets/loader.php on line 95
[02-Jun-2026 16:41:31 UTC] PHP Warning:  Undefined array key "version" in /home/alamstor/public_html/wp-content/plugins/elementor/core/page-assets/loader.php on line 95
[02-Jun-2026 16:41:50 UTC] PHP Warning:  Undefined array key "src" in /home/alamstor/public_html/wp-content/plugins/elementor/core/page-assets/loader.php on line 95
[02-Jun-2026 16:41:50 UTC] PHP Warning:  Undefined array key "dependencies" in /home/alamstor/public_html/wp-content/plugins/elementor/core/page-assets/loader.php on line 95
[02-Jun-2026 16:41:50 UTC] PHP Warning:  Undefined array key "version" in /home/alamstor/public_html/wp-content/plugins/elementor/core/page-assets/loader.php on line 95
[02-Jun-2026 16:41:50 UTC] PHP Warning:  Undefined array key "src" in /home/alamstor/public_html/wp-content/plugins/elementor/core/page-assets/loader.php on line 95
[02-Jun-2026 16:41:50 UTC] PHP Warning:  Undefined array key "dependencies" in /home/alamstor/public_html/wp-content/plugins/elementor/core/page-assets/loader.php on line 95
[02-Jun-2026 16:41:50 UTC] PHP Warning:  Undefined array key "version" in /home/alamstor/public_html/wp-content/plugins/elementor/core/page-assets/loader.php on line 95
[02-Jun-2026 16:41:57 UTC] PHP Warning:  Undefined array key "src" in /home/alamstor/public_html/wp-content/plugins/elementor/core/page-assets/loader.php on line 95
[02-Jun-2026 16:41:57 UTC] PHP Warning:  Undefined array key "dependencies" in /home/alamstor/public_html/wp-content/plugins/elementor/core/page-assets/loader.php on line 95
[02-Jun-2026 16:41:57 UTC] PHP Warning:  Undefined array key "version" in /home/alamstor/public_html/wp-content/plugins/elementor/core/page-assets/loader.php on line 95
[02-Jun-2026 16:41:57 UTC] PHP Warning:  Undefined array key "src" in /home/alamstor/public_html/wp-content/plugins/elementor/core/page-assets/loader.php on line 95
[02-Jun-2026 16:41:57 UTC] PHP Warning:  Undefined array key "dependencies" in /home/alamstor/public_html/wp-content/plugins/elementor/core/page-assets/loader.php on line 95
[02-Jun-2026 16:41:57 UTC] PHP Warning:  Undefined array key "version" in /home/alamstor/public_html/wp-content/plugins/elementor/core/page-assets/loader.php on line 95
[02-Jun-2026 16:41:57 UTC] PHP Warning:  Undefined array key "src" in /home/alamstor/public_html/wp-content/plugins/elementor/core/page-assets/loader.php on line 95
[02-Jun-2026 16:41:57 UTC] PHP Warning:  Undefined array key "dependencies" in /home/alamstor/public_html/wp-content/plugins/elementor/core/page-assets/loader.php on line 95
[02-Jun-2026 16:41:57 UTC] PHP Warning:  Undefined array key "version" in /home/alamstor/public_html/wp-content/plugins/elementor/core/page-assets/loader.php on line 95
[02-Jun-2026 16:41:57 UTC] PHP Warning:  Undefined array key "src" in /home/alamstor/public_html/wp-content/plugins/elementor/core/page-assets/loader.php on line 95
[02-Jun-2026 16:41:57 UTC] PHP Warning:  Undefined array key "dependencies" in /home/alamstor/public_html/wp-content/plugins/elementor/core/page-assets/loader.php on line 95
[02-Jun-2026 16:41:57 UTC] PHP Warning:  Undefined array key "version" in /home/alamstor/public_html/wp-content/plugins/elementor/core/page-assets/loader.php on line 95
[02-Jun-2026 16:42:07 UTC] PHP Warning:  Undefined array key "src" in /home/alamstor/public_html/wp-content/plugins/elementor/core/page-assets/loader.php on line 95
[02-Jun-2026 16:42:07 UTC] PHP Warning:  Undefined array key "dependencies" in /home/alamstor/public_html/wp-content/plugins/elementor/core/page-assets/loader.php on line 95
[02-Jun-2026 16:42:07 UTC] PHP Warning:  Undefined array key "version" in /home/alamstor/public_html/wp-content/plugins/elementor/core/page-assets/loader.php on line 95
[02-Jun-2026 16:42:07 UTC] PHP Warning:  Undefined array key "src" in /home/alamstor/public_html/wp-content/plugins/elementor/core/page-assets/loader.php on line 95
[02-Jun-2026 16:42:07 UTC] PHP Warning:  Undefined array key "dependencies" in /home/alamstor/public_html/wp-content/plugins/elementor/core/page-assets/loader.php on line 95
[02-Jun-2026 16:42:07 UTC] PHP Warning:  Undefined array key "version" in /home/alamstor/public_html/wp-content/plugins/elementor/core/page-assets/loader.php on line 95
[02-Jun-2026 16:42:16 UTC] PHP Warning:  Undefined array key "src" in /home/alamstor/public_html/wp-content/plugins/elementor/core/page-assets/loader.php on line 95
[02-Jun-2026 16:42:16 UTC] PHP Warning:  Undefined array key "dependencies" in /home/alamstor/public_html/wp-content/plugins/elementor/core/page-assets/loader.php on line 95
[02-Jun-2026 16:42:16 UTC] PHP Warning:  Undefined array key "version" in /home/alamstor/public_html/wp-content/plugins/elementor/core/page-assets/loader.php on line 95
[02-Jun-2026 16:42:16 UTC] PHP Warning:  Undefined array key "src" in /home/alamstor/public_html/wp-content/plugins/elementor/core/page-assets/loader.php on line 95
[02-Jun-2026 16:42:16 UTC] PHP Warning:  Undefined array key "dependencies" in /home/alamstor/public_html/wp-content/plugins/elementor/core/page-assets/loader.php on line 95
[02-Jun-2026 16:42:16 UTC] PHP Warning:  Undefined array key "version" in /home/alamstor/public_html/wp-content/plugins/elementor/core/page-assets/loader.php on line 95
[02-Jun-2026 16:42:25 UTC] PHP Warning:  Undefined array key "src" in /home/alamstor/public_html/wp-content/plugins/elementor/core/page-assets/loader.php on line 95
[02-Jun-2026 16:42:25 UTC] PHP Warning:  Undefined array key "dependencies" in /home/alamstor/public_html/wp-content/plugins/elementor/core/page-assets/loader.php on line 95
[02-Jun-2026 16:42:25 UTC] PHP Warning:  Undefined array key "version" in /home/alamstor/public_html/wp-content/plugins/elementor/core/page-assets/loader.php on line 95
[02-Jun-2026 16:42:25 UTC] PHP Warning:  Undefined array key "src" in /home/alamstor/public_html/wp-content/plugins/elementor/core/page-assets/loader.php on line 95
[02-Jun-2026 16:42:25 UTC] PHP Warning:  Undefined array key "dependencies" in /home/alamstor/public_html/wp-content/plugins/elementor/core/page-assets/loader.php on line 95
[02-Jun-2026 16:42:25 UTC] PHP Warning:  Undefined array key "version" in /home/alamstor/public_html/wp-content/plugins/elementor/core/page-assets/loader.php on line 95
[02-Jun-2026 16:42:28 UTC] PHP Warning:  Undefined array key "src" in /home/alamstor/public_html/wp-content/plugins/elementor/core/page-assets/loader.php on line 95
[02-Jun-2026 16:42:28 UTC] PHP Warning:  Undefined array key "dependencies" in /home/alamstor/public_html/wp-content/plugins/elementor/core/page-assets/loader.php on line 95
[02-Jun-2026 16:42:28 UTC] PHP Warning:  Undefined array key "version" in /home/alamstor/public_html/wp-content/plugins/elementor/core/page-assets/loader.php on line 95
[02-Jun-2026 16:42:28 UTC] PHP Warning:  Undefined array key "src" in /home/alamstor/public_html/wp-content/plugins/elementor/core/page-assets/loader.php on line 95
[02-Jun-2026 16:42:28 UTC] PHP Warning:  Undefined array key "dependencies" in /home/alamstor/public_html/wp-content/plugins/elementor/core/page-assets/loader.php on line 95
[02-Jun-2026 16:42:28 UTC] PHP Warning:  Undefined array key "version" in /home/alamstor/public_html/wp-content/plugins/elementor/core/page-assets/loader.php on line 95
[02-Jun-2026 16:42:31 UTC] PHP Warning:  Undefined array key "src" in /home/alamstor/public_html/wp-content/plugins/elementor/core/page-assets/loader.php on line 95
[02-Jun-2026 16:42:31 UTC] PHP Warning:  Undefined array key "dependencies" in /home/alamstor/public_html/wp-content/plugins/elementor/core/page-assets/loader.php on line 95
[02-Jun-2026 16:42:31 UTC] PHP Warning:  Undefined array key "version" in /home/alamstor/public_html/wp-content/plugins/elementor/core/page-assets/loader.php on line 95
[02-Jun-2026 16:42:31 UTC] PHP Warning:  Undefined array key "src" in /home/alamstor/public_html/wp-content/plugins/elementor/core/page-assets/loader.php on line 95
[02-Jun-2026 16:42:31 UTC] PHP Warning:  Undefined array key "dependencies" in /home/alamstor/public_html/wp-content/plugins/elementor/core/page-assets/loader.php on line 95
[02-Jun-2026 16:42:31 UTC] PHP Warning:  Undefined array key "version" in /home/alamstor/public_html/wp-content/plugins/elementor/core/page-assets/loader.php on line 95
[02-Jun-2026 16:42:33 UTC] PHP Warning:  Undefined array key "src" in /home/alamstor/public_html/wp-content/plugins/elementor/core/page-assets/loader.php on line 95
[02-Jun-2026 16:42:33 UTC] PHP Warning:  Undefined array key "dependencies" in /home/alamstor/public_html/wp-content/plugins/elementor/core/page-assets/loader.php on line 95
[02-Jun-2026 16:42:33 UTC] PHP Warning:  Undefined array key "version" in /home/alamstor/public_html/wp-content/plugins/elementor/core/page-assets/loader.php on line 95
[02-Jun-2026 16:42:33 UTC] PHP Warning:  Undefined array key "src" in /home/alamstor/public_html/wp-content/plugins/elementor/core/page-assets/loader.php on line 95
[02-Jun-2026 16:42:33 UTC] PHP Warning:  Undefined array key "dependencies" in /home/alamstor/public_html/wp-content/plugins/elementor/core/page-assets/loader.php on line 95
[02-Jun-2026 16:42:33 UTC] PHP Warning:  Undefined array key "version" in /home/alamstor/public_html/wp-content/plugins/elementor/core/page-assets/loader.php on line 95
[02-Jun-2026 16:42:40 UTC] PHP Warning:  Undefined array key "src" in /home/alamstor/public_html/wp-content/plugins/elementor/core/page-assets/loader.php on line 95
[02-Jun-2026 16:42:40 UTC] PHP Warning:  Undefined array key "dependencies" in /home/alamstor/public_html/wp-content/plugins/elementor/core/page-assets/loader.php on line 95
[02-Jun-2026 16:42:40 UTC] PHP Warning:  Undefined array key "version" in /home/alamstor/public_html/wp-content/plugins/elementor/core/page-assets/loader.php on line 95
[02-Jun-2026 16:42:40 UTC] PHP Warning:  Undefined array key "src" in /home/alamstor/public_html/wp-content/plugins/elementor/core/page-assets/loader.php on line 95
[02-Jun-2026 16:42:40 UTC] PHP Warning:  Undefined array key "dependencies" in /home/alamstor/public_html/wp-content/plugins/elementor/core/page-assets/loader.php on line 95
[02-Jun-2026 16:42:40 UTC] PHP Warning:  Undefined array key "version" in /home/alamstor/public_html/wp-content/plugins/elementor/core/page-assets/loader.php on line 95
[02-Jun-2026 16:42:52 UTC] PHP Warning:  Undefined array key "src" in /home/alamstor/public_html/wp-content/plugins/elementor/core/page-assets/loader.php on line 95
[02-Jun-2026 16:42:52 UTC] PHP Warning:  Undefined array key "dependencies" in /home/alamstor/public_html/wp-content/plugins/elementor/core/page-assets/loader.php on line 95
[02-Jun-2026 16:42:52 UTC] PHP Warning:  Undefined array key "version" in /home/alamstor/public_html/wp-content/plugins/elementor/core/page-assets/loader.php on line 95
[02-Jun-2026 16:42:52 UTC] PHP Warning:  Undefined array key "src" in /home/alamstor/public_html/wp-content/plugins/elementor/core/page-assets/loader.php on line 95
[02-Jun-2026 16:42:52 UTC] PHP Warning:  Undefined array key "dependencies" in /home/alamstor/public_html/wp-content/plugins/elementor/core/page-assets/loader.php on line 95
[02-Jun-2026 16:42:52 UTC] PHP Warning:  Undefined array key "version" in /home/alamstor/public_html/wp-content/plugins/elementor/core/page-assets/loader.php on line 95
[02-Jun-2026 16:43:00 UTC] PHP Warning:  Undefined array key "src" in /home/alamstor/public_html/wp-content/plugins/elementor/core/page-assets/loader.php on line 95
[02-Jun-2026 16:43:00 UTC] PHP Warning:  Undefined array key "dependencies" in /home/alamstor/public_html/wp-content/plugins/elementor/core/page-assets/loader.php on line 95
[02-Jun-2026 16:43:00 UTC] PHP Warning:  Undefined array key "version" in /home/alamstor/public_html/wp-content/plugins/elementor/core/page-assets/loader.php on line 95
[02-Jun-2026 16:43:00 UTC] PHP Warning:  Undefined array key "src" in /home/alamstor/public_html/wp-content/plugins/elementor/core/page-assets/loader.php on line 95
[02-Jun-2026 16:43:00 UTC] PHP Warning:  Undefined array key "dependencies" in /home/alamstor/public_html/wp-content/plugins/elementor/core/page-assets/loader.php on line 95
[02-Jun-2026 16:43:00 UTC] PHP Warning:  Undefined array key "version" in /home/alamstor/public_html/wp-content/plugins/elementor/core/page-assets/loader.php on line 95
[02-Jun-2026 16:43:25 UTC] PHP Warning:  Undefined array key "src" in /home/alamstor/public_html/wp-content/plugins/elementor/core/page-assets/loader.php on line 95
[02-Jun-2026 16:43:25 UTC] PHP Warning:  Undefined array key "dependencies" in /home/alamstor/public_html/wp-content/plugins/elementor/core/page-assets/loader.php on line 95
[02-Jun-2026 16:43:25 UTC] PHP Warning:  Undefined array key "src" in /home/alamstor/public_html/wp-content/plugins/elementor/core/page-assets/loader.php on line 95
[02-Jun-2026 16:43:25 UTC] PHP Warning:  Undefined array key "version" in /home/alamstor/public_html/wp-content/plugins/elementor/core/page-assets/loader.php on line 95
[02-Jun-2026 16:43:25 UTC] PHP Warning:  Undefined array key "src" in /home/alamstor/public_html/wp-content/plugins/elementor/core/page-assets/loader.php on line 95
[02-Jun-2026 16:43:25 UTC] PHP Warning:  Undefined array key "dependencies" in /home/alamstor/public_html/wp-content/plugins/elementor/core/page-assets/loader.php on line 95
[02-Jun-2026 16:43:25 UTC] PHP Warning:  Undefined array key "dependencies" in /home/alamstor/public_html/wp-content/plugins/elementor/core/page-assets/loader.php on line 95
[02-Jun-2026 16:43:25 UTC] PHP Warning:  Undefined array key "version" in /home/alamstor/public_html/wp-content/plugins/elementor/core/page-assets/loader.php on line 95
[02-Jun-2026 16:43:25 UTC] PHP Warning:  Undefined array key "version" in /home/alamstor/public_html/wp-content/plugins/elementor/core/page-assets/loader.php on line 95
[02-Jun-2026 16:43:25 UTC] PHP Warning:  Undefined array key "src" in /home/alamstor/public_html/wp-content/plugins/elementor/core/page-assets/loader.php on line 95
[02-Jun-2026 16:43:25 UTC] PHP Warning:  Undefined array key "dependencies" in /home/alamstor/public_html/wp-content/plugins/elementor/core/page-assets/loader.php on line 95
[02-Jun-2026 16:43:25 UTC] PHP Warning:  Undefined array key "version" in /home/alamstor/public_html/wp-content/plugins/elementor/core/page-assets/loader.php on line 95
[02-Jun-2026 16:43:35 UTC] PHP Warning:  Undefined array key "src" in /home/alamstor/public_html/wp-content/plugins/elementor/core/page-assets/loader.php on line 95
[02-Jun-2026 16:43:35 UTC] PHP Warning:  Undefined array key "dependencies" in /home/alamstor/public_html/wp-content/plugins/elementor/core/page-assets/loader.php on line 95
[02-Jun-2026 16:43:35 UTC] PHP Warning:  Undefined array key "version" in /home/alamstor/public_html/wp-content/plugins/elementor/core/page-assets/loader.php on line 95
[02-Jun-2026 16:43:35 UTC] PHP Warning:  Undefined array key "src" in /home/alamstor/public_html/wp-content/plugins/elementor/core/page-assets/loader.php on line 95
[02-Jun-2026 16:43:35 UTC] PHP Warning:  Undefined array key "dependencies" in /home/alamstor/public_html/wp-content/plugins/elementor/core/page-assets/loader.php on line 95
[02-Jun-2026 16:43:35 UTC] PHP Warning:  Undefined array key "version" in /home/alamstor/public_html/wp-content/plugins/elementor/core/page-assets/loader.php on line 95
[02-Jun-2026 16:43:38 UTC] PHP Warning:  Undefined array key "src" in /home/alamstor/public_html/wp-content/plugins/elementor/core/page-assets/loader.php on line 95
[02-Jun-2026 16:43:38 UTC] PHP Warning:  Undefined array key "dependencies" in /home/alamstor/public_html/wp-content/plugins/elementor/core/page-assets/loader.php on line 95
[02-Jun-2026 16:43:38 UTC] PHP Warning:  Undefined array key "version" in /home/alamstor/public_html/wp-content/plugins/elementor/core/page-assets/loader.php on line 95
[02-Jun-2026 16:43:38 UTC] PHP Warning:  Undefined array key "src" in /home/alamstor/public_html/wp-content/plugins/elementor/core/page-assets/loader.php on line 95
[02-Jun-2026 16:43:38 UTC] PHP Warning:  Undefined array key "dependencies" in /home/alamstor/public_html/wp-content/plugins/elementor/core/page-assets/loader.php on line 95
[02-Jun-2026 16:43:38 UTC] PHP Warning:  Undefined array key "version" in /home/alamstor/public_html/wp-content/plugins/elementor/core/page-assets/loader.php on line 95
[02-Jun-2026 16:43:41 UTC] PHP Warning:  Undefined array key "src" in /home/alamstor/public_html/wp-content/plugins/elementor/core/page-assets/loader.php on line 95
[02-Jun-2026 16:43:41 UTC] PHP Warning:  Undefined array key "dependencies" in /home/alamstor/public_html/wp-content/plugins/elementor/core/page-assets/loader.php on line 95
[02-Jun-2026 16:43:41 UTC] PHP Warning:  Undefined array key "version" in /home/alamstor/public_html/wp-content/plugins/elementor/core/page-assets/loader.php on line 95
[02-Jun-2026 16:43:41 UTC] PHP Warning:  Undefined array key "src" in /home/alamstor/public_html/wp-content/plugins/elementor/core/page-assets/loader.php on line 95
[02-Jun-2026 16:43:41 UTC] PHP Warning:  Undefined array key "dependencies" in /home/alamstor/public_html/wp-content/plugins/elementor/core/page-assets/loader.php on line 95
[02-Jun-2026 16:43:41 UTC] PHP Warning:  Undefined array key "version" in /home/alamstor/public_html/wp-content/plugins/elementor/core/page-assets/loader.php on line 95
[02-Jun-2026 16:44:24 UTC] PHP Warning:  Undefined array key "src" in /home/alamstor/public_html/wp-content/plugins/elementor/core/page-assets/loader.php on line 95
[02-Jun-2026 16:44:24 UTC] PHP Warning:  Undefined array key "dependencies" in /home/alamstor/public_html/wp-content/plugins/elementor/core/page-assets/loader.php on line 95
[02-Jun-2026 16:44:24 UTC] PHP Warning:  Undefined array key "version" in /home/alamstor/public_html/wp-content/plugins/elementor/core/page-assets/loader.php on line 95
[02-Jun-2026 16:44:24 UTC] PHP Warning:  Undefined array key "src" in /home/alamstor/public_html/wp-content/plugins/elementor/core/page-assets/loader.php on line 95
[02-Jun-2026 16:44:24 UTC] PHP Warning:  Undefined array key "dependencies" in /home/alamstor/public_html/wp-content/plugins/elementor/core/page-assets/loader.php on line 95
[02-Jun-2026 16:44:24 UTC] PHP Warning:  Undefined array key "version" in /home/alamstor/public_html/wp-content/plugins/elementor/core/page-assets/loader.php on line 95
[02-Jun-2026 16:47:35 UTC] PHP Warning:  Undefined array key "src" in /home/alamstor/public_html/wp-content/plugins/elementor/core/page-assets/loader.php on line 95
[02-Jun-2026 16:47:35 UTC] PHP Warning:  Undefined array key "dependencies" in /home/alamstor/public_html/wp-content/plugins/elementor/core/page-assets/loader.php on line 95
[02-Jun-2026 16:47:35 UTC] PHP Warning:  Undefined array key "version" in /home/alamstor/public_html/wp-content/plugins/elementor/core/page-assets/loader.php on line 95
[02-Jun-2026 16:47:35 UTC] PHP Warning:  Undefined array key "src" in /home/alamstor/public_html/wp-content/plugins/elementor/core/page-assets/loader.php on line 95
[02-Jun-2026 16:47:35 UTC] PHP Warning:  Undefined array key "dependencies" in /home/alamstor/public_html/wp-content/plugins/elementor/core/page-assets/loader.php on line 95
[02-Jun-2026 16:47:35 UTC] PHP Warning:  Undefined array key "version" in /home/alamstor/public_html/wp-content/plugins/elementor/core/page-assets/loader.php on line 95
[02-Jun-2026 16:47:36 UTC] PHP Warning:  Undefined array key "src" in /home/alamstor/public_html/wp-content/plugins/elementor/core/page-assets/loader.php on line 95
[02-Jun-2026 16:47:36 UTC] PHP Warning:  Undefined array key "dependencies" in /home/alamstor/public_html/wp-content/plugins/elementor/core/page-assets/loader.php on line 95
[02-Jun-2026 16:47:36 UTC] PHP Warning:  Undefined array key "version" in /home/alamstor/public_html/wp-content/plugins/elementor/core/page-assets/loader.php on line 95
[02-Jun-2026 16:47:36 UTC] PHP Warning:  Undefined array key "src" in /home/alamstor/public_html/wp-content/plugins/elementor/core/page-assets/loader.php on line 95
[02-Jun-2026 16:47:36 UTC] PHP Warning:  Undefined array key "dependencies" in /home/alamstor/public_html/wp-content/plugins/elementor/core/page-assets/loader.php on line 95
[02-Jun-2026 16:47:36 UTC] PHP Warning:  Undefined array key "version" in /home/alamstor/public_html/wp-content/plugins/elementor/core/page-assets/loader.php on line 95
[02-Jun-2026 16:47:38 UTC] PHP Warning:  Undefined array key "src" in /home/alamstor/public_html/wp-content/plugins/elementor/core/page-assets/loader.php on line 95
[02-Jun-2026 16:47:38 UTC] PHP Warning:  Undefined array key "dependencies" in /home/alamstor/public_html/wp-content/plugins/elementor/core/page-assets/loader.php on line 95
[02-Jun-2026 16:47:38 UTC] PHP Warning:  Undefined array key "version" in /home/alamstor/public_html/wp-content/plugins/elementor/core/page-assets/loader.php on line 95
[02-Jun-2026 16:47:38 UTC] PHP Warning:  Undefined array key "src" in /home/alamstor/public_html/wp-content/plugins/elementor/core/page-assets/loader.php on line 95
[02-Jun-2026 16:47:38 UTC] PHP Warning:  Undefined array key "dependencies" in /home/alamstor/public_html/wp-content/plugins/elementor/core/page-assets/loader.php on line 95
[02-Jun-2026 16:47:38 UTC] PHP Warning:  Undefined array key "version" in /home/alamstor/public_html/wp-content/plugins/elementor/core/page-assets/loader.php on line 95
[02-Jun-2026 16:47:40 UTC] PHP Warning:  Undefined array key "src" in /home/alamstor/public_html/wp-content/plugins/elementor/core/page-assets/loader.php on line 95
[02-Jun-2026 16:47:40 UTC] PHP Warning:  Undefined array key "dependencies" in /home/alamstor/public_html/wp-content/plugins/elementor/core/page-assets/loader.php on line 95
[02-Jun-2026 16:47:40 UTC] PHP Warning:  Undefined array key "version" in /home/alamstor/public_html/wp-content/plugins/elementor/core/page-assets/loader.php on line 95
[02-Jun-2026 16:47:40 UTC] PHP Warning:  Undefined array key "src" in /home/alamstor/public_html/wp-content/plugins/elementor/core/page-assets/loader.php on line 95
[02-Jun-2026 16:47:40 UTC] PHP Warning:  Undefined array key "dependencies" in /home/alamstor/public_html/wp-content/plugins/elementor/core/page-assets/loader.php on line 95
[02-Jun-2026 16:47:40 UTC] PHP Warning:  Undefined array key "version" in /home/alamstor/public_html/wp-content/plugins/elementor/core/page-assets/loader.php on line 95
[02-Jun-2026 16:52:17 UTC] PHP Warning:  Undefined array key "src" in /home/alamstor/public_html/wp-content/plugins/elementor/core/page-assets/loader.php on line 95
[02-Jun-2026 16:52:17 UTC] PHP Warning:  Undefined array key "dependencies" in /home/alamstor/public_html/wp-content/plugins/elementor/core/page-assets/loader.php on line 95
[02-Jun-2026 16:52:17 UTC] PHP Warning:  Undefined array key "version" in /home/alamstor/public_html/wp-content/plugins/elementor/core/page-assets/loader.php on line 95
[02-Jun-2026 16:52:17 UTC] PHP Warning:  Undefined array key "src" in /home/alamstor/public_html/wp-content/plugins/elementor/core/page-assets/loader.php on line 95
[02-Jun-2026 16:52:17 UTC] PHP Warning:  Undefined array key "dependencies" in /home/alamstor/public_html/wp-content/plugins/elementor/core/page-assets/loader.php on line 95
[02-Jun-2026 16:52:17 UTC] PHP Warning:  Undefined array key "version" in /home/alamstor/public_html/wp-content/plugins/elementor/core/page-assets/loader.php on line 95
[02-Jun-2026 16:53:53 UTC] PHP Warning:  Undefined array key "src" in /home/alamstor/public_html/wp-content/plugins/elementor/core/page-assets/loader.php on line 95
[02-Jun-2026 16:53:53 UTC] PHP Warning:  Undefined array key "dependencies" in /home/alamstor/public_html/wp-content/plugins/elementor/core/page-assets/loader.php on line 95
[02-Jun-2026 16:53:53 UTC] PHP Warning:  Undefined array key "version" in /home/alamstor/public_html/wp-content/plugins/elementor/core/page-assets/loader.php on line 95
[02-Jun-2026 16:53:53 UTC] PHP Warning:  Undefined array key "src" in /home/alamstor/public_html/wp-content/plugins/elementor/core/page-assets/loader.php on line 95
[02-Jun-2026 16:53:53 UTC] PHP Warning:  Undefined array key "dependencies" in /home/alamstor/public_html/wp-content/plugins/elementor/core/page-assets/loader.php on line 95
[02-Jun-2026 16:53:53 UTC] PHP Warning:  Undefined array key "version" in /home/alamstor/public_html/wp-content/plugins/elementor/core/page-assets/loader.php on line 95
[02-Jun-2026 16:53:55 UTC] PHP Warning:  Undefined array key "src" in /home/alamstor/public_html/wp-content/plugins/elementor/core/page-assets/loader.php on line 95
[02-Jun-2026 16:53:55 UTC] PHP Warning:  Undefined array key "dependencies" in /home/alamstor/public_html/wp-content/plugins/elementor/core/page-assets/loader.php on line 95
[02-Jun-2026 16:53:55 UTC] PHP Warning:  Undefined array key "version" in /home/alamstor/public_html/wp-content/plugins/elementor/core/page-assets/loader.php on line 95
[02-Jun-2026 16:53:55 UTC] PHP Warning:  Undefined array key "src" in /home/alamstor/public_html/wp-content/plugins/elementor/core/page-assets/loader.php on line 95
[02-Jun-2026 16:53:55 UTC] PHP Warning:  Undefined array key "dependencies" in /home/alamstor/public_html/wp-content/plugins/elementor/core/page-assets/loader.php on line 95
[02-Jun-2026 16:53:55 UTC] PHP Warning:  Undefined array key "version" in /home/alamstor/public_html/wp-content/plugins/elementor/core/page-assets/loader.php on line 95
[02-Jun-2026 16:55:18 UTC] PHP Warning:  Undefined array key "src" in /home/alamstor/public_html/wp-content/plugins/elementor/core/page-assets/loader.php on line 95
[02-Jun-2026 16:55:18 UTC] PHP Warning:  Undefined array key "dependencies" in /home/alamstor/public_html/wp-content/plugins/elementor/core/page-assets/loader.php on line 95
[02-Jun-2026 16:55:18 UTC] PHP Warning:  Undefined array key "version" in /home/alamstor/public_html/wp-content/plugins/elementor/core/page-assets/loader.php on line 95
[02-Jun-2026 16:55:18 UTC] PHP Warning:  Undefined array key "src" in /home/alamstor/public_html/wp-content/plugins/elementor/core/page-assets/loader.php on line 95
[02-Jun-2026 16:55:18 UTC] PHP Warning:  Undefined array key "dependencies" in /home/alamstor/public_html/wp-content/plugins/elementor/core/page-assets/loader.php on line 95
[02-Jun-2026 16:55:18 UTC] PHP Warning:  Undefined array key "version" in /home/alamstor/public_html/wp-content/plugins/elementor/core/page-assets/loader.php on line 95
[02-Jun-2026 17:02:49 UTC] PHP Warning:  Undefined array key "src" in /home/alamstor/public_html/wp-content/plugins/elementor/core/page-assets/loader.php on line 95
[02-Jun-2026 17:02:49 UTC] PHP Warning:  Undefined array key "dependencies" in /home/alamstor/public_html/wp-content/plugins/elementor/core/page-assets/loader.php on line 95
[02-Jun-2026 17:02:49 UTC] PHP Warning:  Undefined array key "version" in /home/alamstor/public_html/wp-content/plugins/elementor/core/page-assets/loader.php on line 95
[02-Jun-2026 17:02:49 UTC] PHP Warning:  Undefined array key "src" in /home/alamstor/public_html/wp-content/plugins/elementor/core/page-assets/loader.php on line 95
[02-Jun-2026 17:02:49 UTC] PHP Warning:  Undefined array key "dependencies" in /home/alamstor/public_html/wp-content/plugins/elementor/core/page-assets/loader.php on line 95
[02-Jun-2026 17:02:49 UTC] PHP Warning:  Undefined array key "version" in /home/alamstor/public_html/wp-content/plugins/elementor/core/page-assets/loader.php on line 95
[02-Jun-2026 17:12:44 UTC] PHP Warning:  Undefined array key "src" in /home/alamstor/public_html/wp-content/plugins/elementor/core/page-assets/loader.php on line 95
[02-Jun-2026 17:12:44 UTC] PHP Warning:  Undefined array key "dependencies" in /home/alamstor/public_html/wp-content/plugins/elementor/core/page-assets/loader.php on line 95
[02-Jun-2026 17:12:44 UTC] PHP Warning:  Undefined array key "version" in /home/alamstor/public_html/wp-content/plugins/elementor/core/page-assets/loader.php on line 95
[02-Jun-2026 17:12:44 UTC] PHP Warning:  Undefined array key "src" in /home/alamstor/public_html/wp-content/plugins/elementor/core/page-assets/loader.php on line 95
[02-Jun-2026 17:12:44 UTC] PHP Warning:  Undefined array key "dependencies" in /home/alamstor/public_html/wp-content/plugins/elementor/core/page-assets/loader.php on line 95
[02-Jun-2026 17:12:44 UTC] PHP Warning:  Undefined array key "version" in /home/alamstor/public_html/wp-content/plugins/elementor/core/page-assets/loader.php on line 95
[02-Jun-2026 17:12:49 UTC] PHP Warning:  Undefined array key "src" in /home/alamstor/public_html/wp-content/plugins/elementor/core/page-assets/loader.php on line 95
[02-Jun-2026 17:12:49 UTC] PHP Warning:  Undefined array key "dependencies" in /home/alamstor/public_html/wp-content/plugins/elementor/core/page-assets/loader.php on line 95
[02-Jun-2026 17:12:49 UTC] PHP Warning:  Undefined array key "version" in /home/alamstor/public_html/wp-content/plugins/elementor/core/page-assets/loader.php on line 95
[02-Jun-2026 17:12:49 UTC] PHP Warning:  Undefined array key "src" in /home/alamstor/public_html/wp-content/plugins/elementor/core/page-assets/loader.php on line 95
[02-Jun-2026 17:12:49 UTC] PHP Warning:  Undefined array key "dependencies" in /home/alamstor/public_html/wp-content/plugins/elementor/core/page-assets/loader.php on line 95
[02-Jun-2026 17:12:49 UTC] PHP Warning:  Undefined array key "version" in /home/alamstor/public_html/wp-content/plugins/elementor/core/page-assets/loader.php on line 95
[02-Jun-2026 17:20:47 UTC] PHP Warning:  Undefined array key "src" in /home/alamstor/public_html/wp-content/plugins/elementor/core/page-assets/loader.php on line 95
[02-Jun-2026 17:20:47 UTC] PHP Warning:  Undefined array key "dependencies" in /home/alamstor/public_html/wp-content/plugins/elementor/core/page-assets/loader.php on line 95
[02-Jun-2026 17:20:47 UTC] PHP Warning:  Undefined array key "version" in /home/alamstor/public_html/wp-content/plugins/elementor/core/page-assets/loader.php on line 95
[02-Jun-2026 17:20:47 UTC] PHP Warning:  Undefined array key "src" in /home/alamstor/public_html/wp-content/plugins/elementor/core/page-assets/loader.php on line 95
[02-Jun-2026 17:20:47 UTC] PHP Warning:  Undefined array key "dependencies" in /home/alamstor/public_html/wp-content/plugins/elementor/core/page-assets/loader.php on line 95
[02-Jun-2026 17:20:47 UTC] PHP Warning:  Undefined array key "version" in /home/alamstor/public_html/wp-content/plugins/elementor/core/page-assets/loader.php on line 95
[02-Jun-2026 17:25:40 UTC] PHP Warning:  Undefined array key "src" in /home/alamstor/public_html/wp-content/plugins/elementor/core/page-assets/loader.php on line 95
[02-Jun-2026 17:25:40 UTC] PHP Warning:  Undefined array key "dependencies" in /home/alamstor/public_html/wp-content/plugins/elementor/core/page-assets/loader.php on line 95
[02-Jun-2026 17:25:40 UTC] PHP Warning:  Undefined array key "version" in /home/alamstor/public_html/wp-content/plugins/elementor/core/page-assets/loader.php on line 95
[02-Jun-2026 17:25:40 UTC] PHP Warning:  Undefined array key "src" in /home/alamstor/public_html/wp-content/plugins/elementor/core/page-assets/loader.php on line 95
[02-Jun-2026 17:25:40 UTC] PHP Warning:  Undefined array key "dependencies" in /home/alamstor/public_html/wp-content/plugins/elementor/core/page-assets/loader.php on line 95
[02-Jun-2026 17:25:40 UTC] PHP Warning:  Undefined array key "version" in /home/alamstor/public_html/wp-content/plugins/elementor/core/page-assets/loader.php on line 95
[02-Jun-2026 17:26:26 UTC] PHP Warning:  Undefined array key "src" in /home/alamstor/public_html/wp-content/plugins/elementor/core/page-assets/loader.php on line 95
[02-Jun-2026 17:26:26 UTC] PHP Warning:  Undefined array key "dependencies" in /home/alamstor/public_html/wp-content/plugins/elementor/core/page-assets/loader.php on line 95
[02-Jun-2026 17:26:26 UTC] PHP Warning:  Undefined array key "version" in /home/alamstor/public_html/wp-content/plugins/elementor/core/page-assets/loader.php on line 95
[02-Jun-2026 17:26:26 UTC] PHP Warning:  Undefined array key "src" in /home/alamstor/public_html/wp-content/plugins/elementor/core/page-assets/loader.php on line 95
[02-Jun-2026 17:26:26 UTC] PHP Warning:  Undefined array key "dependencies" in /home/alamstor/public_html/wp-content/plugins/elementor/core/page-assets/loader.php on line 95
[02-Jun-2026 17:26:26 UTC] PHP Warning:  Undefined array key "version" in /home/alamstor/public_html/wp-content/plugins/elementor/core/page-assets/loader.php on line 95
[02-Jun-2026 17:28:03 UTC] PHP Warning:  Undefined array key "src" in /home/alamstor/public_html/wp-content/plugins/elementor/core/page-assets/loader.php on line 95
[02-Jun-2026 17:28:03 UTC] PHP Warning:  Undefined array key "dependencies" in /home/alamstor/public_html/wp-content/plugins/elementor/core/page-assets/loader.php on line 95
[02-Jun-2026 17:28:03 UTC] PHP Warning:  Undefined array key "version" in /home/alamstor/public_html/wp-content/plugins/elementor/core/page-assets/loader.php on line 95
[02-Jun-2026 17:28:03 UTC] PHP Warning:  Undefined array key "src" in /home/alamstor/public_html/wp-content/plugins/elementor/core/page-assets/loader.php on line 95
[02-Jun-2026 17:28:03 UTC] PHP Warning:  Undefined array key "dependencies" in /home/alamstor/public_html/wp-content/plugins/elementor/core/page-assets/loader.php on line 95
[02-Jun-2026 17:28:03 UTC] PHP Warning:  Undefined array key "version" in /home/alamstor/public_html/wp-content/plugins/elementor/core/page-assets/loader.php on line 95
[02-Jun-2026 17:32:15 UTC] PHP Warning:  Undefined array key "src" in /home/alamstor/public_html/wp-content/plugins/elementor/core/page-assets/loader.php on line 95
[02-Jun-2026 17:32:15 UTC] PHP Warning:  Undefined array key "dependencies" in /home/alamstor/public_html/wp-content/plugins/elementor/core/page-assets/loader.php on line 95
[02-Jun-2026 17:32:15 UTC] PHP Warning:  Undefined array key "version" in /home/alamstor/public_html/wp-content/plugins/elementor/core/page-assets/loader.php on line 95
[02-Jun-2026 17:32:15 UTC] PHP Warning:  Undefined array key "src" in /home/alamstor/public_html/wp-content/plugins/elementor/core/page-assets/loader.php on line 95
[02-Jun-2026 17:32:15 UTC] PHP Warning:  Undefined array key "dependencies" in /home/alamstor/public_html/wp-content/plugins/elementor/core/page-assets/loader.php on line 95
[02-Jun-2026 17:32:15 UTC] PHP Warning:  Undefined array key "version" in /home/alamstor/public_html/wp-content/plugins/elementor/core/page-assets/loader.php on line 95
[02-Jun-2026 17:32:52 UTC] PHP Warning:  Undefined array key "src" in /home/alamstor/public_html/wp-content/plugins/elementor/core/page-assets/loader.php on line 95
[02-Jun-2026 17:32:52 UTC] PHP Warning:  Undefined array key "dependencies" in /home/alamstor/public_html/wp-content/plugins/elementor/core/page-assets/loader.php on line 95
[02-Jun-2026 17:32:52 UTC] PHP Warning:  Undefined array key "version" in /home/alamstor/public_html/wp-content/plugins/elementor/core/page-assets/loader.php on line 95
[02-Jun-2026 17:32:52 UTC] PHP Warning:  Undefined array key "src" in /home/alamstor/public_html/wp-content/plugins/elementor/core/page-assets/loader.php on line 95
[02-Jun-2026 17:32:52 UTC] PHP Warning:  Undefined array key "dependencies" in /home/alamstor/public_html/wp-content/plugins/elementor/core/page-assets/loader.php on line 95
[02-Jun-2026 17:32:52 UTC] PHP Warning:  Undefined array key "version" in /home/alamstor/public_html/wp-content/plugins/elementor/core/page-assets/loader.php on line 95
[02-Jun-2026 17:37:10 UTC] PHP Warning:  Undefined array key "src" in /home/alamstor/public_html/wp-content/plugins/elementor/core/page-assets/loader.php on line 95
[02-Jun-2026 17:37:10 UTC] PHP Warning:  Undefined array key "dependencies" in /home/alamstor/public_html/wp-content/plugins/elementor/core/page-assets/loader.php on line 95
[02-Jun-2026 17:37:10 UTC] PHP Warning:  Undefined array key "version" in /home/alamstor/public_html/wp-content/plugins/elementor/core/page-assets/loader.php on line 95
[02-Jun-2026 17:37:10 UTC] PHP Warning:  Undefined array key "src" in /home/alamstor/public_html/wp-content/plugins/elementor/core/page-assets/loader.php on line 95
[02-Jun-2026 17:37:10 UTC] PHP Warning:  Undefined array key "dependencies" in /home/alamstor/public_html/wp-content/plugins/elementor/core/page-assets/loader.php on line 95
[02-Jun-2026 17:37:10 UTC] PHP Warning:  Undefined array key "version" in /home/alamstor/public_html/wp-content/plugins/elementor/core/page-assets/loader.php on line 95
[02-Jun-2026 17:51:59 UTC] PHP Warning:  Undefined array key "src" in /home/alamstor/public_html/wp-content/plugins/elementor/core/page-assets/loader.php on line 95
[02-Jun-2026 17:51:59 UTC] PHP Warning:  Undefined array key "dependencies" in /home/alamstor/public_html/wp-content/plugins/elementor/core/page-assets/loader.php on line 95
[02-Jun-2026 17:51:59 UTC] PHP Warning:  Undefined array key "version" in /home/alamstor/public_html/wp-content/plugins/elementor/core/page-assets/loader.php on line 95
[02-Jun-2026 17:51:59 UTC] PHP Warning:  Undefined array key "src" in /home/alamstor/public_html/wp-content/plugins/elementor/core/page-assets/loader.php on line 95
[02-Jun-2026 17:51:59 UTC] PHP Warning:  Undefined array key "dependencies" in /home/alamstor/public_html/wp-content/plugins/elementor/core/page-assets/loader.php on line 95
[02-Jun-2026 17:51:59 UTC] PHP Warning:  Undefined array key "version" in /home/alamstor/public_html/wp-content/plugins/elementor/core/page-assets/loader.php on line 95
[02-Jun-2026 18:15:01 UTC] PHP Warning:  Undefined array key "src" in /home/alamstor/public_html/wp-content/plugins/elementor/core/page-assets/loader.php on line 95
[02-Jun-2026 18:15:01 UTC] PHP Warning:  Undefined array key "dependencies" in /home/alamstor/public_html/wp-content/plugins/elementor/core/page-assets/loader.php on line 95
[02-Jun-2026 18:15:01 UTC] PHP Warning:  Undefined array key "version" in /home/alamstor/public_html/wp-content/plugins/elementor/core/page-assets/loader.php on line 95
[02-Jun-2026 18:15:01 UTC] PHP Warning:  Undefined array key "src" in /home/alamstor/public_html/wp-content/plugins/elementor/core/page-assets/loader.php on line 95
[02-Jun-2026 18:15:01 UTC] PHP Warning:  Undefined array key "dependencies" in /home/alamstor/public_html/wp-content/plugins/elementor/core/page-assets/loader.php on line 95
[02-Jun-2026 18:15:01 UTC] PHP Warning:  Undefined array key "version" in /home/alamstor/public_html/wp-content/plugins/elementor/core/page-assets/loader.php on line 95
[02-Jun-2026 18:15:01 UTC] PHP Warning:  Undefined array key "src" in /home/alamstor/public_html/wp-content/plugins/elementor/core/page-assets/loader.php on line 95
[02-Jun-2026 18:15:01 UTC] PHP Warning:  Undefined array key "dependencies" in /home/alamstor/public_html/wp-content/plugins/elementor/core/page-assets/loader.php on line 95
[02-Jun-2026 18:15:01 UTC] PHP Warning:  Undefined array key "version" in /home/alamstor/public_html/wp-content/plugins/elementor/core/page-assets/loader.php on line 95
[02-Jun-2026 18:15:01 UTC] PHP Warning:  Undefined array key "src" in /home/alamstor/public_html/wp-content/plugins/elementor/core/page-assets/loader.php on line 95
[02-Jun-2026 18:15:01 UTC] PHP Warning:  Undefined array key "dependencies" in /home/alamstor/public_html/wp-content/plugins/elementor/core/page-assets/loader.php on line 95
[02-Jun-2026 18:15:01 UTC] PHP Warning:  Undefined array key "version" in /home/alamstor/public_html/wp-content/plugins/elementor/core/page-assets/loader.php on line 95
[02-Jun-2026 18:19:29 UTC] PHP Warning:  Undefined array key "src" in /home/alamstor/public_html/wp-content/plugins/elementor/core/page-assets/loader.php on line 95
[02-Jun-2026 18:19:29 UTC] PHP Warning:  Undefined array key "dependencies" in /home/alamstor/public_html/wp-content/plugins/elementor/core/page-assets/loader.php on line 95
[02-Jun-2026 18:19:29 UTC] PHP Warning:  Undefined array key "version" in /home/alamstor/public_html/wp-content/plugins/elementor/core/page-assets/loader.php on line 95
[02-Jun-2026 18:19:29 UTC] PHP Warning:  Undefined array key "src" in /home/alamstor/public_html/wp-content/plugins/elementor/core/page-assets/loader.php on line 95
[02-Jun-2026 18:19:29 UTC] PHP Warning:  Undefined array key "dependencies" in /home/alamstor/public_html/wp-content/plugins/elementor/core/page-assets/loader.php on line 95
[02-Jun-2026 18:19:29 UTC] PHP Warning:  Undefined array key "version" in /home/alamstor/public_html/wp-content/plugins/elementor/core/page-assets/loader.php on line 95
[02-Jun-2026 18:23:51 UTC] PHP Warning:  Undefined array key "src" in /home/alamstor/public_html/wp-content/plugins/elementor/core/page-assets/loader.php on line 95
[02-Jun-2026 18:23:51 UTC] PHP Warning:  Undefined array key "dependencies" in /home/alamstor/public_html/wp-content/plugins/elementor/core/page-assets/loader.php on line 95
[02-Jun-2026 18:23:51 UTC] PHP Warning:  Undefined array key "version" in /home/alamstor/public_html/wp-content/plugins/elementor/core/page-assets/loader.php on line 95
[02-Jun-2026 18:23:51 UTC] PHP Warning:  Undefined array key "src" in /home/alamstor/public_html/wp-content/plugins/elementor/core/page-assets/loader.php on line 95
[02-Jun-2026 18:23:51 UTC] PHP Warning:  Undefined array key "dependencies" in /home/alamstor/public_html/wp-content/plugins/elementor/core/page-assets/loader.php on line 95
[02-Jun-2026 18:23:51 UTC] PHP Warning:  Undefined array key "version" in /home/alamstor/public_html/wp-content/plugins/elementor/core/page-assets/loader.php on line 95
[02-Jun-2026 18:23:56 UTC] PHP Warning:  Undefined array key "src" in /home/alamstor/public_html/wp-content/plugins/elementor/core/page-assets/loader.php on line 95
[02-Jun-2026 18:23:56 UTC] PHP Warning:  Undefined array key "dependencies" in /home/alamstor/public_html/wp-content/plugins/elementor/core/page-assets/loader.php on line 95
[02-Jun-2026 18:23:56 UTC] PHP Warning:  Undefined array key "version" in /home/alamstor/public_html/wp-content/plugins/elementor/core/page-assets/loader.php on line 95
[02-Jun-2026 18:23:56 UTC] PHP Warning:  Undefined array key "src" in /home/alamstor/public_html/wp-content/plugins/elementor/core/page-assets/loader.php on line 95
[02-Jun-2026 18:23:56 UTC] PHP Warning:  Undefined array key "dependencies" in /home/alamstor/public_html/wp-content/plugins/elementor/core/page-assets/loader.php on line 95
[02-Jun-2026 18:23:56 UTC] PHP Warning:  Undefined array key "version" in /home/alamstor/public_html/wp-content/plugins/elementor/core/page-assets/loader.php on line 95
[02-Jun-2026 18:28:04 UTC] PHP Warning:  Undefined array key "src" in /home/alamstor/public_html/wp-content/plugins/elementor/core/page-assets/loader.php on line 95
[02-Jun-2026 18:28:04 UTC] PHP Warning:  Undefined array key "dependencies" in /home/alamstor/public_html/wp-content/plugins/elementor/core/page-assets/loader.php on line 95
[02-Jun-2026 18:28:04 UTC] PHP Warning:  Undefined array key "version" in /home/alamstor/public_html/wp-content/plugins/elementor/core/page-assets/loader.php on line 95
[02-Jun-2026 18:28:04 UTC] PHP Warning:  Undefined array key "src" in /home/alamstor/public_html/wp-content/plugins/elementor/core/page-assets/loader.php on line 95
[02-Jun-2026 18:28:04 UTC] PHP Warning:  Undefined array key "dependencies" in /home/alamstor/public_html/wp-content/plugins/elementor/core/page-assets/loader.php on line 95
[02-Jun-2026 18:28:04 UTC] PHP Warning:  Undefined array key "version" in /home/alamstor/public_html/wp-content/plugins/elementor/core/page-assets/loader.php on line 95
[02-Jun-2026 18:28:05 UTC] PHP Warning:  Undefined array key "src" in /home/alamstor/public_html/wp-content/plugins/elementor/core/page-assets/loader.php on line 95
[02-Jun-2026 18:28:05 UTC] PHP Warning:  Undefined array key "dependencies" in /home/alamstor/public_html/wp-content/plugins/elementor/core/page-assets/loader.php on line 95
[02-Jun-2026 18:28:05 UTC] PHP Warning:  Undefined array key "version" in /home/alamstor/public_html/wp-content/plugins/elementor/core/page-assets/loader.php on line 95
[02-Jun-2026 18:28:05 UTC] PHP Warning:  Undefined array key "src" in /home/alamstor/public_html/wp-content/plugins/elementor/core/page-assets/loader.php on line 95
[02-Jun-2026 18:28:05 UTC] PHP Warning:  Undefined array key "dependencies" in /home/alamstor/public_html/wp-content/plugins/elementor/core/page-assets/loader.php on line 95
[02-Jun-2026 18:28:05 UTC] PHP Warning:  Undefined array key "version" in /home/alamstor/public_html/wp-content/plugins/elementor/core/page-assets/loader.php on line 95
[02-Jun-2026 18:38:20 UTC] PHP Warning:  Undefined array key "src" in /home/alamstor/public_html/wp-content/plugins/elementor/core/page-assets/loader.php on line 95
[02-Jun-2026 18:38:20 UTC] PHP Warning:  Undefined array key "dependencies" in /home/alamstor/public_html/wp-content/plugins/elementor/core/page-assets/loader.php on line 95
[02-Jun-2026 18:38:20 UTC] PHP Warning:  Undefined array key "version" in /home/alamstor/public_html/wp-content/plugins/elementor/core/page-assets/loader.php on line 95
[02-Jun-2026 18:38:20 UTC] PHP Warning:  Undefined array key "src" in /home/alamstor/public_html/wp-content/plugins/elementor/core/page-assets/loader.php on line 95
[02-Jun-2026 18:38:20 UTC] PHP Warning:  Undefined array key "dependencies" in /home/alamstor/public_html/wp-content/plugins/elementor/core/page-assets/loader.php on line 95
[02-Jun-2026 18:38:20 UTC] PHP Warning:  Undefined array key "version" in /home/alamstor/public_html/wp-content/plugins/elementor/core/page-assets/loader.php on line 95
[02-Jun-2026 18:38:21 UTC] PHP Warning:  Undefined array key "src" in /home/alamstor/public_html/wp-content/plugins/elementor/core/page-assets/loader.php on line 95
[02-Jun-2026 18:38:21 UTC] PHP Warning:  Undefined array key "dependencies" in /home/alamstor/public_html/wp-content/plugins/elementor/core/page-assets/loader.php on line 95
[02-Jun-2026 18:38:21 UTC] PHP Warning:  Undefined array key "version" in /home/alamstor/public_html/wp-content/plugins/elementor/core/page-assets/loader.php on line 95
[02-Jun-2026 18:38:21 UTC] PHP Warning:  Undefined array key "src" in /home/alamstor/public_html/wp-content/plugins/elementor/core/page-assets/loader.php on line 95
[02-Jun-2026 18:38:21 UTC] PHP Warning:  Undefined array key "dependencies" in /home/alamstor/public_html/wp-content/plugins/elementor/core/page-assets/loader.php on line 95
[02-Jun-2026 18:38:21 UTC] PHP Warning:  Undefined array key "version" in /home/alamstor/public_html/wp-content/plugins/elementor/core/page-assets/loader.php on line 95
[02-Jun-2026 19:08:13 UTC] PHP Warning:  Undefined array key "src" in /home/alamstor/public_html/wp-content/plugins/elementor/core/page-assets/loader.php on line 95
[02-Jun-2026 19:08:13 UTC] PHP Warning:  Undefined array key "dependencies" in /home/alamstor/public_html/wp-content/plugins/elementor/core/page-assets/loader.php on line 95
[02-Jun-2026 19:08:13 UTC] PHP Warning:  Undefined array key "version" in /home/alamstor/public_html/wp-content/plugins/elementor/core/page-assets/loader.php on line 95
[02-Jun-2026 19:08:13 UTC] PHP Warning:  Undefined array key "src" in /home/alamstor/public_html/wp-content/plugins/elementor/core/page-assets/loader.php on line 95
[02-Jun-2026 19:08:13 UTC] PHP Warning:  Undefined array key "dependencies" in /home/alamstor/public_html/wp-content/plugins/elementor/core/page-assets/loader.php on line 95
[02-Jun-2026 19:08:13 UTC] PHP Warning:  Undefined array key "version" in /home/alamstor/public_html/wp-content/plugins/elementor/core/page-assets/loader.php on line 95
[02-Jun-2026 19:08:25 UTC] PHP Warning:  Undefined array key "src" in /home/alamstor/public_html/wp-content/plugins/elementor/core/page-assets/loader.php on line 95
[02-Jun-2026 19:08:25 UTC] PHP Warning:  Undefined array key "dependencies" in /home/alamstor/public_html/wp-content/plugins/elementor/core/page-assets/loader.php on line 95
[02-Jun-2026 19:08:25 UTC] PHP Warning:  Undefined array key "version" in /home/alamstor/public_html/wp-content/plugins/elementor/core/page-assets/loader.php on line 95
[02-Jun-2026 19:08:25 UTC] PHP Warning:  Undefined array key "src" in /home/alamstor/public_html/wp-content/plugins/elementor/core/page-assets/loader.php on line 95
[02-Jun-2026 19:08:25 UTC] PHP Warning:  Undefined array key "dependencies" in /home/alamstor/public_html/wp-content/plugins/elementor/core/page-assets/loader.php on line 95
[02-Jun-2026 19:08:25 UTC] PHP Warning:  Undefined array key "version" in /home/alamstor/public_html/wp-content/plugins/elementor/core/page-assets/loader.php on line 95
[02-Jun-2026 19:08:26 UTC] PHP Warning:  Undefined array key "src" in /home/alamstor/public_html/wp-content/plugins/elementor/core/page-assets/loader.php on line 95
[02-Jun-2026 19:08:26 UTC] PHP Warning:  Undefined array key "dependencies" in /home/alamstor/public_html/wp-content/plugins/elementor/core/page-assets/loader.php on line 95
[02-Jun-2026 19:08:26 UTC] PHP Warning:  Undefined array key "version" in /home/alamstor/public_html/wp-content/plugins/elementor/core/page-assets/loader.php on line 95
[02-Jun-2026 19:08:26 UTC] PHP Warning:  Undefined array key "src" in /home/alamstor/public_html/wp-content/plugins/elementor/core/page-assets/loader.php on line 95
[02-Jun-2026 19:08:26 UTC] PHP Warning:  Undefined array key "dependencies" in /home/alamstor/public_html/wp-content/plugins/elementor/core/page-assets/loader.php on line 95
[02-Jun-2026 19:08:26 UTC] PHP Warning:  Undefined array key "version" in /home/alamstor/public_html/wp-content/plugins/elementor/core/page-assets/loader.php on line 95
[02-Jun-2026 19:08:29 UTC] PHP Warning:  Undefined array key "src" in /home/alamstor/public_html/wp-content/plugins/elementor/core/page-assets/loader.php on line 95
[02-Jun-2026 19:08:29 UTC] PHP Warning:  Undefined array key "dependencies" in /home/alamstor/public_html/wp-content/plugins/elementor/core/page-assets/loader.php on line 95
[02-Jun-2026 19:08:29 UTC] PHP Warning:  Undefined array key "version" in /home/alamstor/public_html/wp-content/plugins/elementor/core/page-assets/loader.php on line 95
[02-Jun-2026 19:08:29 UTC] PHP Warning:  Undefined array key "src" in /home/alamstor/public_html/wp-content/plugins/elementor/core/page-assets/loader.php on line 95
[02-Jun-2026 19:08:29 UTC] PHP Warning:  Undefined array key "dependencies" in /home/alamstor/public_html/wp-content/plugins/elementor/core/page-assets/loader.php on line 95
[02-Jun-2026 19:08:29 UTC] PHP Warning:  Undefined array key "version" in /home/alamstor/public_html/wp-content/plugins/elementor/core/page-assets/loader.php on line 95
[02-Jun-2026 19:09:06 UTC] PHP Warning:  Undefined array key "src" in /home/alamstor/public_html/wp-content/plugins/elementor/core/page-assets/loader.php on line 95
[02-Jun-2026 19:09:06 UTC] PHP Warning:  Undefined array key "dependencies" in /home/alamstor/public_html/wp-content/plugins/elementor/core/page-assets/loader.php on line 95
[02-Jun-2026 19:09:06 UTC] PHP Warning:  Undefined array key "version" in /home/alamstor/public_html/wp-content/plugins/elementor/core/page-assets/loader.php on line 95
[02-Jun-2026 19:09:06 UTC] PHP Warning:  Undefined array key "src" in /home/alamstor/public_html/wp-content/plugins/elementor/core/page-assets/loader.php on line 95
[02-Jun-2026 19:09:06 UTC] PHP Warning:  Undefined array key "dependencies" in /home/alamstor/public_html/wp-content/plugins/elementor/core/page-assets/loader.php on line 95
[02-Jun-2026 19:09:06 UTC] PHP Warning:  Undefined array key "version" in /home/alamstor/public_html/wp-content/plugins/elementor/core/page-assets/loader.php on line 95
[02-Jun-2026 19:13:23 UTC] PHP Warning:  Undefined array key "src" in /home/alamstor/public_html/wp-content/plugins/elementor/core/page-assets/loader.php on line 95
[02-Jun-2026 19:13:23 UTC] PHP Warning:  Undefined array key "dependencies" in /home/alamstor/public_html/wp-content/plugins/elementor/core/page-assets/loader.php on line 95
[02-Jun-2026 19:13:23 UTC] PHP Warning:  Undefined array key "version" in /home/alamstor/public_html/wp-content/plugins/elementor/core/page-assets/loader.php on line 95
[02-Jun-2026 19:13:23 UTC] PHP Warning:  Undefined array key "src" in /home/alamstor/public_html/wp-content/plugins/elementor/core/page-assets/loader.php on line 95
[02-Jun-2026 19:13:23 UTC] PHP Warning:  Undefined array key "dependencies" in /home/alamstor/public_html/wp-content/plugins/elementor/core/page-assets/loader.php on line 95
[02-Jun-2026 19:13:23 UTC] PHP Warning:  Undefined array key "version" in /home/alamstor/public_html/wp-content/plugins/elementor/core/page-assets/loader.php on line 95
[02-Jun-2026 19:17:31 UTC] PHP Warning:  Undefined array key "src" in /home/alamstor/public_html/wp-content/plugins/elementor/core/page-assets/loader.php on line 95
[02-Jun-2026 19:17:31 UTC] PHP Warning:  Undefined array key "dependencies" in /home/alamstor/public_html/wp-content/plugins/elementor/core/page-assets/loader.php on line 95
[02-Jun-2026 19:17:31 UTC] PHP Warning:  Undefined array key "version" in /home/alamstor/public_html/wp-content/plugins/elementor/core/page-assets/loader.php on line 95
[02-Jun-2026 19:17:31 UTC] PHP Warning:  Undefined array key "src" in /home/alamstor/public_html/wp-content/plugins/elementor/core/page-assets/loader.php on line 95
[02-Jun-2026 19:17:31 UTC] PHP Warning:  Undefined array key "dependencies" in /home/alamstor/public_html/wp-content/plugins/elementor/core/page-assets/loader.php on line 95
[02-Jun-2026 19:17:31 UTC] PHP Warning:  Undefined array key "version" in /home/alamstor/public_html/wp-content/plugins/elementor/core/page-assets/loader.php on line 95
[02-Jun-2026 19:19:11 UTC] PHP Warning:  Undefined array key "src" in /home/alamstor/public_html/wp-content/plugins/elementor/core/page-assets/loader.php on line 95
[02-Jun-2026 19:19:11 UTC] PHP Warning:  Undefined array key "dependencies" in /home/alamstor/public_html/wp-content/plugins/elementor/core/page-assets/loader.php on line 95
[02-Jun-2026 19:19:11 UTC] PHP Warning:  Undefined array key "version" in /home/alamstor/public_html/wp-content/plugins/elementor/core/page-assets/loader.php on line 95
[02-Jun-2026 19:19:11 UTC] PHP Warning:  Undefined array key "src" in /home/alamstor/public_html/wp-content/plugins/elementor/core/page-assets/loader.php on line 95
[02-Jun-2026 19:19:11 UTC] PHP Warning:  Undefined array key "dependencies" in /home/alamstor/public_html/wp-content/plugins/elementor/core/page-assets/loader.php on line 95
[02-Jun-2026 19:19:11 UTC] PHP Warning:  Undefined array key "version" in /home/alamstor/public_html/wp-content/plugins/elementor/core/page-assets/loader.php on line 95
[02-Jun-2026 19:24:00 UTC] PHP Warning:  Undefined array key "src" in /home/alamstor/public_html/wp-content/plugins/elementor/core/page-assets/loader.php on line 95
[02-Jun-2026 19:24:00 UTC] PHP Warning:  Undefined array key "dependencies" in /home/alamstor/public_html/wp-content/plugins/elementor/core/page-assets/loader.php on line 95
[02-Jun-2026 19:24:00 UTC] PHP Warning:  Undefined array key "version" in /home/alamstor/public_html/wp-content/plugins/elementor/core/page-assets/loader.php on line 95
[02-Jun-2026 19:24:00 UTC] PHP Warning:  Undefined array key "src" in /home/alamstor/public_html/wp-content/plugins/elementor/core/page-assets/loader.php on line 95
[02-Jun-2026 19:24:00 UTC] PHP Warning:  Undefined array key "dependencies" in /home/alamstor/public_html/wp-content/plugins/elementor/core/page-assets/loader.php on line 95
[02-Jun-2026 19:24:00 UTC] PHP Warning:  Undefined array key "version" in /home/alamstor/public_html/wp-content/plugins/elementor/core/page-assets/loader.php on line 95
[02-Jun-2026 19:29:00 UTC] PHP Warning:  Undefined array key "src" in /home/alamstor/public_html/wp-content/plugins/elementor/core/page-assets/loader.php on line 95
[02-Jun-2026 19:29:00 UTC] PHP Warning:  Undefined array key "dependencies" in /home/alamstor/public_html/wp-content/plugins/elementor/core/page-assets/loader.php on line 95
[02-Jun-2026 19:29:00 UTC] PHP Warning:  Undefined array key "version" in /home/alamstor/public_html/wp-content/plugins/elementor/core/page-assets/loader.php on line 95
[02-Jun-2026 19:29:00 UTC] PHP Warning:  Undefined array key "src" in /home/alamstor/public_html/wp-content/plugins/elementor/core/page-assets/loader.php on line 95
[02-Jun-2026 19:29:00 UTC] PHP Warning:  Undefined array key "dependencies" in /home/alamstor/public_html/wp-content/plugins/elementor/core/page-assets/loader.php on line 95
[02-Jun-2026 19:29:00 UTC] PHP Warning:  Undefined array key "version" in /home/alamstor/public_html/wp-content/plugins/elementor/core/page-assets/loader.php on line 95
[02-Jun-2026 19:34:02 UTC] PHP Warning:  Undefined array key "src" in /home/alamstor/public_html/wp-content/plugins/elementor/core/page-assets/loader.php on line 95
[02-Jun-2026 19:34:02 UTC] PHP Warning:  Undefined array key "dependencies" in /home/alamstor/public_html/wp-content/plugins/elementor/core/page-assets/loader.php on line 95
[02-Jun-2026 19:34:02 UTC] PHP Warning:  Undefined array key "version" in /home/alamstor/public_html/wp-content/plugins/elementor/core/page-assets/loader.php on line 95
[02-Jun-2026 19:34:02 UTC] PHP Warning:  Undefined array key "src" in /home/alamstor/public_html/wp-content/plugins/elementor/core/page-assets/loader.php on line 95
[02-Jun-2026 19:34:02 UTC] PHP Warning:  Undefined array key "dependencies" in /home/alamstor/public_html/wp-content/plugins/elementor/core/page-assets/loader.php on line 95
[02-Jun-2026 19:34:02 UTC] PHP Warning:  Undefined array key "version" in /home/alamstor/public_html/wp-content/plugins/elementor/core/page-assets/loader.php on line 95
[02-Jun-2026 19:37:04 UTC] PHP Warning:  Undefined array key "src" in /home/alamstor/public_html/wp-content/plugins/elementor/core/page-assets/loader.php on line 95
[02-Jun-2026 19:37:04 UTC] PHP Warning:  Undefined array key "dependencies" in /home/alamstor/public_html/wp-content/plugins/elementor/core/page-assets/loader.php on line 95
[02-Jun-2026 19:37:04 UTC] PHP Warning:  Undefined array key "version" in /home/alamstor/public_html/wp-content/plugins/elementor/core/page-assets/loader.php on line 95
[02-Jun-2026 19:37:04 UTC] PHP Warning:  Undefined array key "src" in /home/alamstor/public_html/wp-content/plugins/elementor/core/page-assets/loader.php on line 95
[02-Jun-2026 19:37:04 UTC] PHP Warning:  Undefined array key "dependencies" in /home/alamstor/public_html/wp-content/plugins/elementor/core/page-assets/loader.php on line 95
[02-Jun-2026 19:37:04 UTC] PHP Warning:  Undefined array key "version" in /home/alamstor/public_html/wp-content/plugins/elementor/core/page-assets/loader.php on line 95
[02-Jun-2026 19:44:07 UTC] PHP Warning:  Undefined array key "src" in /home/alamstor/public_html/wp-content/plugins/elementor/core/page-assets/loader.php on line 95
[02-Jun-2026 19:44:07 UTC] PHP Warning:  Undefined array key "dependencies" in /home/alamstor/public_html/wp-content/plugins/elementor/core/page-assets/loader.php on line 95
[02-Jun-2026 19:44:07 UTC] PHP Warning:  Undefined array key "version" in /home/alamstor/public_html/wp-content/plugins/elementor/core/page-assets/loader.php on line 95
[02-Jun-2026 19:44:07 UTC] PHP Warning:  Undefined array key "src" in /home/alamstor/public_html/wp-content/plugins/elementor/core/page-assets/loader.php on line 95
[02-Jun-2026 19:44:07 UTC] PHP Warning:  Undefined array key "dependencies" in /home/alamstor/public_html/wp-content/plugins/elementor/core/page-assets/loader.php on line 95
[02-Jun-2026 19:44:07 UTC] PHP Warning:  Undefined array key "version" in /home/alamstor/public_html/wp-content/plugins/elementor/core/page-assets/loader.php on line 95
[02-Jun-2026 20:10:11 UTC] PHP Warning:  Undefined array key "src" in /home/alamstor/public_html/wp-content/plugins/elementor/core/page-assets/loader.php on line 95
[02-Jun-2026 20:10:11 UTC] PHP Warning:  Undefined array key "dependencies" in /home/alamstor/public_html/wp-content/plugins/elementor/core/page-assets/loader.php on line 95
[02-Jun-2026 20:10:11 UTC] PHP Warning:  Undefined array key "version" in /home/alamstor/public_html/wp-content/plugins/elementor/core/page-assets/loader.php on line 95
[02-Jun-2026 20:10:11 UTC] PHP Warning:  Undefined array key "src" in /home/alamstor/public_html/wp-content/plugins/elementor/core/page-assets/loader.php on line 95
[02-Jun-2026 20:10:11 UTC] PHP Warning:  Undefined array key "dependencies" in /home/alamstor/public_html/wp-content/plugins/elementor/core/page-assets/loader.php on line 95
[02-Jun-2026 20:10:11 UTC] PHP Warning:  Undefined array key "version" in /home/alamstor/public_html/wp-content/plugins/elementor/core/page-assets/loader.php on line 95
[02-Jun-2026 20:10:49 UTC] PHP Warning:  Undefined array key "src" in /home/alamstor/public_html/wp-content/plugins/elementor/core/page-assets/loader.php on line 95
[02-Jun-2026 20:10:49 UTC] PHP Warning:  Undefined array key "dependencies" in /home/alamstor/public_html/wp-content/plugins/elementor/core/page-assets/loader.php on line 95
[02-Jun-2026 20:10:49 UTC] PHP Warning:  Undefined array key "version" in /home/alamstor/public_html/wp-content/plugins/elementor/core/page-assets/loader.php on line 95
[02-Jun-2026 20:10:49 UTC] PHP Warning:  Undefined array key "src" in /home/alamstor/public_html/wp-content/plugins/elementor/core/page-assets/loader.php on line 95
[02-Jun-2026 20:10:49 UTC] PHP Warning:  Undefined array key "dependencies" in /home/alamstor/public_html/wp-content/plugins/elementor/core/page-assets/loader.php on line 95
[02-Jun-2026 20:10:49 UTC] PHP Warning:  Undefined array key "version" in /home/alamstor/public_html/wp-content/plugins/elementor/core/page-assets/loader.php on line 95
[02-Jun-2026 20:18:11 UTC] PHP Warning:  Undefined array key "src" in /home/alamstor/public_html/wp-content/plugins/elementor/core/page-assets/loader.php on line 95
[02-Jun-2026 20:18:11 UTC] PHP Warning:  Undefined array key "dependencies" in /home/alamstor/public_html/wp-content/plugins/elementor/core/page-assets/loader.php on line 95
[02-Jun-2026 20:18:11 UTC] PHP Warning:  Undefined array key "version" in /home/alamstor/public_html/wp-content/plugins/elementor/core/page-assets/loader.php on line 95
[02-Jun-2026 20:18:11 UTC] PHP Warning:  Undefined array key "src" in /home/alamstor/public_html/wp-content/plugins/elementor/core/page-assets/loader.php on line 95
[02-Jun-2026 20:18:11 UTC] PHP Warning:  Undefined array key "dependencies" in /home/alamstor/public_html/wp-content/plugins/elementor/core/page-assets/loader.php on line 95
[02-Jun-2026 20:18:11 UTC] PHP Warning:  Undefined array key "version" in /home/alamstor/public_html/wp-content/plugins/elementor/core/page-assets/loader.php on line 95
[02-Jun-2026 20:20:01 UTC] PHP Warning:  Undefined array key "src" in /home/alamstor/public_html/wp-content/plugins/elementor/core/page-assets/loader.php on line 95
[02-Jun-2026 20:20:01 UTC] PHP Warning:  Undefined array key "dependencies" in /home/alamstor/public_html/wp-content/plugins/elementor/core/page-assets/loader.php on line 95
[02-Jun-2026 20:20:01 UTC] PHP Warning:  Undefined array key "version" in /home/alamstor/public_html/wp-content/plugins/elementor/core/page-assets/loader.php on line 95
[02-Jun-2026 20:20:01 UTC] PHP Warning:  Undefined array key "src" in /home/alamstor/public_html/wp-content/plugins/elementor/core/page-assets/loader.php on line 95
[02-Jun-2026 20:20:01 UTC] PHP Warning:  Undefined array key "dependencies" in /home/alamstor/public_html/wp-content/plugins/elementor/core/page-assets/loader.php on line 95
[02-Jun-2026 20:20:01 UTC] PHP Warning:  Undefined array key "version" in /home/alamstor/public_html/wp-content/plugins/elementor/core/page-assets/loader.php on line 95
[02-Jun-2026 20:31:48 UTC] PHP Warning:  Undefined array key "src" in /home/alamstor/public_html/wp-content/plugins/elementor/core/page-assets/loader.php on line 95
[02-Jun-2026 20:31:48 UTC] PHP Warning:  Undefined array key "dependencies" in /home/alamstor/public_html/wp-content/plugins/elementor/core/page-assets/loader.php on line 95
[02-Jun-2026 20:31:48 UTC] PHP Warning:  Undefined array key "version" in /home/alamstor/public_html/wp-content/plugins/elementor/core/page-assets/loader.php on line 95
[02-Jun-2026 20:31:48 UTC] PHP Warning:  Undefined array key "src" in /home/alamstor/public_html/wp-content/plugins/elementor/core/page-assets/loader.php on line 95
[02-Jun-2026 20:31:48 UTC] PHP Warning:  Undefined array key "dependencies" in /home/alamstor/public_html/wp-content/plugins/elementor/core/page-assets/loader.php on line 95
[02-Jun-2026 20:31:48 UTC] PHP Warning:  Undefined array key "version" in /home/alamstor/public_html/wp-content/plugins/elementor/core/page-assets/loader.php on line 95
[02-Jun-2026 20:39:10 UTC] PHP Warning:  Undefined array key "src" in /home/alamstor/public_html/wp-content/plugins/elementor/core/page-assets/loader.php on line 95
[02-Jun-2026 20:39:10 UTC] PHP Warning:  Undefined array key "dependencies" in /home/alamstor/public_html/wp-content/plugins/elementor/core/page-assets/loader.php on line 95
[02-Jun-2026 20:39:10 UTC] PHP Warning:  Undefined array key "version" in /home/alamstor/public_html/wp-content/plugins/elementor/core/page-assets/loader.php on line 95
[02-Jun-2026 20:39:10 UTC] PHP Warning:  Undefined array key "src" in /home/alamstor/public_html/wp-content/plugins/elementor/core/page-assets/loader.php on line 95
[02-Jun-2026 20:39:10 UTC] PHP Warning:  Undefined array key "dependencies" in /home/alamstor/public_html/wp-content/plugins/elementor/core/page-assets/loader.php on line 95
[02-Jun-2026 20:39:10 UTC] PHP Warning:  Undefined array key "version" in /home/alamstor/public_html/wp-content/plugins/elementor/core/page-assets/loader.php on line 95
[02-Jun-2026 20:39:11 UTC] PHP Warning:  Undefined array key "src" in /home/alamstor/public_html/wp-content/plugins/elementor/core/page-assets/loader.php on line 95
[02-Jun-2026 20:39:11 UTC] PHP Warning:  Undefined array key "dependencies" in /home/alamstor/public_html/wp-content/plugins/elementor/core/page-assets/loader.php on line 95
[02-Jun-2026 20:39:11 UTC] PHP Warning:  Undefined array key "version" in /home/alamstor/public_html/wp-content/plugins/elementor/core/page-assets/loader.php on line 95
[02-Jun-2026 20:39:11 UTC] PHP Warning:  Undefined array key "src" in /home/alamstor/public_html/wp-content/plugins/elementor/core/page-assets/loader.php on line 95
[02-Jun-2026 20:39:11 UTC] PHP Warning:  Undefined array key "dependencies" in /home/alamstor/public_html/wp-content/plugins/elementor/core/page-assets/loader.php on line 95
[02-Jun-2026 20:39:11 UTC] PHP Warning:  Undefined array key "version" in /home/alamstor/public_html/wp-content/plugins/elementor/core/page-assets/loader.php on line 95
[02-Jun-2026 21:39:20 UTC] PHP Warning:  Undefined array key "src" in /home/alamstor/public_html/wp-content/plugins/elementor/core/page-assets/loader.php on line 95
[02-Jun-2026 21:39:20 UTC] PHP Warning:  Undefined array key "dependencies" in /home/alamstor/public_html/wp-content/plugins/elementor/core/page-assets/loader.php on line 95
[02-Jun-2026 21:39:20 UTC] PHP Warning:  Undefined array key "version" in /home/alamstor/public_html/wp-content/plugins/elementor/core/page-assets/loader.php on line 95
[02-Jun-2026 21:39:20 UTC] PHP Warning:  Undefined array key "src" in /home/alamstor/public_html/wp-content/plugins/elementor/core/page-assets/loader.php on line 95
[02-Jun-2026 21:39:20 UTC] PHP Warning:  Undefined array key "dependencies" in /home/alamstor/public_html/wp-content/plugins/elementor/core/page-assets/loader.php on line 95
[02-Jun-2026 21:39:20 UTC] PHP Warning:  Undefined array key "version" in /home/alamstor/public_html/wp-content/plugins/elementor/core/page-assets/loader.php on line 95
[02-Jun-2026 21:39:35 UTC] PHP Warning:  Undefined array key "src" in /home/alamstor/public_html/wp-content/plugins/elementor/core/page-assets/loader.php on line 95
[02-Jun-2026 21:39:35 UTC] PHP Warning:  Undefined array key "dependencies" in /home/alamstor/public_html/wp-content/plugins/elementor/core/page-assets/loader.php on line 95
[02-Jun-2026 21:39:35 UTC] PHP Warning:  Undefined array key "version" in /home/alamstor/public_html/wp-content/plugins/elementor/core/page-assets/loader.php on line 95
[02-Jun-2026 21:39:35 UTC] PHP Warning:  Undefined array key "src" in /home/alamstor/public_html/wp-content/plugins/elementor/core/page-assets/loader.php on line 95
[02-Jun-2026 21:39:35 UTC] PHP Warning:  Undefined array key "dependencies" in /home/alamstor/public_html/wp-content/plugins/elementor/core/page-assets/loader.php on line 95
[02-Jun-2026 21:39:35 UTC] PHP Warning:  Undefined array key "version" in /home/alamstor/public_html/wp-content/plugins/elementor/core/page-assets/loader.php on line 95
[02-Jun-2026 21:39:51 UTC] PHP Warning:  Undefined array key "src" in /home/alamstor/public_html/wp-content/plugins/elementor/core/page-assets/loader.php on line 95
[02-Jun-2026 21:39:51 UTC] PHP Warning:  Undefined array key "dependencies" in /home/alamstor/public_html/wp-content/plugins/elementor/core/page-assets/loader.php on line 95
[02-Jun-2026 21:39:51 UTC] PHP Warning:  Undefined array key "version" in /home/alamstor/public_html/wp-content/plugins/elementor/core/page-assets/loader.php on line 95
[02-Jun-2026 21:39:51 UTC] PHP Warning:  Undefined array key "src" in /home/alamstor/public_html/wp-content/plugins/elementor/core/page-assets/loader.php on line 95
[02-Jun-2026 21:39:51 UTC] PHP Warning:  Undefined array key "dependencies" in /home/alamstor/public_html/wp-content/plugins/elementor/core/page-assets/loader.php on line 95
[02-Jun-2026 21:39:51 UTC] PHP Warning:  Undefined array key "version" in /home/alamstor/public_html/wp-content/plugins/elementor/core/page-assets/loader.php on line 95
[02-Jun-2026 21:40:07 UTC] PHP Warning:  Undefined array key "src" in /home/alamstor/public_html/wp-content/plugins/elementor/core/page-assets/loader.php on line 95
[02-Jun-2026 21:40:07 UTC] PHP Warning:  Undefined array key "dependencies" in /home/alamstor/public_html/wp-content/plugins/elementor/core/page-assets/loader.php on line 95
[02-Jun-2026 21:40:07 UTC] PHP Warning:  Undefined array key "version" in /home/alamstor/public_html/wp-content/plugins/elementor/core/page-assets/loader.php on line 95
[02-Jun-2026 21:40:07 UTC] PHP Warning:  Undefined array key "src" in /home/alamstor/public_html/wp-content/plugins/elementor/core/page-assets/loader.php on line 95
[02-Jun-2026 21:40:07 UTC] PHP Warning:  Undefined array key "dependencies" in /home/alamstor/public_html/wp-content/plugins/elementor/core/page-assets/loader.php on line 95
[02-Jun-2026 21:40:07 UTC] PHP Warning:  Undefined array key "version" in /home/alamstor/public_html/wp-content/plugins/elementor/core/page-assets/loader.php on line 95
[02-Jun-2026 21:40:38 UTC] PHP Warning:  Undefined array key "src" in /home/alamstor/public_html/wp-content/plugins/elementor/core/page-assets/loader.php on line 95
[02-Jun-2026 21:40:38 UTC] PHP Warning:  Undefined array key "dependencies" in /home/alamstor/public_html/wp-content/plugins/elementor/core/page-assets/loader.php on line 95
[02-Jun-2026 21:40:38 UTC] PHP Warning:  Undefined array key "version" in /home/alamstor/public_html/wp-content/plugins/elementor/core/page-assets/loader.php on line 95
[02-Jun-2026 21:40:38 UTC] PHP Warning:  Undefined array key "src" in /home/alamstor/public_html/wp-content/plugins/elementor/core/page-assets/loader.php on line 95
[02-Jun-2026 21:40:38 UTC] PHP Warning:  Undefined array key "dependencies" in /home/alamstor/public_html/wp-content/plugins/elementor/core/page-assets/loader.php on line 95
[02-Jun-2026 21:40:38 UTC] PHP Warning:  Undefined array key "version" in /home/alamstor/public_html/wp-content/plugins/elementor/core/page-assets/loader.php on line 95
[02-Jun-2026 21:53:21 UTC] PHP Warning:  Undefined array key "src" in /home/alamstor/public_html/wp-content/plugins/elementor/core/page-assets/loader.php on line 95
[02-Jun-2026 21:53:21 UTC] PHP Warning:  Undefined array key "dependencies" in /home/alamstor/public_html/wp-content/plugins/elementor/core/page-assets/loader.php on line 95
[02-Jun-2026 21:53:21 UTC] PHP Warning:  Undefined array key "version" in /home/alamstor/public_html/wp-content/plugins/elementor/core/page-assets/loader.php on line 95
[02-Jun-2026 21:53:21 UTC] PHP Warning:  Undefined array key "src" in /home/alamstor/public_html/wp-content/plugins/elementor/core/page-assets/loader.php on line 95
[02-Jun-2026 21:53:21 UTC] PHP Warning:  Undefined array key "dependencies" in /home/alamstor/public_html/wp-content/plugins/elementor/core/page-assets/loader.php on line 95
[02-Jun-2026 21:53:21 UTC] PHP Warning:  Undefined array key "version" in /home/alamstor/public_html/wp-content/plugins/elementor/core/page-assets/loader.php on line 95
[02-Jun-2026 23:14:48 UTC] PHP Warning:  Undefined array key "src" in /home/alamstor/public_html/wp-content/plugins/elementor/core/page-assets/loader.php on line 95
[02-Jun-2026 23:14:48 UTC] PHP Warning:  Undefined array key "dependencies" in /home/alamstor/public_html/wp-content/plugins/elementor/core/page-assets/loader.php on line 95
[02-Jun-2026 23:14:48 UTC] PHP Warning:  Undefined array key "version" in /home/alamstor/public_html/wp-content/plugins/elementor/core/page-assets/loader.php on line 95
[02-Jun-2026 23:14:48 UTC] PHP Warning:  Undefined array key "src" in /home/alamstor/public_html/wp-content/plugins/elementor/core/page-assets/loader.php on line 95
[02-Jun-2026 23:14:48 UTC] PHP Warning:  Undefined array key "dependencies" in /home/alamstor/public_html/wp-content/plugins/elementor/core/page-assets/loader.php on line 95
[02-Jun-2026 23:14:48 UTC] PHP Warning:  Undefined array key "version" in /home/alamstor/public_html/wp-content/plugins/elementor/core/page-assets/loader.php on line 95
[02-Jun-2026 23:17:02 UTC] PHP Warning:  Undefined array key "src" in /home/alamstor/public_html/wp-content/plugins/elementor/core/page-assets/loader.php on line 95
[02-Jun-2026 23:17:02 UTC] PHP Warning:  Undefined array key "dependencies" in /home/alamstor/public_html/wp-content/plugins/elementor/core/page-assets/loader.php on line 95
[02-Jun-2026 23:17:02 UTC] PHP Warning:  Undefined array key "version" in /home/alamstor/public_html/wp-content/plugins/elementor/core/page-assets/loader.php on line 95
[02-Jun-2026 23:17:02 UTC] PHP Warning:  Undefined array key "src" in /home/alamstor/public_html/wp-content/plugins/elementor/core/page-assets/loader.php on line 95
[02-Jun-2026 23:17:02 UTC] PHP Warning:  Undefined array key "dependencies" in /home/alamstor/public_html/wp-content/plugins/elementor/core/page-assets/loader.php on line 95
[02-Jun-2026 23:17:02 UTC] PHP Warning:  Undefined array key "version" in /home/alamstor/public_html/wp-content/plugins/elementor/core/page-assets/loader.php on line 95
[02-Jun-2026 23:32:26 UTC] PHP Warning:  Undefined array key "src" in /home/alamstor/public_html/wp-content/plugins/elementor/core/page-assets/loader.php on line 95
[02-Jun-2026 23:32:26 UTC] PHP Warning:  Undefined array key "dependencies" in /home/alamstor/public_html/wp-content/plugins/elementor/core/page-assets/loader.php on line 95
[02-Jun-2026 23:32:26 UTC] PHP Warning:  Undefined array key "version" in /home/alamstor/public_html/wp-content/plugins/elementor/core/page-assets/loader.php on line 95
[02-Jun-2026 23:32:26 UTC] PHP Warning:  Undefined array key "src" in /home/alamstor/public_html/wp-content/plugins/elementor/core/page-assets/loader.php on line 95
[02-Jun-2026 23:32:26 UTC] PHP Warning:  Undefined array key "dependencies" in /home/alamstor/public_html/wp-content/plugins/elementor/core/page-assets/loader.php on line 95
[02-Jun-2026 23:32:26 UTC] PHP Warning:  Undefined array key "version" in /home/alamstor/public_html/wp-content/plugins/elementor/core/page-assets/loader.php on line 95
[02-Jun-2026 23:34:20 UTC] PHP Warning:  Undefined array key "src" in /home/alamstor/public_html/wp-content/plugins/elementor/core/page-assets/loader.php on line 95
[02-Jun-2026 23:34:20 UTC] PHP Warning:  Undefined array key "dependencies" in /home/alamstor/public_html/wp-content/plugins/elementor/core/page-assets/loader.php on line 95
[02-Jun-2026 23:34:20 UTC] PHP Warning:  Undefined array key "version" in /home/alamstor/public_html/wp-content/plugins/elementor/core/page-assets/loader.php on line 95
[02-Jun-2026 23:34:20 UTC] PHP Warning:  Undefined array key "src" in /home/alamstor/public_html/wp-content/plugins/elementor/core/page-assets/loader.php on line 95
[02-Jun-2026 23:34:20 UTC] PHP Warning:  Undefined array key "dependencies" in /home/alamstor/public_html/wp-content/plugins/elementor/core/page-assets/loader.php on line 95
[02-Jun-2026 23:34:20 UTC] PHP Warning:  Undefined array key "version" in /home/alamstor/public_html/wp-content/plugins/elementor/core/page-assets/loader.php on line 95
[02-Jun-2026 23:48:02 UTC] PHP Warning:  Undefined array key "src" in /home/alamstor/public_html/wp-content/plugins/elementor/core/page-assets/loader.php on line 95
[02-Jun-2026 23:48:02 UTC] PHP Warning:  Undefined array key "dependencies" in /home/alamstor/public_html/wp-content/plugins/elementor/core/page-assets/loader.php on line 95
[02-Jun-2026 23:48:02 UTC] PHP Warning:  Undefined array key "version" in /home/alamstor/public_html/wp-content/plugins/elementor/core/page-assets/loader.php on line 95
[02-Jun-2026 23:48:02 UTC] PHP Warning:  Undefined array key "src" in /home/alamstor/public_html/wp-content/plugins/elementor/core/page-assets/loader.php on line 95
[02-Jun-2026 23:48:02 UTC] PHP Warning:  Undefined array key "dependencies" in /home/alamstor/public_html/wp-content/plugins/elementor/core/page-assets/loader.php on line 95
[02-Jun-2026 23:48:02 UTC] PHP Warning:  Undefined array key "version" in /home/alamstor/public_html/wp-content/plugins/elementor/core/page-assets/loader.php on line 95
[03-Jun-2026 00:27:08 UTC] PHP Warning:  Undefined array key "src" in /home/alamstor/public_html/wp-content/plugins/elementor/core/page-assets/loader.php on line 95
[03-Jun-2026 00:27:08 UTC] PHP Warning:  Undefined array key "dependencies" in /home/alamstor/public_html/wp-content/plugins/elementor/core/page-assets/loader.php on line 95
[03-Jun-2026 00:27:08 UTC] PHP Warning:  Undefined array key "version" in /home/alamstor/public_html/wp-content/plugins/elementor/core/page-assets/loader.php on line 95
[03-Jun-2026 00:27:08 UTC] PHP Warning:  Undefined array key "src" in /home/alamstor/public_html/wp-content/plugins/elementor/core/page-assets/loader.php on line 95
[03-Jun-2026 00:27:08 UTC] PHP Warning:  Undefined array key "dependencies" in /home/alamstor/public_html/wp-content/plugins/elementor/core/page-assets/loader.php on line 95
[03-Jun-2026 00:27:08 UTC] PHP Warning:  Undefined array key "version" in /home/alamstor/public_html/wp-content/plugins/elementor/core/page-assets/loader.php on line 95
[03-Jun-2026 00:30:17 UTC] PHP Warning:  Undefined array key "src" in /home/alamstor/public_html/wp-content/plugins/elementor/core/page-assets/loader.php on line 95
[03-Jun-2026 00:30:17 UTC] PHP Warning:  Undefined array key "dependencies" in /home/alamstor/public_html/wp-content/plugins/elementor/core/page-assets/loader.php on line 95
[03-Jun-2026 00:30:17 UTC] PHP Warning:  Undefined array key "version" in /home/alamstor/public_html/wp-content/plugins/elementor/core/page-assets/loader.php on line 95
[03-Jun-2026 00:30:17 UTC] PHP Warning:  Undefined array key "src" in /home/alamstor/public_html/wp-content/plugins/elementor/core/page-assets/loader.php on line 95
[03-Jun-2026 00:30:17 UTC] PHP Warning:  Undefined array key "dependencies" in /home/alamstor/public_html/wp-content/plugins/elementor/core/page-assets/loader.php on line 95
[03-Jun-2026 00:30:17 UTC] PHP Warning:  Undefined array key "version" in /home/alamstor/public_html/wp-content/plugins/elementor/core/page-assets/loader.php on line 95
[03-Jun-2026 00:51:29 UTC] PHP Warning:  Undefined array key "src" in /home/alamstor/public_html/wp-content/plugins/elementor/core/page-assets/loader.php on line 95
[03-Jun-2026 00:51:29 UTC] PHP Warning:  Undefined array key "dependencies" in /home/alamstor/public_html/wp-content/plugins/elementor/core/page-assets/loader.php on line 95
[03-Jun-2026 00:51:29 UTC] PHP Warning:  Undefined array key "version" in /home/alamstor/public_html/wp-content/plugins/elementor/core/page-assets/loader.php on line 95
[03-Jun-2026 00:51:29 UTC] PHP Warning:  Undefined array key "src" in /home/alamstor/public_html/wp-content/plugins/elementor/core/page-assets/loader.php on line 95
[03-Jun-2026 00:51:29 UTC] PHP Warning:  Undefined array key "dependencies" in /home/alamstor/public_html/wp-content/plugins/elementor/core/page-assets/loader.php on line 95
[03-Jun-2026 00:51:29 UTC] PHP Warning:  Undefined array key "version" in /home/alamstor/public_html/wp-content/plugins/elementor/core/page-assets/loader.php on line 95
[03-Jun-2026 01:11:25 UTC] PHP Warning:  Undefined array key "src" in /home/alamstor/public_html/wp-content/plugins/elementor/core/page-assets/loader.php on line 95
[03-Jun-2026 01:11:25 UTC] PHP Warning:  Undefined array key "dependencies" in /home/alamstor/public_html/wp-content/plugins/elementor/core/page-assets/loader.php on line 95
[03-Jun-2026 01:11:25 UTC] PHP Warning:  Undefined array key "version" in /home/alamstor/public_html/wp-content/plugins/elementor/core/page-assets/loader.php on line 95
[03-Jun-2026 01:11:25 UTC] PHP Warning:  Undefined array key "src" in /home/alamstor/public_html/wp-content/plugins/elementor/core/page-assets/loader.php on line 95
[03-Jun-2026 01:11:25 UTC] PHP Warning:  Undefined array key "dependencies" in /home/alamstor/public_html/wp-content/plugins/elementor/core/page-assets/loader.php on line 95
[03-Jun-2026 01:11:25 UTC] PHP Warning:  Undefined array key "version" in /home/alamstor/public_html/wp-content/plugins/elementor/core/page-assets/loader.php on line 95
[03-Jun-2026 01:34:29 UTC] PHP Warning:  Undefined array key "src" in /home/alamstor/public_html/wp-content/plugins/elementor/core/page-assets/loader.php on line 95
[03-Jun-2026 01:34:29 UTC] PHP Warning:  Undefined array key "dependencies" in /home/alamstor/public_html/wp-content/plugins/elementor/core/page-assets/loader.php on line 95
[03-Jun-2026 01:34:29 UTC] PHP Warning:  Undefined array key "version" in /home/alamstor/public_html/wp-content/plugins/elementor/core/page-assets/loader.php on line 95
[03-Jun-2026 01:34:29 UTC] PHP Warning:  Undefined array key "src" in /home/alamstor/public_html/wp-content/plugins/elementor/core/page-assets/loader.php on line 95
[03-Jun-2026 01:34:29 UTC] PHP Warning:  Undefined array key "dependencies" in /home/alamstor/public_html/wp-content/plugins/elementor/core/page-assets/loader.php on line 95
[03-Jun-2026 01:34:29 UTC] PHP Warning:  Undefined array key "version" in /home/alamstor/public_html/wp-content/plugins/elementor/core/page-assets/loader.php on line 95
[03-Jun-2026 01:40:33 UTC] PHP Warning:  Undefined array key "src" in /home/alamstor/public_html/wp-content/plugins/elementor/core/page-assets/loader.php on line 95
[03-Jun-2026 01:40:33 UTC] PHP Warning:  Undefined array key "dependencies" in /home/alamstor/public_html/wp-content/plugins/elementor/core/page-assets/loader.php on line 95
[03-Jun-2026 01:40:33 UTC] PHP Warning:  Undefined array key "version" in /home/alamstor/public_html/wp-content/plugins/elementor/core/page-assets/loader.php on line 95
[03-Jun-2026 01:40:33 UTC] PHP Warning:  Undefined array key "src" in /home/alamstor/public_html/wp-content/plugins/elementor/core/page-assets/loader.php on line 95
[03-Jun-2026 01:40:33 UTC] PHP Warning:  Undefined array key "dependencies" in /home/alamstor/public_html/wp-content/plugins/elementor/core/page-assets/loader.php on line 95
[03-Jun-2026 01:40:33 UTC] PHP Warning:  Undefined array key "version" in /home/alamstor/public_html/wp-content/plugins/elementor/core/page-assets/loader.php on line 95
[03-Jun-2026 02:22:54 UTC] Automatic updates starting...
[03-Jun-2026 02:22:54 UTC]   Automatic plugin updates starting...
[03-Jun-2026 02:22:54 UTC]   Automatic plugin updates complete.
[03-Jun-2026 02:22:54 UTC]   Automatic theme updates starting...
[03-Jun-2026 02:22:54 UTC]   Automatic theme updates complete.
[03-Jun-2026 02:22:54 UTC] Automatic updates complete.
[03-Jun-2026 02:45:12 UTC] PHP Warning:  Undefined array key "src" in /home/alamstor/public_html/wp-content/plugins/elementor/core/page-assets/loader.php on line 95
[03-Jun-2026 02:45:12 UTC] PHP Warning:  Undefined array key "dependencies" in /home/alamstor/public_html/wp-content/plugins/elementor/core/page-assets/loader.php on line 95
[03-Jun-2026 02:45:12 UTC] PHP Warning:  Undefined array key "version" in /home/alamstor/public_html/wp-content/plugins/elementor/core/page-assets/loader.php on line 95
[03-Jun-2026 02:45:12 UTC] PHP Warning:  Undefined array key "src" in /home/alamstor/public_html/wp-content/plugins/elementor/core/page-assets/loader.php on line 95
[03-Jun-2026 02:45:12 UTC] PHP Warning:  Undefined array key "dependencies" in /home/alamstor/public_html/wp-content/plugins/elementor/core/page-assets/loader.php on line 95
[03-Jun-2026 02:45:12 UTC] PHP Warning:  Undefined array key "version" in /home/alamstor/public_html/wp-content/plugins/elementor/core/page-assets/loader.php on line 95
[03-Jun-2026 02:59:26 UTC] PHP Warning:  Undefined array key "src" in /home/alamstor/public_html/wp-content/plugins/elementor/core/page-assets/loader.php on line 95
[03-Jun-2026 02:59:26 UTC] PHP Warning:  Undefined array key "dependencies" in /home/alamstor/public_html/wp-content/plugins/elementor/core/page-assets/loader.php on line 95
[03-Jun-2026 02:59:26 UTC] PHP Warning:  Undefined array key "version" in /home/alamstor/public_html/wp-content/plugins/elementor/core/page-assets/loader.php on line 95
[03-Jun-2026 02:59:26 UTC] PHP Warning:  Undefined array key "src" in /home/alamstor/public_html/wp-content/plugins/elementor/core/page-assets/loader.php on line 95
[03-Jun-2026 02:59:26 UTC] PHP Warning:  Undefined array key "dependencies" in /home/alamstor/public_html/wp-content/plugins/elementor/core/page-assets/loader.php on line 95
[03-Jun-2026 02:59:26 UTC] PHP Warning:  Undefined array key "version" in /home/alamstor/public_html/wp-content/plugins/elementor/core/page-assets/loader.php on line 95
[03-Jun-2026 03:03:57 UTC] PHP Warning:  Undefined array key "src" in /home/alamstor/public_html/wp-content/plugins/elementor/core/page-assets/loader.php on line 95
[03-Jun-2026 03:03:57 UTC] PHP Warning:  Undefined array key "dependencies" in /home/alamstor/public_html/wp-content/plugins/elementor/core/page-assets/loader.php on line 95
[03-Jun-2026 03:03:57 UTC] PHP Warning:  Undefined array key "version" in /home/alamstor/public_html/wp-content/plugins/elementor/core/page-assets/loader.php on line 95
[03-Jun-2026 03:03:57 UTC] PHP Warning:  Undefined array key "src" in /home/alamstor/public_html/wp-content/plugins/elementor/core/page-assets/loader.php on line 95
[03-Jun-2026 03:03:57 UTC] PHP Warning:  Undefined array key "dependencies" in /home/alamstor/public_html/wp-content/plugins/elementor/core/page-assets/loader.php on line 95
[03-Jun-2026 03:03:57 UTC] PHP Warning:  Undefined array key "version" in /home/alamstor/public_html/wp-content/plugins/elementor/core/page-assets/loader.php on line 95
[03-Jun-2026 03:07:40 UTC] PHP Warning:  Undefined array key "src" in /home/alamstor/public_html/wp-content/plugins/elementor/core/page-assets/loader.php on line 95
[03-Jun-2026 03:07:40 UTC] PHP Warning:  Undefined array key "dependencies" in /home/alamstor/public_html/wp-content/plugins/elementor/core/page-assets/loader.php on line 95
[03-Jun-2026 03:07:40 UTC] PHP Warning:  Undefined array key "version" in /home/alamstor/public_html/wp-content/plugins/elementor/core/page-assets/loader.php on line 95
[03-Jun-2026 03:07:40 UTC] PHP Warning:  Undefined array key "src" in /home/alamstor/public_html/wp-content/plugins/elementor/core/page-assets/loader.php on line 95
[03-Jun-2026 03:07:40 UTC] PHP Warning:  Undefined array key "dependencies" in /home/alamstor/public_html/wp-content/plugins/elementor/core/page-assets/loader.php on line 95
[03-Jun-2026 03:07:40 UTC] PHP Warning:  Undefined array key "version" in /home/alamstor/public_html/wp-content/plugins/elementor/core/page-assets/loader.php on line 95
[03-Jun-2026 03:13:20 UTC] PHP Warning:  Undefined array key "src" in /home/alamstor/public_html/wp-content/plugins/elementor/core/page-assets/loader.php on line 95
[03-Jun-2026 03:13:20 UTC] PHP Warning:  Undefined array key "dependencies" in /home/alamstor/public_html/wp-content/plugins/elementor/core/page-assets/loader.php on line 95
[03-Jun-2026 03:13:20 UTC] PHP Warning:  Undefined array key "version" in /home/alamstor/public_html/wp-content/plugins/elementor/core/page-assets/loader.php on line 95
[03-Jun-2026 03:13:20 UTC] PHP Warning:  Undefined array key "src" in /home/alamstor/public_html/wp-content/plugins/elementor/core/page-assets/loader.php on line 95
[03-Jun-2026 03:13:20 UTC] PHP Warning:  Undefined array key "dependencies" in /home/alamstor/public_html/wp-content/plugins/elementor/core/page-assets/loader.php on line 95
[03-Jun-2026 03:13:20 UTC] PHP Warning:  Undefined array key "version" in /home/alamstor/public_html/wp-content/plugins/elementor/core/page-assets/loader.php on line 95
[03-Jun-2026 03:27:39 UTC] PHP Warning:  Undefined array key "src" in /home/alamstor/public_html/wp-content/plugins/elementor/core/page-assets/loader.php on line 95
[03-Jun-2026 03:27:39 UTC] PHP Warning:  Undefined array key "dependencies" in /home/alamstor/public_html/wp-content/plugins/elementor/core/page-assets/loader.php on line 95
[03-Jun-2026 03:27:39 UTC] PHP Warning:  Undefined array key "version" in /home/alamstor/public_html/wp-content/plugins/elementor/core/page-assets/loader.php on line 95
[03-Jun-2026 03:27:39 UTC] PHP Warning:  Undefined array key "src" in /home/alamstor/public_html/wp-content/plugins/elementor/core/page-assets/loader.php on line 95
[03-Jun-2026 03:27:39 UTC] PHP Warning:  Undefined array key "dependencies" in /home/alamstor/public_html/wp-content/plugins/elementor/core/page-assets/loader.php on line 95
[03-Jun-2026 03:27:39 UTC] PHP Warning:  Undefined array key "version" in /home/alamstor/public_html/wp-content/plugins/elementor/core/page-assets/loader.php on line 95
[03-Jun-2026 03:32:04 UTC] PHP Warning:  Undefined array key "src" in /home/alamstor/public_html/wp-content/plugins/elementor/core/page-assets/loader.php on line 95
[03-Jun-2026 03:32:04 UTC] PHP Warning:  Undefined array key "dependencies" in /home/alamstor/public_html/wp-content/plugins/elementor/core/page-assets/loader.php on line 95
[03-Jun-2026 03:32:04 UTC] PHP Warning:  Undefined array key "version" in /home/alamstor/public_html/wp-content/plugins/elementor/core/page-assets/loader.php on line 95
[03-Jun-2026 03:32:04 UTC] PHP Warning:  Undefined array key "src" in /home/alamstor/public_html/wp-content/plugins/elementor/core/page-assets/loader.php on line 95
[03-Jun-2026 03:32:04 UTC] PHP Warning:  Undefined array key "dependencies" in /home/alamstor/public_html/wp-content/plugins/elementor/core/page-assets/loader.php on line 95
[03-Jun-2026 03:32:04 UTC] PHP Warning:  Undefined array key "version" in /home/alamstor/public_html/wp-content/plugins/elementor/core/page-assets/loader.php on line 95
[03-Jun-2026 03:54:59 UTC] PHP Warning:  Undefined array key "src" in /home/alamstor/public_html/wp-content/plugins/elementor/core/page-assets/loader.php on line 95
[03-Jun-2026 03:54:59 UTC] PHP Warning:  Undefined array key "dependencies" in /home/alamstor/public_html/wp-content/plugins/elementor/core/page-assets/loader.php on line 95
[03-Jun-2026 03:54:59 UTC] PHP Warning:  Undefined array key "version" in /home/alamstor/public_html/wp-content/plugins/elementor/core/page-assets/loader.php on line 95
[03-Jun-2026 03:54:59 UTC] PHP Warning:  Undefined array key "src" in /home/alamstor/public_html/wp-content/plugins/elementor/core/page-assets/loader.php on line 95
[03-Jun-2026 03:54:59 UTC] PHP Warning:  Undefined array key "dependencies" in /home/alamstor/public_html/wp-content/plugins/elementor/core/page-assets/loader.php on line 95
[03-Jun-2026 03:54:59 UTC] PHP Warning:  Undefined array key "version" in /home/alamstor/public_html/wp-content/plugins/elementor/core/page-assets/loader.php on line 95
[03-Jun-2026 04:06:20 UTC] PHP Warning:  Undefined array key "src" in /home/alamstor/public_html/wp-content/plugins/elementor/core/page-assets/loader.php on line 95
[03-Jun-2026 04:06:20 UTC] PHP Warning:  Undefined array key "dependencies" in /home/alamstor/public_html/wp-content/plugins/elementor/core/page-assets/loader.php on line 95
[03-Jun-2026 04:06:20 UTC] PHP Warning:  Undefined array key "version" in /home/alamstor/public_html/wp-content/plugins/elementor/core/page-assets/loader.php on line 95
[03-Jun-2026 04:06:20 UTC] PHP Warning:  Undefined array key "src" in /home/alamstor/public_html/wp-content/plugins/elementor/core/page-assets/loader.php on line 95
[03-Jun-2026 04:06:20 UTC] PHP Warning:  Undefined array key "dependencies" in /home/alamstor/public_html/wp-content/plugins/elementor/core/page-assets/loader.php on line 95
[03-Jun-2026 04:06:20 UTC] PHP Warning:  Undefined array key "version" in /home/alamstor/public_html/wp-content/plugins/elementor/core/page-assets/loader.php on line 95
[03-Jun-2026 04:18:50 UTC] PHP Notice:  Function _load_textdomain_just_in_time was called <strong>incorrectly</strong>. Translation loading for the <code>jetpack</code> domain was triggered too early. This is usually an indicator for some code in the plugin or theme running too early. Translations should be loaded at the <code>init</code> action or later. Please see <a href="https://developer.wordpress.org/advanced-administration/debug/debug-wordpress/">Debugging in WordPress</a> for more information. (This message was added in version 6.7.0.) in /home/alamstor/public_html/wp-includes/functions.php on line 6170
[03-Jun-2026 04:22:55 UTC] PHP Notice:  Function _load_textdomain_just_in_time was called <strong>incorrectly</strong>. Translation loading for the <code>jetpack</code> domain was triggered too early. This is usually an indicator for some code in the plugin or theme running too early. Translations should be loaded at the <code>init</code> action or later. Please see <a href="https://developer.wordpress.org/advanced-administration/debug/debug-wordpress/">Debugging in WordPress</a> for more information. (This message was added in version 6.7.0.) in /home/alamstor/public_html/wp-includes/functions.php on line 6170
[03-Jun-2026 04:39:46 UTC] PHP Warning:  Undefined array key "src" in /home/alamstor/public_html/wp-content/plugins/elementor/core/page-assets/loader.php on line 95
[03-Jun-2026 04:39:46 UTC] PHP Warning:  Undefined array key "dependencies" in /home/alamstor/public_html/wp-content/plugins/elementor/core/page-assets/loader.php on line 95
[03-Jun-2026 04:39:46 UTC] PHP Warning:  Undefined array key "version" in /home/alamstor/public_html/wp-content/plugins/elementor/core/page-assets/loader.php on line 95
[03-Jun-2026 04:39:46 UTC] PHP Warning:  Undefined array key "src" in /home/alamstor/public_html/wp-content/plugins/elementor/core/page-assets/loader.php on line 95
[03-Jun-2026 04:39:46 UTC] PHP Warning:  Undefined array key "dependencies" in /home/alamstor/public_html/wp-content/plugins/elementor/core/page-assets/loader.php on line 95
[03-Jun-2026 04:39:46 UTC] PHP Warning:  Undefined array key "version" in /home/alamstor/public_html/wp-content/plugins/elementor/core/page-assets/loader.php on line 95
[03-Jun-2026 04:55:58 UTC] PHP Warning:  Undefined array key "src" in /home/alamstor/public_html/wp-content/plugins/elementor/core/page-assets/loader.php on line 95
[03-Jun-2026 04:55:58 UTC] PHP Warning:  Undefined array key "dependencies" in /home/alamstor/public_html/wp-content/plugins/elementor/core/page-assets/loader.php on line 95
[03-Jun-2026 04:55:58 UTC] PHP Warning:  Undefined array key "version" in /home/alamstor/public_html/wp-content/plugins/elementor/core/page-assets/loader.php on line 95
[03-Jun-2026 04:55:58 UTC] PHP Warning:  Undefined array key "src" in /home/alamstor/public_html/wp-content/plugins/elementor/core/page-assets/loader.php on line 95
[03-Jun-2026 04:55:58 UTC] PHP Warning:  Undefined array key "dependencies" in /home/alamstor/public_html/wp-content/plugins/elementor/core/page-assets/loader.php on line 95
[03-Jun-2026 04:55:58 UTC] PHP Warning:  Undefined array key "version" in /home/alamstor/public_html/wp-content/plugins/elementor/core/page-assets/loader.php on line 95
[03-Jun-2026 04:57:56 UTC] PHP Warning:  Undefined array key "src" in /home/alamstor/public_html/wp-content/plugins/elementor/core/page-assets/loader.php on line 95
[03-Jun-2026 04:57:56 UTC] PHP Warning:  Undefined array key "dependencies" in /home/alamstor/public_html/wp-content/plugins/elementor/core/page-assets/loader.php on line 95
[03-Jun-2026 04:57:56 UTC] PHP Warning:  Undefined array key "version" in /home/alamstor/public_html/wp-content/plugins/elementor/core/page-assets/loader.php on line 95
[03-Jun-2026 04:57:56 UTC] PHP Warning:  Undefined array key "src" in /home/alamstor/public_html/wp-content/plugins/elementor/core/page-assets/loader.php on line 95
[03-Jun-2026 04:57:56 UTC] PHP Warning:  Undefined array key "dependencies" in /home/alamstor/public_html/wp-content/plugins/elementor/core/page-assets/loader.php on line 95
[03-Jun-2026 04:57:56 UTC] PHP Warning:  Undefined array key "version" in /home/alamstor/public_html/wp-content/plugins/elementor/core/page-assets/loader.php on line 95
[03-Jun-2026 06:38:00 UTC] PHP Warning:  Undefined array key "src" in /home/alamstor/public_html/wp-content/plugins/elementor/core/page-assets/loader.php on line 95
[03-Jun-2026 06:38:00 UTC] PHP Warning:  Undefined array key "dependencies" in /home/alamstor/public_html/wp-content/plugins/elementor/core/page-assets/loader.php on line 95
[03-Jun-2026 06:38:00 UTC] PHP Warning:  Undefined array key "version" in /home/alamstor/public_html/wp-content/plugins/elementor/core/page-assets/loader.php on line 95
[03-Jun-2026 06:38:00 UTC] PHP Warning:  Undefined array key "src" in /home/alamstor/public_html/wp-content/plugins/elementor/core/page-assets/loader.php on line 95
[03-Jun-2026 06:38:00 UTC] PHP Warning:  Undefined array key "dependencies" in /home/alamstor/public_html/wp-content/plugins/elementor/core/page-assets/loader.php on line 95
[03-Jun-2026 06:38:00 UTC] PHP Warning:  Undefined array key "version" in /home/alamstor/public_html/wp-content/plugins/elementor/core/page-assets/loader.php on line 95
[03-Jun-2026 07:01:15 UTC] PHP Warning:  Undefined array key "src" in /home/alamstor/public_html/wp-content/plugins/elementor/core/page-assets/loader.php on line 95
[03-Jun-2026 07:01:15 UTC] PHP Warning:  Undefined array key "dependencies" in /home/alamstor/public_html/wp-content/plugins/elementor/core/page-assets/loader.php on line 95
[03-Jun-2026 07:01:15 UTC] PHP Warning:  Undefined array key "version" in /home/alamstor/public_html/wp-content/plugins/elementor/core/page-assets/loader.php on line 95
[03-Jun-2026 07:01:15 UTC] PHP Warning:  Undefined array key "src" in /home/alamstor/public_html/wp-content/plugins/elementor/core/page-assets/loader.php on line 95
[03-Jun-2026 07:01:15 UTC] PHP Warning:  Undefined array key "dependencies" in /home/alamstor/public_html/wp-content/plugins/elementor/core/page-assets/loader.php on line 95
[03-Jun-2026 07:01:15 UTC] PHP Warning:  Undefined array key "version" in /home/alamstor/public_html/wp-content/plugins/elementor/core/page-assets/loader.php on line 95
[03-Jun-2026 07:08:13 UTC] PHP Warning:  Undefined array key "src" in /home/alamstor/public_html/wp-content/plugins/elementor/core/page-assets/loader.php on line 95
[03-Jun-2026 07:08:13 UTC] PHP Warning:  Undefined array key "dependencies" in /home/alamstor/public_html/wp-content/plugins/elementor/core/page-assets/loader.php on line 95
[03-Jun-2026 07:08:13 UTC] PHP Warning:  Undefined array key "version" in /home/alamstor/public_html/wp-content/plugins/elementor/core/page-assets/loader.php on line 95
[03-Jun-2026 07:08:13 UTC] PHP Warning:  Undefined array key "src" in /home/alamstor/public_html/wp-content/plugins/elementor/core/page-assets/loader.php on line 95
[03-Jun-2026 07:08:13 UTC] PHP Warning:  Undefined array key "dependencies" in /home/alamstor/public_html/wp-content/plugins/elementor/core/page-assets/loader.php on line 95
[03-Jun-2026 07:08:13 UTC] PHP Warning:  Undefined array key "version" in /home/alamstor/public_html/wp-content/plugins/elementor/core/page-assets/loader.php on line 95
[03-Jun-2026 07:16:41 UTC] PHP Warning:  Undefined array key "src" in /home/alamstor/public_html/wp-content/plugins/elementor/core/page-assets/loader.php on line 95
[03-Jun-2026 07:16:41 UTC] PHP Warning:  Undefined array key "dependencies" in /home/alamstor/public_html/wp-content/plugins/elementor/core/page-assets/loader.php on line 95
[03-Jun-2026 07:16:41 UTC] PHP Warning:  Undefined array key "version" in /home/alamstor/public_html/wp-content/plugins/elementor/core/page-assets/loader.php on line 95
[03-Jun-2026 07:16:41 UTC] PHP Warning:  Undefined array key "src" in /home/alamstor/public_html/wp-content/plugins/elementor/core/page-assets/loader.php on line 95
[03-Jun-2026 07:16:41 UTC] PHP Warning:  Undefined array key "dependencies" in /home/alamstor/public_html/wp-content/plugins/elementor/core/page-assets/loader.php on line 95
[03-Jun-2026 07:16:41 UTC] PHP Warning:  Undefined array key "version" in /home/alamstor/public_html/wp-content/plugins/elementor/core/page-assets/loader.php on line 95
[03-Jun-2026 07:18:18 UTC] PHP Warning:  Undefined array key "src" in /home/alamstor/public_html/wp-content/plugins/elementor/core/page-assets/loader.php on line 95
[03-Jun-2026 07:18:18 UTC] PHP Warning:  Undefined array key "dependencies" in /home/alamstor/public_html/wp-content/plugins/elementor/core/page-assets/loader.php on line 95
[03-Jun-2026 07:18:18 UTC] PHP Warning:  Undefined array key "version" in /home/alamstor/public_html/wp-content/plugins/elementor/core/page-assets/loader.php on line 95
[03-Jun-2026 07:18:18 UTC] PHP Warning:  Undefined array key "src" in /home/alamstor/public_html/wp-content/plugins/elementor/core/page-assets/loader.php on line 95
[03-Jun-2026 07:18:18 UTC] PHP Warning:  Undefined array key "dependencies" in /home/alamstor/public_html/wp-content/plugins/elementor/core/page-assets/loader.php on line 95
[03-Jun-2026 07:18:18 UTC] PHP Warning:  Undefined array key "version" in /home/alamstor/public_html/wp-content/plugins/elementor/core/page-assets/loader.php on line 95
[03-Jun-2026 07:38:08 UTC] PHP Notice:  Function _load_textdomain_just_in_time was called <strong>incorrectly</strong>. Translation loading for the <code>jetpack</code> domain was triggered too early. This is usually an indicator for some code in the plugin or theme running too early. Translations should be loaded at the <code>init</code> action or later. Please see <a href="https://developer.wordpress.org/advanced-administration/debug/debug-wordpress/">Debugging in WordPress</a> for more information. (This message was added in version 6.7.0.) in /home/alamstor/public_html/wp-includes/functions.php on line 6170
[03-Jun-2026 07:38:24 UTC] PHP Warning:  Undefined array key "src" in /home/alamstor/public_html/wp-content/plugins/elementor/core/page-assets/loader.php on line 95
[03-Jun-2026 07:38:24 UTC] PHP Warning:  Undefined array key "dependencies" in /home/alamstor/public_html/wp-content/plugins/elementor/core/page-assets/loader.php on line 95
[03-Jun-2026 07:38:24 UTC] PHP Warning:  Undefined array key "version" in /home/alamstor/public_html/wp-content/plugins/elementor/core/page-assets/loader.php on line 95
[03-Jun-2026 07:38:24 UTC] PHP Warning:  Undefined array key "src" in /home/alamstor/public_html/wp-content/plugins/elementor/core/page-assets/loader.php on line 95
[03-Jun-2026 07:38:24 UTC] PHP Warning:  Undefined array key "dependencies" in /home/alamstor/public_html/wp-content/plugins/elementor/core/page-assets/loader.php on line 95
[03-Jun-2026 07:38:24 UTC] PHP Warning:  Undefined array key "version" in /home/alamstor/public_html/wp-content/plugins/elementor/core/page-assets/loader.php on line 95
[03-Jun-2026 07:39:29 UTC] PHP Warning:  Undefined array key "src" in /home/alamstor/public_html/wp-content/plugins/elementor/core/page-assets/loader.php on line 95
[03-Jun-2026 07:39:29 UTC] PHP Warning:  Undefined array key "dependencies" in /home/alamstor/public_html/wp-content/plugins/elementor/core/page-assets/loader.php on line 95
[03-Jun-2026 07:39:29 UTC] PHP Warning:  Undefined array key "version" in /home/alamstor/public_html/wp-content/plugins/elementor/core/page-assets/loader.php on line 95
[03-Jun-2026 07:39:29 UTC] PHP Warning:  Undefined array key "src" in /home/alamstor/public_html/wp-content/plugins/elementor/core/page-assets/loader.php on line 95
[03-Jun-2026 07:39:29 UTC] PHP Warning:  Undefined array key "dependencies" in /home/alamstor/public_html/wp-content/plugins/elementor/core/page-assets/loader.php on line 95
[03-Jun-2026 07:39:29 UTC] PHP Warning:  Undefined array key "version" in /home/alamstor/public_html/wp-content/plugins/elementor/core/page-assets/loader.php on line 95
[03-Jun-2026 07:39:57 UTC] PHP Warning:  Undefined array key "src" in /home/alamstor/public_html/wp-content/plugins/elementor/core/page-assets/loader.php on line 95
[03-Jun-2026 07:39:57 UTC] PHP Warning:  Undefined array key "dependencies" in /home/alamstor/public_html/wp-content/plugins/elementor/core/page-assets/loader.php on line 95
[03-Jun-2026 07:39:57 UTC] PHP Warning:  Undefined array key "version" in /home/alamstor/public_html/wp-content/plugins/elementor/core/page-assets/loader.php on line 95
[03-Jun-2026 07:39:57 UTC] PHP Warning:  Undefined array key "src" in /home/alamstor/public_html/wp-content/plugins/elementor/core/page-assets/loader.php on line 95
[03-Jun-2026 07:39:57 UTC] PHP Warning:  Undefined array key "dependencies" in /home/alamstor/public_html/wp-content/plugins/elementor/core/page-assets/loader.php on line 95
[03-Jun-2026 07:39:57 UTC] PHP Warning:  Undefined array key "version" in /home/alamstor/public_html/wp-content/plugins/elementor/core/page-assets/loader.php on line 95
[03-Jun-2026 07:42:09 UTC] PHP Warning:  Undefined array key "src" in /home/alamstor/public_html/wp-content/plugins/elementor/core/page-assets/loader.php on line 95
[03-Jun-2026 07:42:09 UTC] PHP Warning:  Undefined array key "dependencies" in /home/alamstor/public_html/wp-content/plugins/elementor/core/page-assets/loader.php on line 95
[03-Jun-2026 07:42:09 UTC] PHP Warning:  Undefined array key "version" in /home/alamstor/public_html/wp-content/plugins/elementor/core/page-assets/loader.php on line 95
[03-Jun-2026 07:42:09 UTC] PHP Warning:  Undefined array key "src" in /home/alamstor/public_html/wp-content/plugins/elementor/core/page-assets/loader.php on line 95
[03-Jun-2026 07:42:09 UTC] PHP Warning:  Undefined array key "dependencies" in /home/alamstor/public_html/wp-content/plugins/elementor/core/page-assets/loader.php on line 95
[03-Jun-2026 07:42:09 UTC] PHP Warning:  Undefined array key "version" in /home/alamstor/public_html/wp-content/plugins/elementor/core/page-assets/loader.php on line 95
[03-Jun-2026 07:52:13 UTC] PHP Warning:  Undefined array key "src" in /home/alamstor/public_html/wp-content/plugins/elementor/core/page-assets/loader.php on line 95
[03-Jun-2026 07:52:13 UTC] PHP Warning:  Undefined array key "dependencies" in /home/alamstor/public_html/wp-content/plugins/elementor/core/page-assets/loader.php on line 95
[03-Jun-2026 07:52:13 UTC] PHP Warning:  Undefined array key "version" in /home/alamstor/public_html/wp-content/plugins/elementor/core/page-assets/loader.php on line 95
[03-Jun-2026 07:52:13 UTC] PHP Warning:  Undefined array key "src" in /home/alamstor/public_html/wp-content/plugins/elementor/core/page-assets/loader.php on line 95
[03-Jun-2026 07:52:13 UTC] PHP Warning:  Undefined array key "dependencies" in /home/alamstor/public_html/wp-content/plugins/elementor/core/page-assets/loader.php on line 95
[03-Jun-2026 07:52:13 UTC] PHP Warning:  Undefined array key "version" in /home/alamstor/public_html/wp-content/plugins/elementor/core/page-assets/loader.php on line 95
[03-Jun-2026 07:52:13 UTC] PHP Warning:  Undefined array key "src" in /home/alamstor/public_html/wp-content/plugins/elementor/core/page-assets/loader.php on line 95
[03-Jun-2026 07:52:13 UTC] PHP Warning:  Undefined array key "dependencies" in /home/alamstor/public_html/wp-content/plugins/elementor/core/page-assets/loader.php on line 95
[03-Jun-2026 07:52:13 UTC] PHP Warning:  Undefined array key "version" in /home/alamstor/public_html/wp-content/plugins/elementor/core/page-assets/loader.php on line 95
[03-Jun-2026 07:52:13 UTC] PHP Warning:  Undefined array key "src" in /home/alamstor/public_html/wp-content/plugins/elementor/core/page-assets/loader.php on line 95
[03-Jun-2026 07:52:13 UTC] PHP Warning:  Undefined array key "dependencies" in /home/alamstor/public_html/wp-content/plugins/elementor/core/page-assets/loader.php on line 95
[03-Jun-2026 07:52:13 UTC] PHP Warning:  Undefined array key "version" in /home/alamstor/public_html/wp-content/plugins/elementor/core/page-assets/loader.php on line 95
[03-Jun-2026 07:52:13 UTC] PHP Warning:  Undefined array key "src" in /home/alamstor/public_html/wp-content/plugins/elementor/core/page-assets/loader.php on line 95
[03-Jun-2026 07:52:13 UTC] PHP Warning:  Undefined array key "dependencies" in /home/alamstor/public_html/wp-content/plugins/elementor/core/page-assets/loader.php on line 95
[03-Jun-2026 07:52:13 UTC] PHP Warning:  Undefined array key "version" in /home/alamstor/public_html/wp-content/plugins/elementor/core/page-assets/loader.php on line 95
[03-Jun-2026 07:52:13 UTC] PHP Warning:  Undefined array key "src" in /home/alamstor/public_html/wp-content/plugins/elementor/core/page-assets/loader.php on line 95
[03-Jun-2026 07:52:13 UTC] PHP Warning:  Undefined array key "dependencies" in /home/alamstor/public_html/wp-content/plugins/elementor/core/page-assets/loader.php on line 95
[03-Jun-2026 07:52:13 UTC] PHP Warning:  Undefined array key "version" in /home/alamstor/public_html/wp-content/plugins/elementor/core/page-assets/loader.php on line 95
[03-Jun-2026 07:52:32 UTC] PHP Warning:  Undefined array key "src" in /home/alamstor/public_html/wp-content/plugins/elementor/core/page-assets/loader.php on line 95
[03-Jun-2026 07:52:32 UTC] PHP Warning:  Undefined array key "dependencies" in /home/alamstor/public_html/wp-content/plugins/elementor/core/page-assets/loader.php on line 95
[03-Jun-2026 07:52:32 UTC] PHP Warning:  Undefined array key "version" in /home/alamstor/public_html/wp-content/plugins/elementor/core/page-assets/loader.php on line 95
[03-Jun-2026 07:52:32 UTC] PHP Warning:  Undefined array key "src" in /home/alamstor/public_html/wp-content/plugins/elementor/core/page-assets/loader.php on line 95
[03-Jun-2026 07:52:32 UTC] PHP Warning:  Undefined array key "dependencies" in /home/alamstor/public_html/wp-content/plugins/elementor/core/page-assets/loader.php on line 95
[03-Jun-2026 07:52:32 UTC] PHP Warning:  Undefined array key "version" in /home/alamstor/public_html/wp-content/plugins/elementor/core/page-assets/loader.php on line 95
[03-Jun-2026 07:52:33 UTC] PHP Warning:  Undefined array key "src" in /home/alamstor/public_html/wp-content/plugins/elementor/core/page-assets/loader.php on line 95
[03-Jun-2026 07:52:33 UTC] PHP Warning:  Undefined array key "dependencies" in /home/alamstor/public_html/wp-content/plugins/elementor/core/page-assets/loader.php on line 95
[03-Jun-2026 07:52:33 UTC] PHP Warning:  Undefined array key "version" in /home/alamstor/public_html/wp-content/plugins/elementor/core/page-assets/loader.php on line 95
[03-Jun-2026 07:52:33 UTC] PHP Warning:  Undefined array key "src" in /home/alamstor/public_html/wp-content/plugins/elementor/core/page-assets/loader.php on line 95
[03-Jun-2026 07:52:33 UTC] PHP Warning:  Undefined array key "dependencies" in /home/alamstor/public_html/wp-content/plugins/elementor/core/page-assets/loader.php on line 95
[03-Jun-2026 07:52:33 UTC] PHP Warning:  Undefined array key "version" in /home/alamstor/public_html/wp-content/plugins/elementor/core/page-assets/loader.php on line 95
[03-Jun-2026 07:52:39 UTC] PHP Warning:  Undefined array key "src" in /home/alamstor/public_html/wp-content/plugins/elementor/core/page-assets/loader.php on line 95
[03-Jun-2026 07:52:39 UTC] PHP Warning:  Undefined array key "dependencies" in /home/alamstor/public_html/wp-content/plugins/elementor/core/page-assets/loader.php on line 95
[03-Jun-2026 07:52:39 UTC] PHP Warning:  Undefined array key "version" in /home/alamstor/public_html/wp-content/plugins/elementor/core/page-assets/loader.php on line 95
[03-Jun-2026 07:52:39 UTC] PHP Warning:  Undefined array key "src" in /home/alamstor/public_html/wp-content/plugins/elementor/core/page-assets/loader.php on line 95
[03-Jun-2026 07:52:39 UTC] PHP Warning:  Undefined array key "dependencies" in /home/alamstor/public_html/wp-content/plugins/elementor/core/page-assets/loader.php on line 95
[03-Jun-2026 07:52:39 UTC] PHP Warning:  Undefined array key "version" in /home/alamstor/public_html/wp-content/plugins/elementor/core/page-assets/loader.php on line 95
[03-Jun-2026 07:52:53 UTC] PHP Warning:  Undefined array key "src" in /home/alamstor/public_html/wp-content/plugins/elementor/core/page-assets/loader.php on line 95
[03-Jun-2026 07:52:53 UTC] PHP Warning:  Undefined array key "dependencies" in /home/alamstor/public_html/wp-content/plugins/elementor/core/page-assets/loader.php on line 95
[03-Jun-2026 07:52:53 UTC] PHP Warning:  Undefined array key "version" in /home/alamstor/public_html/wp-content/plugins/elementor/core/page-assets/loader.php on line 95
[03-Jun-2026 07:52:53 UTC] PHP Warning:  Undefined array key "src" in /home/alamstor/public_html/wp-content/plugins/elementor/core/page-assets/loader.php on line 95
[03-Jun-2026 07:52:53 UTC] PHP Warning:  Undefined array key "dependencies" in /home/alamstor/public_html/wp-content/plugins/elementor/core/page-assets/loader.php on line 95
[03-Jun-2026 07:52:53 UTC] PHP Warning:  Undefined array key "version" in /home/alamstor/public_html/wp-content/plugins/elementor/core/page-assets/loader.php on line 95
[03-Jun-2026 07:52:56 UTC] PHP Warning:  Undefined array key "src" in /home/alamstor/public_html/wp-content/plugins/elementor/core/page-assets/loader.php on line 95
[03-Jun-2026 07:52:56 UTC] PHP Warning:  Undefined array key "dependencies" in /home/alamstor/public_html/wp-content/plugins/elementor/core/page-assets/loader.php on line 95
[03-Jun-2026 07:52:56 UTC] PHP Warning:  Undefined array key "version" in /home/alamstor/public_html/wp-content/plugins/elementor/core/page-assets/loader.php on line 95
[03-Jun-2026 07:52:56 UTC] PHP Warning:  Undefined array key "src" in /home/alamstor/public_html/wp-content/plugins/elementor/core/page-assets/loader.php on line 95
[03-Jun-2026 07:52:56 UTC] PHP Warning:  Undefined array key "dependencies" in /home/alamstor/public_html/wp-content/plugins/elementor/core/page-assets/loader.php on line 95
[03-Jun-2026 07:52:56 UTC] PHP Warning:  Undefined array key "version" in /home/alamstor/public_html/wp-content/plugins/elementor/core/page-assets/loader.php on line 95
[03-Jun-2026 07:52:57 UTC] PHP Warning:  Undefined array key "src" in /home/alamstor/public_html/wp-content/plugins/elementor/core/page-assets/loader.php on line 95
[03-Jun-2026 07:52:57 UTC] PHP Warning:  Undefined array key "dependencies" in /home/alamstor/public_html/wp-content/plugins/elementor/core/page-assets/loader.php on line 95
[03-Jun-2026 07:52:57 UTC] PHP Warning:  Undefined array key "version" in /home/alamstor/public_html/wp-content/plugins/elementor/core/page-assets/loader.php on line 95
[03-Jun-2026 07:52:57 UTC] PHP Warning:  Undefined array key "src" in /home/alamstor/public_html/wp-content/plugins/elementor/core/page-assets/loader.php on line 95
[03-Jun-2026 07:52:57 UTC] PHP Warning:  Undefined array key "dependencies" in /home/alamstor/public_html/wp-content/plugins/elementor/core/page-assets/loader.php on line 95
[03-Jun-2026 07:52:57 UTC] PHP Warning:  Undefined array key "version" in /home/alamstor/public_html/wp-content/plugins/elementor/core/page-assets/loader.php on line 95
[03-Jun-2026 07:52:57 UTC] PHP Warning:  Undefined array key "src" in /home/alamstor/public_html/wp-content/plugins/elementor/core/page-assets/loader.php on line 95
[03-Jun-2026 07:52:57 UTC] PHP Warning:  Undefined array key "dependencies" in /home/alamstor/public_html/wp-content/plugins/elementor/core/page-assets/loader.php on line 95
[03-Jun-2026 07:52:57 UTC] PHP Warning:  Undefined array key "version" in /home/alamstor/public_html/wp-content/plugins/elementor/core/page-assets/loader.php on line 95
[03-Jun-2026 07:52:57 UTC] PHP Warning:  Undefined array key "src" in /home/alamstor/public_html/wp-content/plugins/elementor/core/page-assets/loader.php on line 95
[03-Jun-2026 07:52:57 UTC] PHP Warning:  Undefined array key "dependencies" in /home/alamstor/public_html/wp-content/plugins/elementor/core/page-assets/loader.php on line 95
[03-Jun-2026 07:52:57 UTC] PHP Warning:  Undefined array key "version" in /home/alamstor/public_html/wp-content/plugins/elementor/core/page-assets/loader.php on line 95
[03-Jun-2026 07:53:03 UTC] PHP Warning:  Undefined array key "src" in /home/alamstor/public_html/wp-content/plugins/elementor/core/page-assets/loader.php on line 95
[03-Jun-2026 07:53:03 UTC] PHP Warning:  Undefined array key "dependencies" in /home/alamstor/public_html/wp-content/plugins/elementor/core/page-assets/loader.php on line 95
[03-Jun-2026 07:53:03 UTC] PHP Warning:  Undefined array key "version" in /home/alamstor/public_html/wp-content/plugins/elementor/core/page-assets/loader.php on line 95
[03-Jun-2026 07:53:03 UTC] PHP Warning:  Undefined array key "src" in /home/alamstor/public_html/wp-content/plugins/elementor/core/page-assets/loader.php on line 95
[03-Jun-2026 07:53:03 UTC] PHP Warning:  Undefined array key "dependencies" in /home/alamstor/public_html/wp-content/plugins/elementor/core/page-assets/loader.php on line 95
[03-Jun-2026 07:53:03 UTC] PHP Warning:  Undefined array key "version" in /home/alamstor/public_html/wp-content/plugins/elementor/core/page-assets/loader.php on line 95
[03-Jun-2026 07:53:04 UTC] PHP Warning:  Undefined array key "src" in /home/alamstor/public_html/wp-content/plugins/elementor/core/page-assets/loader.php on line 95
[03-Jun-2026 07:53:04 UTC] PHP Warning:  Undefined array key "dependencies" in /home/alamstor/public_html/wp-content/plugins/elementor/core/page-assets/loader.php on line 95
[03-Jun-2026 07:53:04 UTC] PHP Warning:  Undefined array key "version" in /home/alamstor/public_html/wp-content/plugins/elementor/core/page-assets/loader.php on line 95
[03-Jun-2026 07:53:04 UTC] PHP Warning:  Undefined array key "src" in /home/alamstor/public_html/wp-content/plugins/elementor/core/page-assets/loader.php on line 95
[03-Jun-2026 07:53:04 UTC] PHP Warning:  Undefined array key "dependencies" in /home/alamstor/public_html/wp-content/plugins/elementor/core/page-assets/loader.php on line 95
[03-Jun-2026 07:53:04 UTC] PHP Warning:  Undefined array key "version" in /home/alamstor/public_html/wp-content/plugins/elementor/core/page-assets/loader.php on line 95
[03-Jun-2026 08:04:37 UTC] PHP Warning:  Undefined array key "src" in /home/alamstor/public_html/wp-content/plugins/elementor/core/page-assets/loader.php on line 95
[03-Jun-2026 08:04:37 UTC] PHP Warning:  Undefined array key "dependencies" in /home/alamstor/public_html/wp-content/plugins/elementor/core/page-assets/loader.php on line 95
[03-Jun-2026 08:04:37 UTC] PHP Warning:  Undefined array key "version" in /home/alamstor/public_html/wp-content/plugins/elementor/core/page-assets/loader.php on line 95
[03-Jun-2026 08:04:37 UTC] PHP Warning:  Undefined array key "src" in /home/alamstor/public_html/wp-content/plugins/elementor/core/page-assets/loader.php on line 95
[03-Jun-2026 08:04:37 UTC] PHP Warning:  Undefined array key "dependencies" in /home/alamstor/public_html/wp-content/plugins/elementor/core/page-assets/loader.php on line 95
[03-Jun-2026 08:04:37 UTC] PHP Warning:  Undefined array key "version" in /home/alamstor/public_html/wp-content/plugins/elementor/core/page-assets/loader.php on line 95
[03-Jun-2026 08:04:39 UTC] PHP Warning:  Undefined array key "src" in /home/alamstor/public_html/wp-content/plugins/elementor/core/page-assets/loader.php on line 95
[03-Jun-2026 08:04:39 UTC] PHP Warning:  Undefined array key "dependencies" in /home/alamstor/public_html/wp-content/plugins/elementor/core/page-assets/loader.php on line 95
[03-Jun-2026 08:04:39 UTC] PHP Warning:  Undefined array key "version" in /home/alamstor/public_html/wp-content/plugins/elementor/core/page-assets/loader.php on line 95
[03-Jun-2026 08:04:39 UTC] PHP Warning:  Undefined array key "src" in /home/alamstor/public_html/wp-content/plugins/elementor/core/page-assets/loader.php on line 95
[03-Jun-2026 08:04:39 UTC] PHP Warning:  Undefined array key "dependencies" in /home/alamstor/public_html/wp-content/plugins/elementor/core/page-assets/loader.php on line 95
[03-Jun-2026 08:04:39 UTC] PHP Warning:  Undefined array key "version" in /home/alamstor/public_html/wp-content/plugins/elementor/core/page-assets/loader.php on line 95
[03-Jun-2026 08:46:31 UTC] PHP Warning:  Undefined array key "src" in /home/alamstor/public_html/wp-content/plugins/elementor/core/page-assets/loader.php on line 95
[03-Jun-2026 08:46:31 UTC] PHP Warning:  Undefined array key "dependencies" in /home/alamstor/public_html/wp-content/plugins/elementor/core/page-assets/loader.php on line 95
[03-Jun-2026 08:46:31 UTC] PHP Warning:  Undefined array key "version" in /home/alamstor/public_html/wp-content/plugins/elementor/core/page-assets/loader.php on line 95
[03-Jun-2026 08:46:31 UTC] PHP Warning:  Undefined array key "src" in /home/alamstor/public_html/wp-content/plugins/elementor/core/page-assets/loader.php on line 95
[03-Jun-2026 08:46:31 UTC] PHP Warning:  Undefined array key "dependencies" in /home/alamstor/public_html/wp-content/plugins/elementor/core/page-assets/loader.php on line 95
[03-Jun-2026 08:46:31 UTC] PHP Warning:  Undefined array key "version" in /home/alamstor/public_html/wp-content/plugins/elementor/core/page-assets/loader.php on line 95
[03-Jun-2026 08:47:08 UTC] PHP Warning:  Undefined array key "src" in /home/alamstor/public_html/wp-content/plugins/elementor/core/page-assets/loader.php on line 95
[03-Jun-2026 08:47:08 UTC] PHP Warning:  Undefined array key "dependencies" in /home/alamstor/public_html/wp-content/plugins/elementor/core/page-assets/loader.php on line 95
[03-Jun-2026 08:47:08 UTC] PHP Warning:  Undefined array key "version" in /home/alamstor/public_html/wp-content/plugins/elementor/core/page-assets/loader.php on line 95
[03-Jun-2026 08:47:08 UTC] PHP Warning:  Undefined array key "src" in /home/alamstor/public_html/wp-content/plugins/elementor/core/page-assets/loader.php on line 95
[03-Jun-2026 08:47:08 UTC] PHP Warning:  Undefined array key "dependencies" in /home/alamstor/public_html/wp-content/plugins/elementor/core/page-assets/loader.php on line 95
[03-Jun-2026 08:47:08 UTC] PHP Warning:  Undefined array key "version" in /home/alamstor/public_html/wp-content/plugins/elementor/core/page-assets/loader.php on line 95
[03-Jun-2026 09:08:25 UTC] PHP Warning:  Undefined array key "src" in /home/alamstor/public_html/wp-content/plugins/elementor/core/page-assets/loader.php on line 95
[03-Jun-2026 09:08:25 UTC] PHP Warning:  Undefined array key "dependencies" in /home/alamstor/public_html/wp-content/plugins/elementor/core/page-assets/loader.php on line 95
[03-Jun-2026 09:08:25 UTC] PHP Warning:  Undefined array key "version" in /home/alamstor/public_html/wp-content/plugins/elementor/core/page-assets/loader.php on line 95
[03-Jun-2026 09:08:25 UTC] PHP Warning:  Undefined array key "src" in /home/alamstor/public_html/wp-content/plugins/elementor/core/page-assets/loader.php on line 95
[03-Jun-2026 09:08:25 UTC] PHP Warning:  Undefined array key "dependencies" in /home/alamstor/public_html/wp-content/plugins/elementor/core/page-assets/loader.php on line 95
[03-Jun-2026 09:08:25 UTC] PHP Warning:  Undefined array key "version" in /home/alamstor/public_html/wp-content/plugins/elementor/core/page-assets/loader.php on line 95
[03-Jun-2026 09:08:40 UTC] PHP Warning:  Undefined array key "src" in /home/alamstor/public_html/wp-content/plugins/elementor/core/page-assets/loader.php on line 95
[03-Jun-2026 09:08:40 UTC] PHP Warning:  Undefined array key "dependencies" in /home/alamstor/public_html/wp-content/plugins/elementor/core/page-assets/loader.php on line 95
[03-Jun-2026 09:08:40 UTC] PHP Warning:  Undefined array key "version" in /home/alamstor/public_html/wp-content/plugins/elementor/core/page-assets/loader.php on line 95
[03-Jun-2026 09:08:40 UTC] PHP Warning:  Undefined array key "src" in /home/alamstor/public_html/wp-content/plugins/elementor/core/page-assets/loader.php on line 95
[03-Jun-2026 09:08:40 UTC] PHP Warning:  Undefined array key "dependencies" in /home/alamstor/public_html/wp-content/plugins/elementor/core/page-assets/loader.php on line 95
[03-Jun-2026 09:08:40 UTC] PHP Warning:  Undefined array key "version" in /home/alamstor/public_html/wp-content/plugins/elementor/core/page-assets/loader.php on line 95
[03-Jun-2026 09:29:22 UTC] PHP Warning:  Undefined array key "src" in /home/alamstor/public_html/wp-content/plugins/elementor/core/page-assets/loader.php on line 95
[03-Jun-2026 09:29:22 UTC] PHP Warning:  Undefined array key "dependencies" in /home/alamstor/public_html/wp-content/plugins/elementor/core/page-assets/loader.php on line 95
[03-Jun-2026 09:29:22 UTC] PHP Warning:  Undefined array key "version" in /home/alamstor/public_html/wp-content/plugins/elementor/core/page-assets/loader.php on line 95
[03-Jun-2026 09:29:22 UTC] PHP Warning:  Undefined array key "src" in /home/alamstor/public_html/wp-content/plugins/elementor/core/page-assets/loader.php on line 95
[03-Jun-2026 09:29:22 UTC] PHP Warning:  Undefined array key "dependencies" in /home/alamstor/public_html/wp-content/plugins/elementor/core/page-assets/loader.php on line 95
[03-Jun-2026 09:29:22 UTC] PHP Warning:  Undefined array key "version" in /home/alamstor/public_html/wp-content/plugins/elementor/core/page-assets/loader.php on line 95
[03-Jun-2026 09:30:40 UTC] PHP Warning:  Undefined array key "src" in /home/alamstor/public_html/wp-content/plugins/elementor/core/page-assets/loader.php on line 95
[03-Jun-2026 09:30:40 UTC] PHP Warning:  Undefined array key "dependencies" in /home/alamstor/public_html/wp-content/plugins/elementor/core/page-assets/loader.php on line 95
[03-Jun-2026 09:30:40 UTC] PHP Warning:  Undefined array key "version" in /home/alamstor/public_html/wp-content/plugins/elementor/core/page-assets/loader.php on line 95
[03-Jun-2026 09:30:40 UTC] PHP Warning:  Undefined array key "src" in /home/alamstor/public_html/wp-content/plugins/elementor/core/page-assets/loader.php on line 95
[03-Jun-2026 09:30:40 UTC] PHP Warning:  Undefined array key "dependencies" in /home/alamstor/public_html/wp-content/plugins/elementor/core/page-assets/loader.php on line 95
[03-Jun-2026 09:30:40 UTC] PHP Warning:  Undefined array key "version" in /home/alamstor/public_html/wp-content/plugins/elementor/core/page-assets/loader.php on line 95
[03-Jun-2026 09:51:57 UTC] PHP Warning:  Undefined array key "src" in /home/alamstor/public_html/wp-content/plugins/elementor/core/page-assets/loader.php on line 95
[03-Jun-2026 09:51:57 UTC] PHP Warning:  Undefined array key "dependencies" in /home/alamstor/public_html/wp-content/plugins/elementor/core/page-assets/loader.php on line 95
[03-Jun-2026 09:51:57 UTC] PHP Warning:  Undefined array key "version" in /home/alamstor/public_html/wp-content/plugins/elementor/core/page-assets/loader.php on line 95
[03-Jun-2026 09:51:57 UTC] PHP Warning:  Undefined array key "src" in /home/alamstor/public_html/wp-content/plugins/elementor/core/page-assets/loader.php on line 95
[03-Jun-2026 09:51:57 UTC] PHP Warning:  Undefined array key "dependencies" in /home/alamstor/public_html/wp-content/plugins/elementor/core/page-assets/loader.php on line 95
[03-Jun-2026 09:51:57 UTC] PHP Warning:  Undefined array key "version" in /home/alamstor/public_html/wp-content/plugins/elementor/core/page-assets/loader.php on line 95
[03-Jun-2026 09:54:59 UTC] PHP Warning:  Undefined array key "src" in /home/alamstor/public_html/wp-content/plugins/elementor/core/page-assets/loader.php on line 95
[03-Jun-2026 09:54:59 UTC] PHP Warning:  Undefined array key "dependencies" in /home/alamstor/public_html/wp-content/plugins/elementor/core/page-assets/loader.php on line 95
[03-Jun-2026 09:54:59 UTC] PHP Warning:  Undefined array key "version" in /home/alamstor/public_html/wp-content/plugins/elementor/core/page-assets/loader.php on line 95
[03-Jun-2026 09:54:59 UTC] PHP Warning:  Undefined array key "src" in /home/alamstor/public_html/wp-content/plugins/elementor/core/page-assets/loader.php on line 95
[03-Jun-2026 09:54:59 UTC] PHP Warning:  Undefined array key "dependencies" in /home/alamstor/public_html/wp-content/plugins/elementor/core/page-assets/loader.php on line 95
[03-Jun-2026 09:54:59 UTC] PHP Warning:  Undefined array key "version" in /home/alamstor/public_html/wp-content/plugins/elementor/core/page-assets/loader.php on line 95
[03-Jun-2026 09:54:59 UTC] PHP Warning:  Undefined array key "src" in /home/alamstor/public_html/wp-content/plugins/elementor/core/page-assets/loader.php on line 95
[03-Jun-2026 09:54:59 UTC] PHP Warning:  Undefined array key "dependencies" in /home/alamstor/public_html/wp-content/plugins/elementor/core/page-assets/loader.php on line 95
[03-Jun-2026 09:54:59 UTC] PHP Warning:  Undefined array key "version" in /home/alamstor/public_html/wp-content/plugins/elementor/core/page-assets/loader.php on line 95
[03-Jun-2026 09:54:59 UTC] PHP Warning:  Undefined array key "src" in /home/alamstor/public_html/wp-content/plugins/elementor/core/page-assets/loader.php on line 95
[03-Jun-2026 09:54:59 UTC] PHP Warning:  Undefined array key "dependencies" in /home/alamstor/public_html/wp-content/plugins/elementor/core/page-assets/loader.php on line 95
[03-Jun-2026 09:54:59 UTC] PHP Warning:  Undefined array key "version" in /home/alamstor/public_html/wp-content/plugins/elementor/core/page-assets/loader.php on line 95
[03-Jun-2026 10:05:59 UTC] PHP Warning:  Undefined array key "src" in /home/alamstor/public_html/wp-content/plugins/elementor/core/page-assets/loader.php on line 95
[03-Jun-2026 10:05:59 UTC] PHP Warning:  Undefined array key "dependencies" in /home/alamstor/public_html/wp-content/plugins/elementor/core/page-assets/loader.php on line 95
[03-Jun-2026 10:05:59 UTC] PHP Warning:  Undefined array key "version" in /home/alamstor/public_html/wp-content/plugins/elementor/core/page-assets/loader.php on line 95
[03-Jun-2026 10:05:59 UTC] PHP Warning:  Undefined array key "src" in /home/alamstor/public_html/wp-content/plugins/elementor/core/page-assets/loader.php on line 95
[03-Jun-2026 10:05:59 UTC] PHP Warning:  Undefined array key "dependencies" in /home/alamstor/public_html/wp-content/plugins/elementor/core/page-assets/loader.php on line 95
[03-Jun-2026 10:05:59 UTC] PHP Warning:  Undefined array key "version" in /home/alamstor/public_html/wp-content/plugins/elementor/core/page-assets/loader.php on line 95
[03-Jun-2026 10:11:17 UTC] PHP Warning:  Undefined array key "src" in /home/alamstor/public_html/wp-content/plugins/elementor/core/page-assets/loader.php on line 95
[03-Jun-2026 10:11:17 UTC] PHP Warning:  Undefined array key "dependencies" in /home/alamstor/public_html/wp-content/plugins/elementor/core/page-assets/loader.php on line 95
[03-Jun-2026 10:11:17 UTC] PHP Warning:  Undefined array key "version" in /home/alamstor/public_html/wp-content/plugins/elementor/core/page-assets/loader.php on line 95
[03-Jun-2026 10:11:17 UTC] PHP Warning:  Undefined array key "src" in /home/alamstor/public_html/wp-content/plugins/elementor/core/page-assets/loader.php on line 95
[03-Jun-2026 10:11:17 UTC] PHP Warning:  Undefined array key "dependencies" in /home/alamstor/public_html/wp-content/plugins/elementor/core/page-assets/loader.php on line 95
[03-Jun-2026 10:11:17 UTC] PHP Warning:  Undefined array key "version" in /home/alamstor/public_html/wp-content/plugins/elementor/core/page-assets/loader.php on line 95
[03-Jun-2026 10:13:39 UTC] PHP Warning:  Undefined array key "src" in /home/alamstor/public_html/wp-content/plugins/elementor/core/page-assets/loader.php on line 95
[03-Jun-2026 10:13:39 UTC] PHP Warning:  Undefined array key "dependencies" in /home/alamstor/public_html/wp-content/plugins/elementor/core/page-assets/loader.php on line 95
[03-Jun-2026 10:13:39 UTC] PHP Warning:  Undefined array key "version" in /home/alamstor/public_html/wp-content/plugins/elementor/core/page-assets/loader.php on line 95
[03-Jun-2026 10:13:39 UTC] PHP Warning:  Undefined array key "src" in /home/alamstor/public_html/wp-content/plugins/elementor/core/page-assets/loader.php on line 95
[03-Jun-2026 10:13:39 UTC] PHP Warning:  Undefined array key "dependencies" in /home/alamstor/public_html/wp-content/plugins/elementor/core/page-assets/loader.php on line 95
[03-Jun-2026 10:13:39 UTC] PHP Warning:  Undefined array key "version" in /home/alamstor/public_html/wp-content/plugins/elementor/core/page-assets/loader.php on line 95
[03-Jun-2026 10:13:55 UTC] PHP Warning:  Undefined array key "src" in /home/alamstor/public_html/wp-content/plugins/elementor/core/page-assets/loader.php on line 95
[03-Jun-2026 10:13:55 UTC] PHP Warning:  Undefined array key "dependencies" in /home/alamstor/public_html/wp-content/plugins/elementor/core/page-assets/loader.php on line 95
[03-Jun-2026 10:13:55 UTC] PHP Warning:  Undefined array key "version" in /home/alamstor/public_html/wp-content/plugins/elementor/core/page-assets/loader.php on line 95
[03-Jun-2026 10:13:55 UTC] PHP Warning:  Undefined array key "src" in /home/alamstor/public_html/wp-content/plugins/elementor/core/page-assets/loader.php on line 95
[03-Jun-2026 10:13:55 UTC] PHP Warning:  Undefined array key "dependencies" in /home/alamstor/public_html/wp-content/plugins/elementor/core/page-assets/loader.php on line 95
[03-Jun-2026 10:13:55 UTC] PHP Warning:  Undefined array key "version" in /home/alamstor/public_html/wp-content/plugins/elementor/core/page-assets/loader.php on line 95
[03-Jun-2026 10:22:17 UTC] PHP Warning:  Undefined array key "src" in /home/alamstor/public_html/wp-content/plugins/elementor/core/page-assets/loader.php on line 95
[03-Jun-2026 10:22:17 UTC] PHP Warning:  Undefined array key "dependencies" in /home/alamstor/public_html/wp-content/plugins/elementor/core/page-assets/loader.php on line 95
[03-Jun-2026 10:22:17 UTC] PHP Warning:  Undefined array key "version" in /home/alamstor/public_html/wp-content/plugins/elementor/core/page-assets/loader.php on line 95
[03-Jun-2026 10:22:17 UTC] PHP Warning:  Undefined array key "src" in /home/alamstor/public_html/wp-content/plugins/elementor/core/page-assets/loader.php on line 95
[03-Jun-2026 10:22:17 UTC] PHP Warning:  Undefined array key "dependencies" in /home/alamstor/public_html/wp-content/plugins/elementor/core/page-assets/loader.php on line 95
[03-Jun-2026 10:22:17 UTC] PHP Warning:  Undefined array key "version" in /home/alamstor/public_html/wp-content/plugins/elementor/core/page-assets/loader.php on line 95
[03-Jun-2026 10:22:19 UTC] PHP Warning:  Undefined array key "src" in /home/alamstor/public_html/wp-content/plugins/elementor/core/page-assets/loader.php on line 95
[03-Jun-2026 10:22:19 UTC] PHP Warning:  Undefined array key "dependencies" in /home/alamstor/public_html/wp-content/plugins/elementor/core/page-assets/loader.php on line 95
[03-Jun-2026 10:22:19 UTC] PHP Warning:  Undefined array key "version" in /home/alamstor/public_html/wp-content/plugins/elementor/core/page-assets/loader.php on line 95
[03-Jun-2026 10:22:19 UTC] PHP Warning:  Undefined array key "src" in /home/alamstor/public_html/wp-content/plugins/elementor/core/page-assets/loader.php on line 95
[03-Jun-2026 10:22:19 UTC] PHP Warning:  Undefined array key "dependencies" in /home/alamstor/public_html/wp-content/plugins/elementor/core/page-assets/loader.php on line 95
[03-Jun-2026 10:22:19 UTC] PHP Warning:  Undefined array key "version" in /home/alamstor/public_html/wp-content/plugins/elementor/core/page-assets/loader.php on line 95
[03-Jun-2026 10:31:12 UTC] PHP Warning:  Undefined array key "src" in /home/alamstor/public_html/wp-content/plugins/elementor/core/page-assets/loader.php on line 95
[03-Jun-2026 10:31:12 UTC] PHP Warning:  Undefined array key "dependencies" in /home/alamstor/public_html/wp-content/plugins/elementor/core/page-assets/loader.php on line 95
[03-Jun-2026 10:31:12 UTC] PHP Warning:  Undefined array key "version" in /home/alamstor/public_html/wp-content/plugins/elementor/core/page-assets/loader.php on line 95
[03-Jun-2026 10:31:12 UTC] PHP Warning:  Undefined array key "src" in /home/alamstor/public_html/wp-content/plugins/elementor/core/page-assets/loader.php on line 95
[03-Jun-2026 10:31:12 UTC] PHP Warning:  Undefined array key "dependencies" in /home/alamstor/public_html/wp-content/plugins/elementor/core/page-assets/loader.php on line 95
[03-Jun-2026 10:31:12 UTC] PHP Warning:  Undefined array key "version" in /home/alamstor/public_html/wp-content/plugins/elementor/core/page-assets/loader.php on line 95
[03-Jun-2026 10:38:14 UTC] PHP Warning:  Undefined array key "src" in /home/alamstor/public_html/wp-content/plugins/elementor/core/page-assets/loader.php on line 95
[03-Jun-2026 10:38:14 UTC] PHP Warning:  Undefined array key "dependencies" in /home/alamstor/public_html/wp-content/plugins/elementor/core/page-assets/loader.php on line 95
[03-Jun-2026 10:38:14 UTC] PHP Warning:  Undefined array key "version" in /home/alamstor/public_html/wp-content/plugins/elementor/core/page-assets/loader.php on line 95
[03-Jun-2026 10:38:14 UTC] PHP Warning:  Undefined array key "src" in /home/alamstor/public_html/wp-content/plugins/elementor/core/page-assets/loader.php on line 95
[03-Jun-2026 10:38:14 UTC] PHP Warning:  Undefined array key "dependencies" in /home/alamstor/public_html/wp-content/plugins/elementor/core/page-assets/loader.php on line 95
[03-Jun-2026 10:38:14 UTC] PHP Warning:  Undefined array key "version" in /home/alamstor/public_html/wp-content/plugins/elementor/core/page-assets/loader.php on line 95
[03-Jun-2026 10:53:41 UTC] PHP Warning:  Undefined array key "src" in /home/alamstor/public_html/wp-content/plugins/elementor/core/page-assets/loader.php on line 95
[03-Jun-2026 10:53:41 UTC] PHP Warning:  Undefined array key "dependencies" in /home/alamstor/public_html/wp-content/plugins/elementor/core/page-assets/loader.php on line 95
[03-Jun-2026 10:53:41 UTC] PHP Warning:  Undefined array key "version" in /home/alamstor/public_html/wp-content/plugins/elementor/core/page-assets/loader.php on line 95
[03-Jun-2026 10:53:41 UTC] PHP Warning:  Undefined array key "src" in /home/alamstor/public_html/wp-content/plugins/elementor/core/page-assets/loader.php on line 95
[03-Jun-2026 10:53:41 UTC] PHP Warning:  Undefined array key "dependencies" in /home/alamstor/public_html/wp-content/plugins/elementor/core/page-assets/loader.php on line 95
[03-Jun-2026 10:53:41 UTC] PHP Warning:  Undefined array key "version" in /home/alamstor/public_html/wp-content/plugins/elementor/core/page-assets/loader.php on line 95
[03-Jun-2026 10:58:26 UTC] PHP Warning:  Undefined array key "src" in /home/alamstor/public_html/wp-content/plugins/elementor/core/page-assets/loader.php on line 95
[03-Jun-2026 10:58:26 UTC] PHP Warning:  Undefined array key "dependencies" in /home/alamstor/public_html/wp-content/plugins/elementor/core/page-assets/loader.php on line 95
[03-Jun-2026 10:58:26 UTC] PHP Warning:  Undefined array key "version" in /home/alamstor/public_html/wp-content/plugins/elementor/core/page-assets/loader.php on line 95
[03-Jun-2026 10:58:26 UTC] PHP Warning:  Undefined array key "src" in /home/alamstor/public_html/wp-content/plugins/elementor/core/page-assets/loader.php on line 95
[03-Jun-2026 10:58:26 UTC] PHP Warning:  Undefined array key "dependencies" in /home/alamstor/public_html/wp-content/plugins/elementor/core/page-assets/loader.php on line 95
[03-Jun-2026 10:58:26 UTC] PHP Warning:  Undefined array key "version" in /home/alamstor/public_html/wp-content/plugins/elementor/core/page-assets/loader.php on line 95
[03-Jun-2026 10:58:46 UTC] PHP Warning:  Undefined array key "src" in /home/alamstor/public_html/wp-content/plugins/elementor/core/page-assets/loader.php on line 95
[03-Jun-2026 10:58:46 UTC] PHP Warning:  Undefined array key "dependencies" in /home/alamstor/public_html/wp-content/plugins/elementor/core/page-assets/loader.php on line 95
[03-Jun-2026 10:58:46 UTC] PHP Warning:  Undefined array key "version" in /home/alamstor/public_html/wp-content/plugins/elementor/core/page-assets/loader.php on line 95
[03-Jun-2026 10:58:46 UTC] PHP Warning:  Undefined array key "src" in /home/alamstor/public_html/wp-content/plugins/elementor/core/page-assets/loader.php on line 95
[03-Jun-2026 10:58:46 UTC] PHP Warning:  Undefined array key "dependencies" in /home/alamstor/public_html/wp-content/plugins/elementor/core/page-assets/loader.php on line 95
[03-Jun-2026 10:58:46 UTC] PHP Warning:  Undefined array key "version" in /home/alamstor/public_html/wp-content/plugins/elementor/core/page-assets/loader.php on line 95
[03-Jun-2026 10:58:49 UTC] PHP Warning:  Undefined array key "src" in /home/alamstor/public_html/wp-content/plugins/elementor/core/page-assets/loader.php on line 95
[03-Jun-2026 10:58:49 UTC] PHP Warning:  Undefined array key "dependencies" in /home/alamstor/public_html/wp-content/plugins/elementor/core/page-assets/loader.php on line 95
[03-Jun-2026 10:58:49 UTC] PHP Warning:  Undefined array key "version" in /home/alamstor/public_html/wp-content/plugins/elementor/core/page-assets/loader.php on line 95
[03-Jun-2026 10:58:49 UTC] PHP Warning:  Undefined array key "src" in /home/alamstor/public_html/wp-content/plugins/elementor/core/page-assets/loader.php on line 95
[03-Jun-2026 10:58:49 UTC] PHP Warning:  Undefined array key "dependencies" in /home/alamstor/public_html/wp-content/plugins/elementor/core/page-assets/loader.php on line 95
[03-Jun-2026 10:58:49 UTC] PHP Warning:  Undefined array key "version" in /home/alamstor/public_html/wp-content/plugins/elementor/core/page-assets/loader.php on line 95
[03-Jun-2026 10:58:52 UTC] PHP Warning:  Undefined array key "src" in /home/alamstor/public_html/wp-content/plugins/elementor/core/page-assets/loader.php on line 95
[03-Jun-2026 10:58:52 UTC] PHP Warning:  Undefined array key "dependencies" in /home/alamstor/public_html/wp-content/plugins/elementor/core/page-assets/loader.php on line 95
[03-Jun-2026 10:58:52 UTC] PHP Warning:  Undefined array key "version" in /home/alamstor/public_html/wp-content/plugins/elementor/core/page-assets/loader.php on line 95
[03-Jun-2026 10:58:52 UTC] PHP Warning:  Undefined array key "src" in /home/alamstor/public_html/wp-content/plugins/elementor/core/page-assets/loader.php on line 95
[03-Jun-2026 10:58:52 UTC] PHP Warning:  Undefined array key "dependencies" in /home/alamstor/public_html/wp-content/plugins/elementor/core/page-assets/loader.php on line 95
[03-Jun-2026 10:58:52 UTC] PHP Warning:  Undefined array key "version" in /home/alamstor/public_html/wp-content/plugins/elementor/core/page-assets/loader.php on line 95
[03-Jun-2026 10:58:53 UTC] PHP Warning:  Undefined array key "src" in /home/alamstor/public_html/wp-content/plugins/elementor/core/page-assets/loader.php on line 95
[03-Jun-2026 10:58:53 UTC] PHP Warning:  Undefined array key "dependencies" in /home/alamstor/public_html/wp-content/plugins/elementor/core/page-assets/loader.php on line 95
[03-Jun-2026 10:58:53 UTC] PHP Warning:  Undefined array key "version" in /home/alamstor/public_html/wp-content/plugins/elementor/core/page-assets/loader.php on line 95
[03-Jun-2026 10:58:53 UTC] PHP Warning:  Undefined array key "src" in /home/alamstor/public_html/wp-content/plugins/elementor/core/page-assets/loader.php on line 95
[03-Jun-2026 10:58:53 UTC] PHP Warning:  Undefined array key "dependencies" in /home/alamstor/public_html/wp-content/plugins/elementor/core/page-assets/loader.php on line 95
[03-Jun-2026 10:58:53 UTC] PHP Warning:  Undefined array key "version" in /home/alamstor/public_html/wp-content/plugins/elementor/core/page-assets/loader.php on line 95
[03-Jun-2026 10:58:54 UTC] PHP Warning:  Undefined array key "src" in /home/alamstor/public_html/wp-content/plugins/elementor/core/page-assets/loader.php on line 95
[03-Jun-2026 10:58:54 UTC] PHP Warning:  Undefined array key "dependencies" in /home/alamstor/public_html/wp-content/plugins/elementor/core/page-assets/loader.php on line 95
[03-Jun-2026 10:58:54 UTC] PHP Warning:  Undefined array key "version" in /home/alamstor/public_html/wp-content/plugins/elementor/core/page-assets/loader.php on line 95
[03-Jun-2026 10:58:54 UTC] PHP Warning:  Undefined array key "src" in /home/alamstor/public_html/wp-content/plugins/elementor/core/page-assets/loader.php on line 95
[03-Jun-2026 10:58:54 UTC] PHP Warning:  Undefined array key "dependencies" in /home/alamstor/public_html/wp-content/plugins/elementor/core/page-assets/loader.php on line 95
[03-Jun-2026 10:58:54 UTC] PHP Warning:  Undefined array key "version" in /home/alamstor/public_html/wp-content/plugins/elementor/core/page-assets/loader.php on line 95
[03-Jun-2026 10:58:56 UTC] PHP Warning:  Undefined array key "src" in /home/alamstor/public_html/wp-content/plugins/elementor/core/page-assets/loader.php on line 95
[03-Jun-2026 10:58:56 UTC] PHP Warning:  Undefined array key "dependencies" in /home/alamstor/public_html/wp-content/plugins/elementor/core/page-assets/loader.php on line 95
[03-Jun-2026 10:58:56 UTC] PHP Warning:  Undefined array key "version" in /home/alamstor/public_html/wp-content/plugins/elementor/core/page-assets/loader.php on line 95
[03-Jun-2026 10:58:56 UTC] PHP Warning:  Undefined array key "src" in /home/alamstor/public_html/wp-content/plugins/elementor/core/page-assets/loader.php on line 95
[03-Jun-2026 10:58:56 UTC] PHP Warning:  Undefined array key "dependencies" in /home/alamstor/public_html/wp-content/plugins/elementor/core/page-assets/loader.php on line 95
[03-Jun-2026 10:58:56 UTC] PHP Warning:  Undefined array key "version" in /home/alamstor/public_html/wp-content/plugins/elementor/core/page-assets/loader.php on line 95
[03-Jun-2026 10:58:59 UTC] PHP Warning:  Undefined array key "src" in /home/alamstor/public_html/wp-content/plugins/elementor/core/page-assets/loader.php on line 95
[03-Jun-2026 10:58:59 UTC] PHP Warning:  Undefined array key "dependencies" in /home/alamstor/public_html/wp-content/plugins/elementor/core/page-assets/loader.php on line 95
[03-Jun-2026 10:58:59 UTC] PHP Warning:  Undefined array key "version" in /home/alamstor/public_html/wp-content/plugins/elementor/core/page-assets/loader.php on line 95
[03-Jun-2026 10:58:59 UTC] PHP Warning:  Undefined array key "src" in /home/alamstor/public_html/wp-content/plugins/elementor/core/page-assets/loader.php on line 95
[03-Jun-2026 10:58:59 UTC] PHP Warning:  Undefined array key "dependencies" in /home/alamstor/public_html/wp-content/plugins/elementor/core/page-assets/loader.php on line 95
[03-Jun-2026 10:58:59 UTC] PHP Warning:  Undefined array key "version" in /home/alamstor/public_html/wp-content/plugins/elementor/core/page-assets/loader.php on line 95
[03-Jun-2026 10:59:01 UTC] PHP Warning:  Undefined array key "src" in /home/alamstor/public_html/wp-content/plugins/elementor/core/page-assets/loader.php on line 95
[03-Jun-2026 10:59:01 UTC] PHP Warning:  Undefined array key "dependencies" in /home/alamstor/public_html/wp-content/plugins/elementor/core/page-assets/loader.php on line 95
[03-Jun-2026 10:59:01 UTC] PHP Warning:  Undefined array key "version" in /home/alamstor/public_html/wp-content/plugins/elementor/core/page-assets/loader.php on line 95
[03-Jun-2026 10:59:01 UTC] PHP Warning:  Undefined array key "src" in /home/alamstor/public_html/wp-content/plugins/elementor/core/page-assets/loader.php on line 95
[03-Jun-2026 10:59:01 UTC] PHP Warning:  Undefined array key "dependencies" in /home/alamstor/public_html/wp-content/plugins/elementor/core/page-assets/loader.php on line 95
[03-Jun-2026 10:59:01 UTC] PHP Warning:  Undefined array key "version" in /home/alamstor/public_html/wp-content/plugins/elementor/core/page-assets/loader.php on line 95
[03-Jun-2026 10:59:52 UTC] PHP Warning:  Undefined array key "src" in /home/alamstor/public_html/wp-content/plugins/elementor/core/page-assets/loader.php on line 95
[03-Jun-2026 10:59:52 UTC] PHP Warning:  Undefined array key "dependencies" in /home/alamstor/public_html/wp-content/plugins/elementor/core/page-assets/loader.php on line 95
[03-Jun-2026 10:59:52 UTC] PHP Warning:  Undefined array key "version" in /home/alamstor/public_html/wp-content/plugins/elementor/core/page-assets/loader.php on line 95
[03-Jun-2026 10:59:52 UTC] PHP Warning:  Undefined array key "src" in /home/alamstor/public_html/wp-content/plugins/elementor/core/page-assets/loader.php on line 95
[03-Jun-2026 10:59:52 UTC] PHP Warning:  Undefined array key "dependencies" in /home/alamstor/public_html/wp-content/plugins/elementor/core/page-assets/loader.php on line 95
[03-Jun-2026 10:59:52 UTC] PHP Warning:  Undefined array key "version" in /home/alamstor/public_html/wp-content/plugins/elementor/core/page-assets/loader.php on line 95
[03-Jun-2026 11:07:45 UTC] PHP Notice:  Function _load_textdomain_just_in_time was called <strong>incorrectly</strong>. Translation loading for the <code>jetpack</code> domain was triggered too early. This is usually an indicator for some code in the plugin or theme running too early. Translations should be loaded at the <code>init</code> action or later. Please see <a href="https://developer.wordpress.org/advanced-administration/debug/debug-wordpress/">Debugging in WordPress</a> for more information. (This message was added in version 6.7.0.) in /home/alamstor/public_html/wp-includes/functions.php on line 6170
[03-Jun-2026 11:10:40 UTC] PHP Warning:  Undefined array key "src" in /home/alamstor/public_html/wp-content/plugins/elementor/core/page-assets/loader.php on line 95
[03-Jun-2026 11:10:40 UTC] PHP Warning:  Undefined array key "dependencies" in /home/alamstor/public_html/wp-content/plugins/elementor/core/page-assets/loader.php on line 95
[03-Jun-2026 11:10:40 UTC] PHP Warning:  Undefined array key "version" in /home/alamstor/public_html/wp-content/plugins/elementor/core/page-assets/loader.php on line 95
[03-Jun-2026 11:10:40 UTC] PHP Warning:  Undefined array key "src" in /home/alamstor/public_html/wp-content/plugins/elementor/core/page-assets/loader.php on line 95
[03-Jun-2026 11:10:40 UTC] PHP Warning:  Undefined array key "dependencies" in /home/alamstor/public_html/wp-content/plugins/elementor/core/page-assets/loader.php on line 95
[03-Jun-2026 11:10:40 UTC] PHP Warning:  Undefined array key "version" in /home/alamstor/public_html/wp-content/plugins/elementor/core/page-assets/loader.php on line 95
[03-Jun-2026 11:39:27 UTC] PHP Warning:  Undefined array key "src" in /home/alamstor/public_html/wp-content/plugins/elementor/core/page-assets/loader.php on line 95
[03-Jun-2026 11:39:27 UTC] PHP Warning:  Undefined array key "dependencies" in /home/alamstor/public_html/wp-content/plugins/elementor/core/page-assets/loader.php on line 95
[03-Jun-2026 11:39:27 UTC] PHP Warning:  Undefined array key "version" in /home/alamstor/public_html/wp-content/plugins/elementor/core/page-assets/loader.php on line 95
[03-Jun-2026 11:39:27 UTC] PHP Warning:  Undefined array key "src" in /home/alamstor/public_html/wp-content/plugins/elementor/core/page-assets/loader.php on line 95
[03-Jun-2026 11:39:27 UTC] PHP Warning:  Undefined array key "dependencies" in /home/alamstor/public_html/wp-content/plugins/elementor/core/page-assets/loader.php on line 95
[03-Jun-2026 11:39:27 UTC] PHP Warning:  Undefined array key "version" in /home/alamstor/public_html/wp-content/plugins/elementor/core/page-assets/loader.php on line 95
[03-Jun-2026 11:51:53 UTC] PHP Warning:  Undefined array key "src" in /home/alamstor/public_html/wp-content/plugins/elementor/core/page-assets/loader.php on line 95
[03-Jun-2026 11:51:53 UTC] PHP Warning:  Undefined array key "dependencies" in /home/alamstor/public_html/wp-content/plugins/elementor/core/page-assets/loader.php on line 95
[03-Jun-2026 11:51:53 UTC] PHP Warning:  Undefined array key "version" in /home/alamstor/public_html/wp-content/plugins/elementor/core/page-assets/loader.php on line 95
[03-Jun-2026 11:51:53 UTC] PHP Warning:  Undefined array key "src" in /home/alamstor/public_html/wp-content/plugins/elementor/core/page-assets/loader.php on line 95
[03-Jun-2026 11:51:53 UTC] PHP Warning:  Undefined array key "dependencies" in /home/alamstor/public_html/wp-content/plugins/elementor/core/page-assets/loader.php on line 95
[03-Jun-2026 11:51:53 UTC] PHP Warning:  Undefined array key "version" in /home/alamstor/public_html/wp-content/plugins/elementor/core/page-assets/loader.php on line 95
[03-Jun-2026 11:54:35 UTC] PHP Warning:  Undefined array key "src" in /home/alamstor/public_html/wp-content/plugins/elementor/core/page-assets/loader.php on line 95
[03-Jun-2026 11:54:35 UTC] PHP Warning:  Undefined array key "dependencies" in /home/alamstor/public_html/wp-content/plugins/elementor/core/page-assets/loader.php on line 95
[03-Jun-2026 11:54:35 UTC] PHP Warning:  Undefined array key "version" in /home/alamstor/public_html/wp-content/plugins/elementor/core/page-assets/loader.php on line 95
[03-Jun-2026 11:54:35 UTC] PHP Warning:  Undefined array key "src" in /home/alamstor/public_html/wp-content/plugins/elementor/core/page-assets/loader.php on line 95
[03-Jun-2026 11:54:35 UTC] PHP Warning:  Undefined array key "dependencies" in /home/alamstor/public_html/wp-content/plugins/elementor/core/page-assets/loader.php on line 95
[03-Jun-2026 11:54:35 UTC] PHP Warning:  Undefined array key "version" in /home/alamstor/public_html/wp-content/plugins/elementor/core/page-assets/loader.php on line 95
[03-Jun-2026 11:55:15 UTC] PHP Warning:  Undefined array key "src" in /home/alamstor/public_html/wp-content/plugins/elementor/core/page-assets/loader.php on line 95
[03-Jun-2026 11:55:15 UTC] PHP Warning:  Undefined array key "dependencies" in /home/alamstor/public_html/wp-content/plugins/elementor/core/page-assets/loader.php on line 95
[03-Jun-2026 11:55:15 UTC] PHP Warning:  Undefined array key "version" in /home/alamstor/public_html/wp-content/plugins/elementor/core/page-assets/loader.php on line 95
[03-Jun-2026 11:55:15 UTC] PHP Warning:  Undefined array key "src" in /home/alamstor/public_html/wp-content/plugins/elementor/core/page-assets/loader.php on line 95
[03-Jun-2026 11:55:15 UTC] PHP Warning:  Undefined array key "dependencies" in /home/alamstor/public_html/wp-content/plugins/elementor/core/page-assets/loader.php on line 95
[03-Jun-2026 11:55:15 UTC] PHP Warning:  Undefined array key "version" in /home/alamstor/public_html/wp-content/plugins/elementor/core/page-assets/loader.php on line 95
[03-Jun-2026 12:08:43 UTC] PHP Warning:  Undefined array key "src" in /home/alamstor/public_html/wp-content/plugins/elementor/core/page-assets/loader.php on line 95
[03-Jun-2026 12:08:43 UTC] PHP Warning:  Undefined array key "dependencies" in /home/alamstor/public_html/wp-content/plugins/elementor/core/page-assets/loader.php on line 95
[03-Jun-2026 12:08:43 UTC] PHP Warning:  Undefined array key "version" in /home/alamstor/public_html/wp-content/plugins/elementor/core/page-assets/loader.php on line 95
[03-Jun-2026 12:08:43 UTC] PHP Warning:  Undefined array key "src" in /home/alamstor/public_html/wp-content/plugins/elementor/core/page-assets/loader.php on line 95
[03-Jun-2026 12:08:43 UTC] PHP Warning:  Undefined array key "dependencies" in /home/alamstor/public_html/wp-content/plugins/elementor/core/page-assets/loader.php on line 95
[03-Jun-2026 12:08:43 UTC] PHP Warning:  Undefined array key "version" in /home/alamstor/public_html/wp-content/plugins/elementor/core/page-assets/loader.php on line 95
[03-Jun-2026 12:14:52 UTC] PHP Warning:  Undefined array key "src" in /home/alamstor/public_html/wp-content/plugins/elementor/core/page-assets/loader.php on line 95
[03-Jun-2026 12:14:52 UTC] PHP Warning:  Undefined array key "dependencies" in /home/alamstor/public_html/wp-content/plugins/elementor/core/page-assets/loader.php on line 95
[03-Jun-2026 12:14:52 UTC] PHP Warning:  Undefined array key "version" in /home/alamstor/public_html/wp-content/plugins/elementor/core/page-assets/loader.php on line 95
[03-Jun-2026 12:14:52 UTC] PHP Warning:  Undefined array key "src" in /home/alamstor/public_html/wp-content/plugins/elementor/core/page-assets/loader.php on line 95
[03-Jun-2026 12:14:52 UTC] PHP Warning:  Undefined array key "dependencies" in /home/alamstor/public_html/wp-content/plugins/elementor/core/page-assets/loader.php on line 95
[03-Jun-2026 12:14:52 UTC] PHP Warning:  Undefined array key "version" in /home/alamstor/public_html/wp-content/plugins/elementor/core/page-assets/loader.php on line 95
[03-Jun-2026 12:16:12 UTC] PHP Warning:  Undefined array key "src" in /home/alamstor/public_html/wp-content/plugins/elementor/core/page-assets/loader.php on line 95
[03-Jun-2026 12:16:12 UTC] PHP Warning:  Undefined array key "dependencies" in /home/alamstor/public_html/wp-content/plugins/elementor/core/page-assets/loader.php on line 95
[03-Jun-2026 12:16:12 UTC] PHP Warning:  Undefined array key "version" in /home/alamstor/public_html/wp-content/plugins/elementor/core/page-assets/loader.php on line 95
[03-Jun-2026 12:16:12 UTC] PHP Warning:  Undefined array key "src" in /home/alamstor/public_html/wp-content/plugins/elementor/core/page-assets/loader.php on line 95
[03-Jun-2026 12:16:12 UTC] PHP Warning:  Undefined array key "dependencies" in /home/alamstor/public_html/wp-content/plugins/elementor/core/page-assets/loader.php on line 95
[03-Jun-2026 12:16:12 UTC] PHP Warning:  Undefined array key "version" in /home/alamstor/public_html/wp-content/plugins/elementor/core/page-assets/loader.php on line 95
[03-Jun-2026 12:17:52 UTC] PHP Warning:  Undefined array key "src" in /home/alamstor/public_html/wp-content/plugins/elementor/core/page-assets/loader.php on line 95
[03-Jun-2026 12:17:52 UTC] PHP Warning:  Undefined array key "dependencies" in /home/alamstor/public_html/wp-content/plugins/elementor/core/page-assets/loader.php on line 95
[03-Jun-2026 12:17:52 UTC] PHP Warning:  Undefined array key "version" in /home/alamstor/public_html/wp-content/plugins/elementor/core/page-assets/loader.php on line 95
[03-Jun-2026 12:17:52 UTC] PHP Warning:  Undefined array key "src" in /home/alamstor/public_html/wp-content/plugins/elementor/core/page-assets/loader.php on line 95
[03-Jun-2026 12:17:52 UTC] PHP Warning:  Undefined array key "dependencies" in /home/alamstor/public_html/wp-content/plugins/elementor/core/page-assets/loader.php on line 95
[03-Jun-2026 12:17:52 UTC] PHP Warning:  Undefined array key "version" in /home/alamstor/public_html/wp-content/plugins/elementor/core/page-assets/loader.php on line 95
[03-Jun-2026 12:26:32 UTC] PHP Warning:  Undefined array key "src" in /home/alamstor/public_html/wp-content/plugins/elementor/core/page-assets/loader.php on line 95
[03-Jun-2026 12:26:32 UTC] PHP Warning:  Undefined array key "dependencies" in /home/alamstor/public_html/wp-content/plugins/elementor/core/page-assets/loader.php on line 95
[03-Jun-2026 12:26:32 UTC] PHP Warning:  Undefined array key "version" in /home/alamstor/public_html/wp-content/plugins/elementor/core/page-assets/loader.php on line 95
[03-Jun-2026 12:26:32 UTC] PHP Warning:  Undefined array key "src" in /home/alamstor/public_html/wp-content/plugins/elementor/core/page-assets/loader.php on line 95
[03-Jun-2026 12:26:32 UTC] PHP Warning:  Undefined array key "dependencies" in /home/alamstor/public_html/wp-content/plugins/elementor/core/page-assets/loader.php on line 95
[03-Jun-2026 12:26:32 UTC] PHP Warning:  Undefined array key "version" in /home/alamstor/public_html/wp-content/plugins/elementor/core/page-assets/loader.php on line 95
[03-Jun-2026 12:32:50 UTC] PHP Warning:  Undefined array key "src" in /home/alamstor/public_html/wp-content/plugins/elementor/core/page-assets/loader.php on line 95
[03-Jun-2026 12:32:50 UTC] PHP Warning:  Undefined array key "dependencies" in /home/alamstor/public_html/wp-content/plugins/elementor/core/page-assets/loader.php on line 95
[03-Jun-2026 12:32:50 UTC] PHP Warning:  Undefined array key "version" in /home/alamstor/public_html/wp-content/plugins/elementor/core/page-assets/loader.php on line 95
[03-Jun-2026 12:32:50 UTC] PHP Warning:  Undefined array key "src" in /home/alamstor/public_html/wp-content/plugins/elementor/core/page-assets/loader.php on line 95
[03-Jun-2026 12:32:50 UTC] PHP Warning:  Undefined array key "dependencies" in /home/alamstor/public_html/wp-content/plugins/elementor/core/page-assets/loader.php on line 95
[03-Jun-2026 12:32:50 UTC] PHP Warning:  Undefined array key "version" in /home/alamstor/public_html/wp-content/plugins/elementor/core/page-assets/loader.php on line 95
[03-Jun-2026 12:33:19 UTC] PHP Warning:  Undefined array key "src" in /home/alamstor/public_html/wp-content/plugins/elementor/core/page-assets/loader.php on line 95
[03-Jun-2026 12:33:19 UTC] PHP Warning:  Undefined array key "dependencies" in /home/alamstor/public_html/wp-content/plugins/elementor/core/page-assets/loader.php on line 95
[03-Jun-2026 12:33:19 UTC] PHP Warning:  Undefined array key "version" in /home/alamstor/public_html/wp-content/plugins/elementor/core/page-assets/loader.php on line 95
[03-Jun-2026 12:33:19 UTC] PHP Warning:  Undefined array key "src" in /home/alamstor/public_html/wp-content/plugins/elementor/core/page-assets/loader.php on line 95
[03-Jun-2026 12:33:19 UTC] PHP Warning:  Undefined array key "dependencies" in /home/alamstor/public_html/wp-content/plugins/elementor/core/page-assets/loader.php on line 95
[03-Jun-2026 12:33:19 UTC] PHP Warning:  Undefined array key "version" in /home/alamstor/public_html/wp-content/plugins/elementor/core/page-assets/loader.php on line 95
[03-Jun-2026 12:34:20 UTC] PHP Warning:  Undefined array key "src" in /home/alamstor/public_html/wp-content/plugins/elementor/core/page-assets/loader.php on line 95
[03-Jun-2026 12:34:20 UTC] PHP Warning:  Undefined array key "dependencies" in /home/alamstor/public_html/wp-content/plugins/elementor/core/page-assets/loader.php on line 95
[03-Jun-2026 12:34:20 UTC] PHP Warning:  Undefined array key "version" in /home/alamstor/public_html/wp-content/plugins/elementor/core/page-assets/loader.php on line 95
[03-Jun-2026 12:34:20 UTC] PHP Warning:  Undefined array key "src" in /home/alamstor/public_html/wp-content/plugins/elementor/core/page-assets/loader.php on line 95
[03-Jun-2026 12:34:20 UTC] PHP Warning:  Undefined array key "dependencies" in /home/alamstor/public_html/wp-content/plugins/elementor/core/page-assets/loader.php on line 95
[03-Jun-2026 12:34:20 UTC] PHP Warning:  Undefined array key "version" in /home/alamstor/public_html/wp-content/plugins/elementor/core/page-assets/loader.php on line 95
[03-Jun-2026 12:35:53 UTC] PHP Notice:  Function _load_textdomain_just_in_time was called <strong>incorrectly</strong>. Translation loading for the <code>jetpack</code> domain was triggered too early. This is usually an indicator for some code in the plugin or theme running too early. Translations should be loaded at the <code>init</code> action or later. Please see <a href="https://developer.wordpress.org/advanced-administration/debug/debug-wordpress/">Debugging in WordPress</a> for more information. (This message was added in version 6.7.0.) in /home/alamstor/public_html/wp-includes/functions.php on line 6170
[03-Jun-2026 12:37:19 UTC] PHP Notice:  Function _load_textdomain_just_in_time was called <strong>incorrectly</strong>. Translation loading for the <code>jetpack</code> domain was triggered too early. This is usually an indicator for some code in the plugin or theme running too early. Translations should be loaded at the <code>init</code> action or later. Please see <a href="https://developer.wordpress.org/advanced-administration/debug/debug-wordpress/">Debugging in WordPress</a> for more information. (This message was added in version 6.7.0.) in /home/alamstor/public_html/wp-includes/functions.php on line 6170
[03-Jun-2026 12:38:56 UTC] PHP Notice:  Function _load_textdomain_just_in_time was called <strong>incorrectly</strong>. Translation loading for the <code>jetpack</code> domain was triggered too early. This is usually an indicator for some code in the plugin or theme running too early. Translations should be loaded at the <code>init</code> action or later. Please see <a href="https://developer.wordpress.org/advanced-administration/debug/debug-wordpress/">Debugging in WordPress</a> for more information. (This message was added in version 6.7.0.) in /home/alamstor/public_html/wp-includes/functions.php on line 6170
[03-Jun-2026 12:40:44 UTC] PHP Notice:  Function _load_textdomain_just_in_time was called <strong>incorrectly</strong>. Translation loading for the <code>jetpack</code> domain was triggered too early. This is usually an indicator for some code in the plugin or theme running too early. Translations should be loaded at the <code>init</code> action or later. Please see <a href="https://developer.wordpress.org/advanced-administration/debug/debug-wordpress/">Debugging in WordPress</a> for more information. (This message was added in version 6.7.0.) in /home/alamstor/public_html/wp-includes/functions.php on line 6170
[03-Jun-2026 12:41:30 UTC] PHP Warning:  Undefined array key "src" in /home/alamstor/public_html/wp-content/plugins/elementor/core/page-assets/loader.php on line 95
[03-Jun-2026 12:41:30 UTC] PHP Warning:  Undefined array key "dependencies" in /home/alamstor/public_html/wp-content/plugins/elementor/core/page-assets/loader.php on line 95
[03-Jun-2026 12:41:30 UTC] PHP Warning:  Undefined array key "version" in /home/alamstor/public_html/wp-content/plugins/elementor/core/page-assets/loader.php on line 95
[03-Jun-2026 12:41:30 UTC] PHP Warning:  Undefined array key "src" in /home/alamstor/public_html/wp-content/plugins/elementor/core/page-assets/loader.php on line 95
[03-Jun-2026 12:41:30 UTC] PHP Warning:  Undefined array key "dependencies" in /home/alamstor/public_html/wp-content/plugins/elementor/core/page-assets/loader.php on line 95
[03-Jun-2026 12:41:30 UTC] PHP Warning:  Undefined array key "version" in /home/alamstor/public_html/wp-content/plugins/elementor/core/page-assets/loader.php on line 95
[03-Jun-2026 12:42:15 UTC] PHP Warning:  Undefined array key "src" in /home/alamstor/public_html/wp-content/plugins/elementor/core/page-assets/loader.php on line 95
[03-Jun-2026 12:42:15 UTC] PHP Warning:  Undefined array key "dependencies" in /home/alamstor/public_html/wp-content/plugins/elementor/core/page-assets/loader.php on line 95
[03-Jun-2026 12:42:15 UTC] PHP Warning:  Undefined array key "version" in /home/alamstor/public_html/wp-content/plugins/elementor/core/page-assets/loader.php on line 95
[03-Jun-2026 12:42:15 UTC] PHP Warning:  Undefined array key "src" in /home/alamstor/public_html/wp-content/plugins/elementor/core/page-assets/loader.php on line 95
[03-Jun-2026 12:42:15 UTC] PHP Warning:  Undefined array key "dependencies" in /home/alamstor/public_html/wp-content/plugins/elementor/core/page-assets/loader.php on line 95
[03-Jun-2026 12:42:15 UTC] PHP Warning:  Undefined array key "version" in /home/alamstor/public_html/wp-content/plugins/elementor/core/page-assets/loader.php on line 95
[03-Jun-2026 12:42:16 UTC] PHP Warning:  Undefined array key "src" in /home/alamstor/public_html/wp-content/plugins/elementor/core/page-assets/loader.php on line 95
[03-Jun-2026 12:42:16 UTC] PHP Warning:  Undefined array key "dependencies" in /home/alamstor/public_html/wp-content/plugins/elementor/core/page-assets/loader.php on line 95
[03-Jun-2026 12:42:16 UTC] PHP Warning:  Undefined array key "version" in /home/alamstor/public_html/wp-content/plugins/elementor/core/page-assets/loader.php on line 95
[03-Jun-2026 12:42:16 UTC] PHP Warning:  Undefined array key "src" in /home/alamstor/public_html/wp-content/plugins/elementor/core/page-assets/loader.php on line 95
[03-Jun-2026 12:42:16 UTC] PHP Warning:  Undefined array key "dependencies" in /home/alamstor/public_html/wp-content/plugins/elementor/core/page-assets/loader.php on line 95
[03-Jun-2026 12:42:16 UTC] PHP Warning:  Undefined array key "version" in /home/alamstor/public_html/wp-content/plugins/elementor/core/page-assets/loader.php on line 95
[03-Jun-2026 12:42:38 UTC] PHP Notice:  Function _load_textdomain_just_in_time was called <strong>incorrectly</strong>. Translation loading for the <code>jetpack</code> domain was triggered too early. This is usually an indicator for some code in the plugin or theme running too early. Translations should be loaded at the <code>init</code> action or later. Please see <a href="https://developer.wordpress.org/advanced-administration/debug/debug-wordpress/">Debugging in WordPress</a> for more information. (This message was added in version 6.7.0.) in /home/alamstor/public_html/wp-includes/functions.php on line 6170
[03-Jun-2026 12:44:32 UTC] PHP Notice:  Function _load_textdomain_just_in_time was called <strong>incorrectly</strong>. Translation loading for the <code>jetpack</code> domain was triggered too early. This is usually an indicator for some code in the plugin or theme running too early. Translations should be loaded at the <code>init</code> action or later. Please see <a href="https://developer.wordpress.org/advanced-administration/debug/debug-wordpress/">Debugging in WordPress</a> for more information. (This message was added in version 6.7.0.) in /home/alamstor/public_html/wp-includes/functions.php on line 6170
[03-Jun-2026 12:50:35 UTC] PHP Warning:  Undefined array key "src" in /home/alamstor/public_html/wp-content/plugins/elementor/core/page-assets/loader.php on line 95
[03-Jun-2026 12:50:35 UTC] PHP Warning:  Undefined array key "dependencies" in /home/alamstor/public_html/wp-content/plugins/elementor/core/page-assets/loader.php on line 95
[03-Jun-2026 12:50:35 UTC] PHP Warning:  Undefined array key "version" in /home/alamstor/public_html/wp-content/plugins/elementor/core/page-assets/loader.php on line 95
[03-Jun-2026 12:50:35 UTC] PHP Warning:  Undefined array key "src" in /home/alamstor/public_html/wp-content/plugins/elementor/core/page-assets/loader.php on line 95
[03-Jun-2026 12:50:35 UTC] PHP Warning:  Undefined array key "dependencies" in /home/alamstor/public_html/wp-content/plugins/elementor/core/page-assets/loader.php on line 95
[03-Jun-2026 12:50:35 UTC] PHP Warning:  Undefined array key "version" in /home/alamstor/public_html/wp-content/plugins/elementor/core/page-assets/loader.php on line 95
[03-Jun-2026 12:57:39 UTC] PHP Warning:  Undefined array key "src" in /home/alamstor/public_html/wp-content/plugins/elementor/core/page-assets/loader.php on line 95
[03-Jun-2026 12:57:39 UTC] PHP Warning:  Undefined array key "dependencies" in /home/alamstor/public_html/wp-content/plugins/elementor/core/page-assets/loader.php on line 95
[03-Jun-2026 12:57:39 UTC] PHP Warning:  Undefined array key "version" in /home/alamstor/public_html/wp-content/plugins/elementor/core/page-assets/loader.php on line 95
[03-Jun-2026 12:57:39 UTC] PHP Warning:  Undefined array key "src" in /home/alamstor/public_html/wp-content/plugins/elementor/core/page-assets/loader.php on line 95
[03-Jun-2026 12:57:39 UTC] PHP Warning:  Undefined array key "dependencies" in /home/alamstor/public_html/wp-content/plugins/elementor/core/page-assets/loader.php on line 95
[03-Jun-2026 12:57:39 UTC] PHP Warning:  Undefined array key "version" in /home/alamstor/public_html/wp-content/plugins/elementor/core/page-assets/loader.php on line 95
[03-Jun-2026 13:10:09 UTC] PHP Warning:  Undefined array key "src" in /home/alamstor/public_html/wp-content/plugins/elementor/core/page-assets/loader.php on line 95
[03-Jun-2026 13:10:09 UTC] PHP Warning:  Undefined array key "dependencies" in /home/alamstor/public_html/wp-content/plugins/elementor/core/page-assets/loader.php on line 95
[03-Jun-2026 13:10:09 UTC] PHP Warning:  Undefined array key "version" in /home/alamstor/public_html/wp-content/plugins/elementor/core/page-assets/loader.php on line 95
[03-Jun-2026 13:10:09 UTC] PHP Warning:  Undefined array key "src" in /home/alamstor/public_html/wp-content/plugins/elementor/core/page-assets/loader.php on line 95
[03-Jun-2026 13:10:09 UTC] PHP Warning:  Undefined array key "dependencies" in /home/alamstor/public_html/wp-content/plugins/elementor/core/page-assets/loader.php on line 95
[03-Jun-2026 13:10:09 UTC] PHP Warning:  Undefined array key "version" in /home/alamstor/public_html/wp-content/plugins/elementor/core/page-assets/loader.php on line 95
[03-Jun-2026 13:18:02 UTC] PHP Warning:  Undefined array key "src" in /home/alamstor/public_html/wp-content/plugins/elementor/core/page-assets/loader.php on line 95
[03-Jun-2026 13:18:02 UTC] PHP Warning:  Undefined array key "dependencies" in /home/alamstor/public_html/wp-content/plugins/elementor/core/page-assets/loader.php on line 95
[03-Jun-2026 13:18:02 UTC] PHP Warning:  Undefined array key "version" in /home/alamstor/public_html/wp-content/plugins/elementor/core/page-assets/loader.php on line 95
[03-Jun-2026 13:18:02 UTC] PHP Warning:  Undefined array key "src" in /home/alamstor/public_html/wp-content/plugins/elementor/core/page-assets/loader.php on line 95
[03-Jun-2026 13:18:02 UTC] PHP Warning:  Undefined array key "dependencies" in /home/alamstor/public_html/wp-content/plugins/elementor/core/page-assets/loader.php on line 95
[03-Jun-2026 13:18:02 UTC] PHP Warning:  Undefined array key "version" in /home/alamstor/public_html/wp-content/plugins/elementor/core/page-assets/loader.php on line 95
[03-Jun-2026 13:18:33 UTC] PHP Warning:  Undefined array key "src" in /home/alamstor/public_html/wp-content/plugins/elementor/core/page-assets/loader.php on line 95
[03-Jun-2026 13:18:33 UTC] PHP Warning:  Undefined array key "dependencies" in /home/alamstor/public_html/wp-content/plugins/elementor/core/page-assets/loader.php on line 95
[03-Jun-2026 13:18:33 UTC] PHP Warning:  Undefined array key "version" in /home/alamstor/public_html/wp-content/plugins/elementor/core/page-assets/loader.php on line 95
[03-Jun-2026 13:18:33 UTC] PHP Warning:  Undefined array key "src" in /home/alamstor/public_html/wp-content/plugins/elementor/core/page-assets/loader.php on line 95
[03-Jun-2026 13:18:33 UTC] PHP Warning:  Undefined array key "dependencies" in /home/alamstor/public_html/wp-content/plugins/elementor/core/page-assets/loader.php on line 95
[03-Jun-2026 13:18:33 UTC] PHP Warning:  Undefined array key "version" in /home/alamstor/public_html/wp-content/plugins/elementor/core/page-assets/loader.php on line 95
[03-Jun-2026 13:18:36 UTC] PHP Warning:  Undefined array key "src" in /home/alamstor/public_html/wp-content/plugins/elementor/core/page-assets/loader.php on line 95
[03-Jun-2026 13:18:36 UTC] PHP Warning:  Undefined array key "dependencies" in /home/alamstor/public_html/wp-content/plugins/elementor/core/page-assets/loader.php on line 95
[03-Jun-2026 13:18:36 UTC] PHP Warning:  Undefined array key "version" in /home/alamstor/public_html/wp-content/plugins/elementor/core/page-assets/loader.php on line 95
[03-Jun-2026 13:18:36 UTC] PHP Warning:  Undefined array key "src" in /home/alamstor/public_html/wp-content/plugins/elementor/core/page-assets/loader.php on line 95
[03-Jun-2026 13:18:36 UTC] PHP Warning:  Undefined array key "dependencies" in /home/alamstor/public_html/wp-content/plugins/elementor/core/page-assets/loader.php on line 95
[03-Jun-2026 13:18:36 UTC] PHP Warning:  Undefined array key "version" in /home/alamstor/public_html/wp-content/plugins/elementor/core/page-assets/loader.php on line 95
[03-Jun-2026 13:20:35 UTC] PHP Warning:  Undefined array key "src" in /home/alamstor/public_html/wp-content/plugins/elementor/core/page-assets/loader.php on line 95
[03-Jun-2026 13:20:35 UTC] PHP Warning:  Undefined array key "dependencies" in /home/alamstor/public_html/wp-content/plugins/elementor/core/page-assets/loader.php on line 95
[03-Jun-2026 13:20:35 UTC] PHP Warning:  Undefined array key "version" in /home/alamstor/public_html/wp-content/plugins/elementor/core/page-assets/loader.php on line 95
[03-Jun-2026 13:20:35 UTC] PHP Warning:  Undefined array key "src" in /home/alamstor/public_html/wp-content/plugins/elementor/core/page-assets/loader.php on line 95
[03-Jun-2026 13:20:35 UTC] PHP Warning:  Undefined array key "dependencies" in /home/alamstor/public_html/wp-content/plugins/elementor/core/page-assets/loader.php on line 95
[03-Jun-2026 13:20:35 UTC] PHP Warning:  Undefined array key "version" in /home/alamstor/public_html/wp-content/plugins/elementor/core/page-assets/loader.php on line 95
[03-Jun-2026 13:21:47 UTC] PHP Warning:  Undefined array key "src" in /home/alamstor/public_html/wp-content/plugins/elementor/core/page-assets/loader.php on line 95
[03-Jun-2026 13:21:47 UTC] PHP Warning:  Undefined array key "dependencies" in /home/alamstor/public_html/wp-content/plugins/elementor/core/page-assets/loader.php on line 95
[03-Jun-2026 13:21:47 UTC] PHP Warning:  Undefined array key "version" in /home/alamstor/public_html/wp-content/plugins/elementor/core/page-assets/loader.php on line 95
[03-Jun-2026 13:21:47 UTC] PHP Warning:  Undefined array key "src" in /home/alamstor/public_html/wp-content/plugins/elementor/core/page-assets/loader.php on line 95
[03-Jun-2026 13:21:47 UTC] PHP Warning:  Undefined array key "dependencies" in /home/alamstor/public_html/wp-content/plugins/elementor/core/page-assets/loader.php on line 95
[03-Jun-2026 13:21:47 UTC] PHP Warning:  Undefined array key "version" in /home/alamstor/public_html/wp-content/plugins/elementor/core/page-assets/loader.php on line 95
[03-Jun-2026 13:21:51 UTC] PHP Warning:  Undefined array key "src" in /home/alamstor/public_html/wp-content/plugins/elementor/core/page-assets/loader.php on line 95
[03-Jun-2026 13:21:51 UTC] PHP Warning:  Undefined array key "dependencies" in /home/alamstor/public_html/wp-content/plugins/elementor/core/page-assets/loader.php on line 95
[03-Jun-2026 13:21:51 UTC] PHP Warning:  Undefined array key "version" in /home/alamstor/public_html/wp-content/plugins/elementor/core/page-assets/loader.php on line 95
[03-Jun-2026 13:21:51 UTC] PHP Warning:  Undefined array key "src" in /home/alamstor/public_html/wp-content/plugins/elementor/core/page-assets/loader.php on line 95
[03-Jun-2026 13:21:51 UTC] PHP Warning:  Undefined array key "dependencies" in /home/alamstor/public_html/wp-content/plugins/elementor/core/page-assets/loader.php on line 95
[03-Jun-2026 13:21:51 UTC] PHP Warning:  Undefined array key "version" in /home/alamstor/public_html/wp-content/plugins/elementor/core/page-assets/loader.php on line 95
[03-Jun-2026 13:21:57 UTC] PHP Warning:  Undefined array key "src" in /home/alamstor/public_html/wp-content/plugins/elementor/core/page-assets/loader.php on line 95
[03-Jun-2026 13:21:57 UTC] PHP Warning:  Undefined array key "dependencies" in /home/alamstor/public_html/wp-content/plugins/elementor/core/page-assets/loader.php on line 95
[03-Jun-2026 13:21:57 UTC] PHP Warning:  Undefined array key "version" in /home/alamstor/public_html/wp-content/plugins/elementor/core/page-assets/loader.php on line 95
[03-Jun-2026 13:21:57 UTC] PHP Warning:  Undefined array key "src" in /home/alamstor/public_html/wp-content/plugins/elementor/core/page-assets/loader.php on line 95
[03-Jun-2026 13:21:57 UTC] PHP Warning:  Undefined array key "dependencies" in /home/alamstor/public_html/wp-content/plugins/elementor/core/page-assets/loader.php on line 95
[03-Jun-2026 13:21:57 UTC] PHP Warning:  Undefined array key "version" in /home/alamstor/public_html/wp-content/plugins/elementor/core/page-assets/loader.php on line 95
[03-Jun-2026 13:22:08 UTC] PHP Warning:  Undefined array key "src" in /home/alamstor/public_html/wp-content/plugins/elementor/core/page-assets/loader.php on line 95
[03-Jun-2026 13:22:08 UTC] PHP Warning:  Undefined array key "dependencies" in /home/alamstor/public_html/wp-content/plugins/elementor/core/page-assets/loader.php on line 95
[03-Jun-2026 13:22:08 UTC] PHP Warning:  Undefined array key "version" in /home/alamstor/public_html/wp-content/plugins/elementor/core/page-assets/loader.php on line 95
[03-Jun-2026 13:22:08 UTC] PHP Warning:  Undefined array key "src" in /home/alamstor/public_html/wp-content/plugins/elementor/core/page-assets/loader.php on line 95
[03-Jun-2026 13:22:08 UTC] PHP Warning:  Undefined array key "dependencies" in /home/alamstor/public_html/wp-content/plugins/elementor/core/page-assets/loader.php on line 95
[03-Jun-2026 13:22:08 UTC] PHP Warning:  Undefined array key "version" in /home/alamstor/public_html/wp-content/plugins/elementor/core/page-assets/loader.php on line 95
[03-Jun-2026 13:22:19 UTC] PHP Warning:  Undefined array key "src" in /home/alamstor/public_html/wp-content/plugins/elementor/core/page-assets/loader.php on line 95
[03-Jun-2026 13:22:19 UTC] PHP Warning:  Undefined array key "dependencies" in /home/alamstor/public_html/wp-content/plugins/elementor/core/page-assets/loader.php on line 95
[03-Jun-2026 13:22:19 UTC] PHP Warning:  Undefined array key "version" in /home/alamstor/public_html/wp-content/plugins/elementor/core/page-assets/loader.php on line 95
[03-Jun-2026 13:22:19 UTC] PHP Warning:  Undefined array key "src" in /home/alamstor/public_html/wp-content/plugins/elementor/core/page-assets/loader.php on line 95
[03-Jun-2026 13:22:19 UTC] PHP Warning:  Undefined array key "dependencies" in /home/alamstor/public_html/wp-content/plugins/elementor/core/page-assets/loader.php on line 95
[03-Jun-2026 13:22:19 UTC] PHP Warning:  Undefined array key "version" in /home/alamstor/public_html/wp-content/plugins/elementor/core/page-assets/loader.php on line 95
[03-Jun-2026 13:22:41 UTC] PHP Warning:  Undefined array key "src" in /home/alamstor/public_html/wp-content/plugins/elementor/core/page-assets/loader.php on line 95
[03-Jun-2026 13:22:41 UTC] PHP Warning:  Undefined array key "dependencies" in /home/alamstor/public_html/wp-content/plugins/elementor/core/page-assets/loader.php on line 95
[03-Jun-2026 13:22:41 UTC] PHP Warning:  Undefined array key "version" in /home/alamstor/public_html/wp-content/plugins/elementor/core/page-assets/loader.php on line 95
[03-Jun-2026 13:22:41 UTC] PHP Warning:  Undefined array key "src" in /home/alamstor/public_html/wp-content/plugins/elementor/core/page-assets/loader.php on line 95
[03-Jun-2026 13:22:41 UTC] PHP Warning:  Undefined array key "dependencies" in /home/alamstor/public_html/wp-content/plugins/elementor/core/page-assets/loader.php on line 95
[03-Jun-2026 13:22:41 UTC] PHP Warning:  Undefined array key "version" in /home/alamstor/public_html/wp-content/plugins/elementor/core/page-assets/loader.php on line 95
[03-Jun-2026 13:23:08 UTC] PHP Warning:  Undefined array key "src" in /home/alamstor/public_html/wp-content/plugins/elementor/core/page-assets/loader.php on line 95
[03-Jun-2026 13:23:08 UTC] PHP Warning:  Undefined array key "dependencies" in /home/alamstor/public_html/wp-content/plugins/elementor/core/page-assets/loader.php on line 95
[03-Jun-2026 13:23:08 UTC] PHP Warning:  Undefined array key "version" in /home/alamstor/public_html/wp-content/plugins/elementor/core/page-assets/loader.php on line 95
[03-Jun-2026 13:23:08 UTC] PHP Warning:  Undefined array key "src" in /home/alamstor/public_html/wp-content/plugins/elementor/core/page-assets/loader.php on line 95
[03-Jun-2026 13:23:08 UTC] PHP Warning:  Undefined array key "dependencies" in /home/alamstor/public_html/wp-content/plugins/elementor/core/page-assets/loader.php on line 95
[03-Jun-2026 13:23:08 UTC] PHP Warning:  Undefined array key "version" in /home/alamstor/public_html/wp-content/plugins/elementor/core/page-assets/loader.php on line 95
[03-Jun-2026 13:30:57 UTC] PHP Warning:  Undefined array key "src" in /home/alamstor/public_html/wp-content/plugins/elementor/core/page-assets/loader.php on line 95
[03-Jun-2026 13:30:57 UTC] PHP Warning:  Undefined array key "dependencies" in /home/alamstor/public_html/wp-content/plugins/elementor/core/page-assets/loader.php on line 95
[03-Jun-2026 13:30:57 UTC] PHP Warning:  Undefined array key "version" in /home/alamstor/public_html/wp-content/plugins/elementor/core/page-assets/loader.php on line 95
[03-Jun-2026 13:30:57 UTC] PHP Warning:  Undefined array key "src" in /home/alamstor/public_html/wp-content/plugins/elementor/core/page-assets/loader.php on line 95
[03-Jun-2026 13:30:57 UTC] PHP Warning:  Undefined array key "dependencies" in /home/alamstor/public_html/wp-content/plugins/elementor/core/page-assets/loader.php on line 95
[03-Jun-2026 13:30:57 UTC] PHP Warning:  Undefined array key "version" in /home/alamstor/public_html/wp-content/plugins/elementor/core/page-assets/loader.php on line 95
[03-Jun-2026 13:31:37 UTC] PHP Warning:  Undefined array key "src" in /home/alamstor/public_html/wp-content/plugins/elementor/core/page-assets/loader.php on line 95
[03-Jun-2026 13:31:37 UTC] PHP Warning:  Undefined array key "dependencies" in /home/alamstor/public_html/wp-content/plugins/elementor/core/page-assets/loader.php on line 95
[03-Jun-2026 13:31:37 UTC] PHP Warning:  Undefined array key "version" in /home/alamstor/public_html/wp-content/plugins/elementor/core/page-assets/loader.php on line 95
[03-Jun-2026 13:31:37 UTC] PHP Warning:  Undefined array key "src" in /home/alamstor/public_html/wp-content/plugins/elementor/core/page-assets/loader.php on line 95
[03-Jun-2026 13:31:37 UTC] PHP Warning:  Undefined array key "dependencies" in /home/alamstor/public_html/wp-content/plugins/elementor/core/page-assets/loader.php on line 95
[03-Jun-2026 13:31:37 UTC] PHP Warning:  Undefined array key "version" in /home/alamstor/public_html/wp-content/plugins/elementor/core/page-assets/loader.php on line 95
[03-Jun-2026 13:31:38 UTC] PHP Warning:  Undefined array key "src" in /home/alamstor/public_html/wp-content/plugins/elementor/core/page-assets/loader.php on line 95
[03-Jun-2026 13:31:38 UTC] PHP Warning:  Undefined array key "dependencies" in /home/alamstor/public_html/wp-content/plugins/elementor/core/page-assets/loader.php on line 95
[03-Jun-2026 13:31:38 UTC] PHP Warning:  Undefined array key "version" in /home/alamstor/public_html/wp-content/plugins/elementor/core/page-assets/loader.php on line 95
[03-Jun-2026 13:31:38 UTC] PHP Warning:  Undefined array key "src" in /home/alamstor/public_html/wp-content/plugins/elementor/core/page-assets/loader.php on line 95
[03-Jun-2026 13:31:38 UTC] PHP Warning:  Undefined array key "dependencies" in /home/alamstor/public_html/wp-content/plugins/elementor/core/page-assets/loader.php on line 95
[03-Jun-2026 13:31:38 UTC] PHP Warning:  Undefined array key "version" in /home/alamstor/public_html/wp-content/plugins/elementor/core/page-assets/loader.php on line 95
[03-Jun-2026 13:35:09 UTC] PHP Warning:  Undefined array key "src" in /home/alamstor/public_html/wp-content/plugins/elementor/core/page-assets/loader.php on line 95
[03-Jun-2026 13:35:09 UTC] PHP Warning:  Undefined array key "dependencies" in /home/alamstor/public_html/wp-content/plugins/elementor/core/page-assets/loader.php on line 95
[03-Jun-2026 13:35:09 UTC] PHP Warning:  Undefined array key "version" in /home/alamstor/public_html/wp-content/plugins/elementor/core/page-assets/loader.php on line 95
[03-Jun-2026 13:35:09 UTC] PHP Warning:  Undefined array key "src" in /home/alamstor/public_html/wp-content/plugins/elementor/core/page-assets/loader.php on line 95
[03-Jun-2026 13:35:09 UTC] PHP Warning:  Undefined array key "dependencies" in /home/alamstor/public_html/wp-content/plugins/elementor/core/page-assets/loader.php on line 95
[03-Jun-2026 13:35:09 UTC] PHP Warning:  Undefined array key "version" in /home/alamstor/public_html/wp-content/plugins/elementor/core/page-assets/loader.php on line 95
[03-Jun-2026 13:45:20 UTC] PHP Warning:  Undefined array key "src" in /home/alamstor/public_html/wp-content/plugins/elementor/core/page-assets/loader.php on line 95
[03-Jun-2026 13:45:20 UTC] PHP Warning:  Undefined array key "dependencies" in /home/alamstor/public_html/wp-content/plugins/elementor/core/page-assets/loader.php on line 95
[03-Jun-2026 13:45:20 UTC] PHP Warning:  Undefined array key "version" in /home/alamstor/public_html/wp-content/plugins/elementor/core/page-assets/loader.php on line 95
[03-Jun-2026 13:45:20 UTC] PHP Warning:  Undefined array key "src" in /home/alamstor/public_html/wp-content/plugins/elementor/core/page-assets/loader.php on line 95
[03-Jun-2026 13:45:20 UTC] PHP Warning:  Undefined array key "dependencies" in /home/alamstor/public_html/wp-content/plugins/elementor/core/page-assets/loader.php on line 95
[03-Jun-2026 13:45:20 UTC] PHP Warning:  Undefined array key "version" in /home/alamstor/public_html/wp-content/plugins/elementor/core/page-assets/loader.php on line 95
[03-Jun-2026 13:45:21 UTC] PHP Warning:  Undefined array key "src" in /home/alamstor/public_html/wp-content/plugins/elementor/core/page-assets/loader.php on line 95
[03-Jun-2026 13:45:21 UTC] PHP Warning:  Undefined array key "dependencies" in /home/alamstor/public_html/wp-content/plugins/elementor/core/page-assets/loader.php on line 95
[03-Jun-2026 13:45:21 UTC] PHP Warning:  Undefined array key "version" in /home/alamstor/public_html/wp-content/plugins/elementor/core/page-assets/loader.php on line 95
[03-Jun-2026 13:45:21 UTC] PHP Warning:  Undefined array key "src" in /home/alamstor/public_html/wp-content/plugins/elementor/core/page-assets/loader.php on line 95
[03-Jun-2026 13:45:21 UTC] PHP Warning:  Undefined array key "dependencies" in /home/alamstor/public_html/wp-content/plugins/elementor/core/page-assets/loader.php on line 95
[03-Jun-2026 13:45:21 UTC] PHP Warning:  Undefined array key "version" in /home/alamstor/public_html/wp-content/plugins/elementor/core/page-assets/loader.php on line 95
[03-Jun-2026 13:51:53 UTC] PHP Warning:  Undefined array key "src" in /home/alamstor/public_html/wp-content/plugins/elementor/core/page-assets/loader.php on line 95
[03-Jun-2026 13:51:53 UTC] PHP Warning:  Undefined array key "dependencies" in /home/alamstor/public_html/wp-content/plugins/elementor/core/page-assets/loader.php on line 95
[03-Jun-2026 13:51:53 UTC] PHP Warning:  Undefined array key "version" in /home/alamstor/public_html/wp-content/plugins/elementor/core/page-assets/loader.php on line 95
[03-Jun-2026 13:51:53 UTC] PHP Warning:  Undefined array key "src" in /home/alamstor/public_html/wp-content/plugins/elementor/core/page-assets/loader.php on line 95
[03-Jun-2026 13:51:53 UTC] PHP Warning:  Undefined array key "dependencies" in /home/alamstor/public_html/wp-content/plugins/elementor/core/page-assets/loader.php on line 95
[03-Jun-2026 13:51:53 UTC] PHP Warning:  Undefined array key "version" in /home/alamstor/public_html/wp-content/plugins/elementor/core/page-assets/loader.php on line 95
[03-Jun-2026 13:53:26 UTC] PHP Warning:  Undefined array key "src" in /home/alamstor/public_html/wp-content/plugins/elementor/core/page-assets/loader.php on line 95
[03-Jun-2026 13:53:26 UTC] PHP Warning:  Undefined array key "dependencies" in /home/alamstor/public_html/wp-content/plugins/elementor/core/page-assets/loader.php on line 95
[03-Jun-2026 13:53:26 UTC] PHP Warning:  Undefined array key "version" in /home/alamstor/public_html/wp-content/plugins/elementor/core/page-assets/loader.php on line 95
[03-Jun-2026 13:53:26 UTC] PHP Warning:  Undefined array key "src" in /home/alamstor/public_html/wp-content/plugins/elementor/core/page-assets/loader.php on line 95
[03-Jun-2026 13:53:26 UTC] PHP Warning:  Undefined array key "dependencies" in /home/alamstor/public_html/wp-content/plugins/elementor/core/page-assets/loader.php on line 95
[03-Jun-2026 13:53:26 UTC] PHP Warning:  Undefined array key "version" in /home/alamstor/public_html/wp-content/plugins/elementor/core/page-assets/loader.php on line 95
[03-Jun-2026 13:53:36 UTC] PHP Warning:  Undefined array key "src" in /home/alamstor/public_html/wp-content/plugins/elementor/core/page-assets/loader.php on line 95
[03-Jun-2026 13:53:36 UTC] PHP Warning:  Undefined array key "dependencies" in /home/alamstor/public_html/wp-content/plugins/elementor/core/page-assets/loader.php on line 95
[03-Jun-2026 13:53:36 UTC] PHP Warning:  Undefined array key "version" in /home/alamstor/public_html/wp-content/plugins/elementor/core/page-assets/loader.php on line 95
[03-Jun-2026 13:53:36 UTC] PHP Warning:  Undefined array key "src" in /home/alamstor/public_html/wp-content/plugins/elementor/core/page-assets/loader.php on line 95
[03-Jun-2026 13:53:36 UTC] PHP Warning:  Undefined array key "dependencies" in /home/alamstor/public_html/wp-content/plugins/elementor/core/page-assets/loader.php on line 95
[03-Jun-2026 13:53:36 UTC] PHP Warning:  Undefined array key "version" in /home/alamstor/public_html/wp-content/plugins/elementor/core/page-assets/loader.php on line 95
[03-Jun-2026 13:53:52 UTC] PHP Warning:  Undefined array key "src" in /home/alamstor/public_html/wp-content/plugins/elementor/core/page-assets/loader.php on line 95
[03-Jun-2026 13:53:52 UTC] PHP Warning:  Undefined array key "dependencies" in /home/alamstor/public_html/wp-content/plugins/elementor/core/page-assets/loader.php on line 95
[03-Jun-2026 13:53:52 UTC] PHP Warning:  Undefined array key "version" in /home/alamstor/public_html/wp-content/plugins/elementor/core/page-assets/loader.php on line 95
[03-Jun-2026 13:53:52 UTC] PHP Warning:  Undefined array key "src" in /home/alamstor/public_html/wp-content/plugins/elementor/core/page-assets/loader.php on line 95
[03-Jun-2026 13:53:52 UTC] PHP Warning:  Undefined array key "dependencies" in /home/alamstor/public_html/wp-content/plugins/elementor/core/page-assets/loader.php on line 95
[03-Jun-2026 13:53:52 UTC] PHP Warning:  Undefined array key "version" in /home/alamstor/public_html/wp-content/plugins/elementor/core/page-assets/loader.php on line 95
[03-Jun-2026 13:53:53 UTC] PHP Warning:  Undefined array key "src" in /home/alamstor/public_html/wp-content/plugins/elementor/core/page-assets/loader.php on line 95
[03-Jun-2026 13:53:53 UTC] PHP Warning:  Undefined array key "dependencies" in /home/alamstor/public_html/wp-content/plugins/elementor/core/page-assets/loader.php on line 95
[03-Jun-2026 13:53:53 UTC] PHP Warning:  Undefined array key "version" in /home/alamstor/public_html/wp-content/plugins/elementor/core/page-assets/loader.php on line 95
[03-Jun-2026 13:53:53 UTC] PHP Warning:  Undefined array key "src" in /home/alamstor/public_html/wp-content/plugins/elementor/core/page-assets/loader.php on line 95
[03-Jun-2026 13:53:53 UTC] PHP Warning:  Undefined array key "dependencies" in /home/alamstor/public_html/wp-content/plugins/elementor/core/page-assets/loader.php on line 95
[03-Jun-2026 13:53:53 UTC] PHP Warning:  Undefined array key "version" in /home/alamstor/public_html/wp-content/plugins/elementor/core/page-assets/loader.php on line 95
[03-Jun-2026 14:14:14 UTC] PHP Warning:  Undefined array key "src" in /home/alamstor/public_html/wp-content/plugins/elementor/core/page-assets/loader.php on line 95
[03-Jun-2026 14:14:14 UTC] PHP Warning:  Undefined array key "dependencies" in /home/alamstor/public_html/wp-content/plugins/elementor/core/page-assets/loader.php on line 95
[03-Jun-2026 14:14:14 UTC] PHP Warning:  Undefined array key "version" in /home/alamstor/public_html/wp-content/plugins/elementor/core/page-assets/loader.php on line 95
[03-Jun-2026 14:14:14 UTC] PHP Warning:  Undefined array key "src" in /home/alamstor/public_html/wp-content/plugins/elementor/core/page-assets/loader.php on line 95
[03-Jun-2026 14:14:14 UTC] PHP Warning:  Undefined array key "dependencies" in /home/alamstor/public_html/wp-content/plugins/elementor/core/page-assets/loader.php on line 95
[03-Jun-2026 14:14:14 UTC] PHP Warning:  Undefined array key "version" in /home/alamstor/public_html/wp-content/plugins/elementor/core/page-assets/loader.php on line 95
[03-Jun-2026 14:14:18 UTC] Automatic updates starting...
[03-Jun-2026 14:14:18 UTC]   Automatic plugin updates starting...
[03-Jun-2026 14:14:18 UTC]   Automatic plugin updates complete.
[03-Jun-2026 14:14:18 UTC]   Automatic theme updates starting...
[03-Jun-2026 14:14:18 UTC]   Automatic theme updates complete.
[03-Jun-2026 14:14:18 UTC] Automatic updates complete.
[03-Jun-2026 14:22:47 UTC] PHP Warning:  Undefined array key "src" in /home/alamstor/public_html/wp-content/plugins/elementor/core/page-assets/loader.php on line 95
[03-Jun-2026 14:22:47 UTC] PHP Warning:  Undefined array key "dependencies" in /home/alamstor/public_html/wp-content/plugins/elementor/core/page-assets/loader.php on line 95
[03-Jun-2026 14:22:47 UTC] PHP Warning:  Undefined array key "version" in /home/alamstor/public_html/wp-content/plugins/elementor/core/page-assets/loader.php on line 95
[03-Jun-2026 14:22:47 UTC] PHP Warning:  Undefined array key "src" in /home/alamstor/public_html/wp-content/plugins/elementor/core/page-assets/loader.php on line 95
[03-Jun-2026 14:22:47 UTC] PHP Warning:  Undefined array key "dependencies" in /home/alamstor/public_html/wp-content/plugins/elementor/core/page-assets/loader.php on line 95
[03-Jun-2026 14:22:47 UTC] PHP Warning:  Undefined array key "version" in /home/alamstor/public_html/wp-content/plugins/elementor/core/page-assets/loader.php on line 95
[03-Jun-2026 14:22:48 UTC] PHP Warning:  Undefined array key "src" in /home/alamstor/public_html/wp-content/plugins/elementor/core/page-assets/loader.php on line 95
[03-Jun-2026 14:22:48 UTC] PHP Warning:  Undefined array key "dependencies" in /home/alamstor/public_html/wp-content/plugins/elementor/core/page-assets/loader.php on line 95
[03-Jun-2026 14:22:48 UTC] PHP Warning:  Undefined array key "version" in /home/alamstor/public_html/wp-content/plugins/elementor/core/page-assets/loader.php on line 95
[03-Jun-2026 14:22:48 UTC] PHP Warning:  Undefined array key "src" in /home/alamstor/public_html/wp-content/plugins/elementor/core/page-assets/loader.php on line 95
[03-Jun-2026 14:22:48 UTC] PHP Warning:  Undefined array key "dependencies" in /home/alamstor/public_html/wp-content/plugins/elementor/core/page-assets/loader.php on line 95
[03-Jun-2026 14:22:48 UTC] PHP Warning:  Undefined array key "version" in /home/alamstor/public_html/wp-content/plugins/elementor/core/page-assets/loader.php on line 95
[03-Jun-2026 14:45:29 UTC] WordPress database error Commands out of sync; you can't run this command now for query SELECT option_name, option_value FROM wpnq_options WHERE option_name IN ('_transient_doing_cron','_transient_timeout_doing_cron') made by shutdown_action_hook, do_action('shutdown'), WP_Hook->do_action, WP_Hook->apply_filters, _wp_cron, spawn_cron, get_transient, wp_prime_option_caches
[03-Jun-2026 14:45:29 UTC] WordPress database error Commands out of sync; you can't run this command now for query INSERT INTO `wpnq_options` (`option_name`, `option_value`, `autoload`) VALUES ('_transient_doing_cron', '1780497929.1315500736236572265625', 'on') ON DUPLICATE KEY UPDATE `option_name` = VALUES(`option_name`), `option_value` = VALUES(`option_value`), `autoload` = VALUES(`autoload`) made by shutdown_action_hook, do_action('shutdown'), WP_Hook->do_action, WP_Hook->apply_filters, _wp_cron, spawn_cron, set_transient, add_option
[03-Jun-2026 14:45:29 UTC] WordPress database error Commands out of sync; you can't run this command now for query SELECT option_value FROM wpnq_options WHERE option_name = 'jpsq_sync_checkout' made by shutdown_action_hook, do_action('shutdown'), WP_Hook->do_action, WP_Hook->apply_filters, Automattic\Jetpack\Sync\Sender->do_sync, Automattic\Jetpack\Sync\Dedicated_Sender::spawn_sync, Automattic\Jetpack\Sync\Queue->is_locked, Automattic\Jetpack\Sync\Queue->get_checkout_id
[03-Jun-2026 14:45:29 UTC] WordPress database error Commands out of sync; you can't run this command now for query SELECT COUNT(*) FROM wpnq_jetpack_sync_queue WHERE queue_id = 'sync' made by shutdown_action_hook, do_action('shutdown'), WP_Hook->do_action, WP_Hook->apply_filters, Automattic\Jetpack\Sync\Sender->do_sync, Automattic\Jetpack\Sync\Dedicated_Sender::spawn_sync, Automattic\Jetpack\Sync\Queue->size, Automattic\Jetpack\Sync\Queue\Queue_Storage_Table->get_item_count
[03-Jun-2026 14:45:31 UTC] PHP Warning:  Undefined array key "src" in /home/alamstor/public_html/wp-content/plugins/elementor/core/page-assets/loader.php on line 95
[03-Jun-2026 14:45:31 UTC] PHP Warning:  Undefined array key "dependencies" in /home/alamstor/public_html/wp-content/plugins/elementor/core/page-assets/loader.php on line 95
[03-Jun-2026 14:45:31 UTC] PHP Warning:  Undefined array key "version" in /home/alamstor/public_html/wp-content/plugins/elementor/core/page-assets/loader.php on line 95
[03-Jun-2026 14:45:31 UTC] PHP Warning:  Undefined array key "src" in /home/alamstor/public_html/wp-content/plugins/elementor/core/page-assets/loader.php on line 95
[03-Jun-2026 14:45:31 UTC] PHP Warning:  Undefined array key "dependencies" in /home/alamstor/public_html/wp-content/plugins/elementor/core/page-assets/loader.php on line 95
[03-Jun-2026 14:45:31 UTC] PHP Warning:  Undefined array key "version" in /home/alamstor/public_html/wp-content/plugins/elementor/core/page-assets/loader.php on line 95
[03-Jun-2026 14:46:09 UTC] PHP Warning:  Undefined array key "src" in /home/alamstor/public_html/wp-content/plugins/elementor/core/page-assets/loader.php on line 95
[03-Jun-2026 14:46:09 UTC] PHP Warning:  Undefined array key "dependencies" in /home/alamstor/public_html/wp-content/plugins/elementor/core/page-assets/loader.php on line 95
[03-Jun-2026 14:46:09 UTC] PHP Warning:  Undefined array key "version" in /home/alamstor/public_html/wp-content/plugins/elementor/core/page-assets/loader.php on line 95
[03-Jun-2026 14:46:09 UTC] PHP Warning:  Undefined array key "src" in /home/alamstor/public_html/wp-content/plugins/elementor/core/page-assets/loader.php on line 95
[03-Jun-2026 14:46:09 UTC] PHP Warning:  Undefined array key "dependencies" in /home/alamstor/public_html/wp-content/plugins/elementor/core/page-assets/loader.php on line 95
[03-Jun-2026 14:46:09 UTC] PHP Warning:  Undefined array key "version" in /home/alamstor/public_html/wp-content/plugins/elementor/core/page-assets/loader.php on line 95
[03-Jun-2026 14:49:27 UTC] PHP Warning:  Undefined array key "src" in /home/alamstor/public_html/wp-content/plugins/elementor/core/page-assets/loader.php on line 95
[03-Jun-2026 14:49:27 UTC] PHP Warning:  Undefined array key "dependencies" in /home/alamstor/public_html/wp-content/plugins/elementor/core/page-assets/loader.php on line 95
[03-Jun-2026 14:49:27 UTC] PHP Warning:  Undefined array key "version" in /home/alamstor/public_html/wp-content/plugins/elementor/core/page-assets/loader.php on line 95
[03-Jun-2026 14:49:27 UTC] PHP Warning:  Undefined array key "src" in /home/alamstor/public_html/wp-content/plugins/elementor/core/page-assets/loader.php on line 95
[03-Jun-2026 14:49:27 UTC] PHP Warning:  Undefined array key "dependencies" in /home/alamstor/public_html/wp-content/plugins/elementor/core/page-assets/loader.php on line 95
[03-Jun-2026 14:49:27 UTC] PHP Warning:  Undefined array key "version" in /home/alamstor/public_html/wp-content/plugins/elementor/core/page-assets/loader.php on line 95
[03-Jun-2026 14:49:31 UTC] PHP Warning:  Undefined array key "src" in /home/alamstor/public_html/wp-content/plugins/elementor/core/page-assets/loader.php on line 95
[03-Jun-2026 14:49:31 UTC] PHP Warning:  Undefined array key "dependencies" in /home/alamstor/public_html/wp-content/plugins/elementor/core/page-assets/loader.php on line 95
[03-Jun-2026 14:49:31 UTC] PHP Warning:  Undefined array key "version" in /home/alamstor/public_html/wp-content/plugins/elementor/core/page-assets/loader.php on line 95
[03-Jun-2026 14:49:31 UTC] PHP Warning:  Undefined array key "src" in /home/alamstor/public_html/wp-content/plugins/elementor/core/page-assets/loader.php on line 95
[03-Jun-2026 14:49:31 UTC] PHP Warning:  Undefined array key "dependencies" in /home/alamstor/public_html/wp-content/plugins/elementor/core/page-assets/loader.php on line 95
[03-Jun-2026 14:49:31 UTC] PHP Warning:  Undefined array key "version" in /home/alamstor/public_html/wp-content/plugins/elementor/core/page-assets/loader.php on line 95
[03-Jun-2026 15:11:22 UTC] PHP Warning:  Undefined array key "src" in /home/alamstor/public_html/wp-content/plugins/elementor/core/page-assets/loader.php on line 95
[03-Jun-2026 15:11:22 UTC] PHP Warning:  Undefined array key "dependencies" in /home/alamstor/public_html/wp-content/plugins/elementor/core/page-assets/loader.php on line 95
[03-Jun-2026 15:11:22 UTC] PHP Warning:  Undefined array key "version" in /home/alamstor/public_html/wp-content/plugins/elementor/core/page-assets/loader.php on line 95
[03-Jun-2026 15:11:22 UTC] PHP Warning:  Undefined array key "src" in /home/alamstor/public_html/wp-content/plugins/elementor/core/page-assets/loader.php on line 95
[03-Jun-2026 15:11:22 UTC] PHP Warning:  Undefined array key "dependencies" in /home/alamstor/public_html/wp-content/plugins/elementor/core/page-assets/loader.php on line 95
[03-Jun-2026 15:11:22 UTC] PHP Warning:  Undefined array key "version" in /home/alamstor/public_html/wp-content/plugins/elementor/core/page-assets/loader.php on line 95
[03-Jun-2026 15:12:04 UTC] PHP Warning:  Undefined array key "src" in /home/alamstor/public_html/wp-content/plugins/elementor/core/page-assets/loader.php on line 95
[03-Jun-2026 15:12:04 UTC] PHP Warning:  Undefined array key "dependencies" in /home/alamstor/public_html/wp-content/plugins/elementor/core/page-assets/loader.php on line 95
[03-Jun-2026 15:12:04 UTC] PHP Warning:  Undefined array key "version" in /home/alamstor/public_html/wp-content/plugins/elementor/core/page-assets/loader.php on line 95
[03-Jun-2026 15:12:04 UTC] PHP Warning:  Undefined array key "src" in /home/alamstor/public_html/wp-content/plugins/elementor/core/page-assets/loader.php on line 95
[03-Jun-2026 15:12:04 UTC] PHP Warning:  Undefined array key "dependencies" in /home/alamstor/public_html/wp-content/plugins/elementor/core/page-assets/loader.php on line 95
[03-Jun-2026 15:12:04 UTC] PHP Warning:  Undefined array key "version" in /home/alamstor/public_html/wp-content/plugins/elementor/core/page-assets/loader.php on line 95
[03-Jun-2026 15:12:09 UTC] PHP Warning:  Undefined array key "src" in /home/alamstor/public_html/wp-content/plugins/elementor/core/page-assets/loader.php on line 95
[03-Jun-2026 15:12:09 UTC] PHP Warning:  Undefined array key "dependencies" in /home/alamstor/public_html/wp-content/plugins/elementor/core/page-assets/loader.php on line 95
[03-Jun-2026 15:12:09 UTC] PHP Warning:  Undefined array key "version" in /home/alamstor/public_html/wp-content/plugins/elementor/core/page-assets/loader.php on line 95
[03-Jun-2026 15:12:09 UTC] PHP Warning:  Undefined array key "src" in /home/alamstor/public_html/wp-content/plugins/elementor/core/page-assets/loader.php on line 95
[03-Jun-2026 15:12:09 UTC] PHP Warning:  Undefined array key "dependencies" in /home/alamstor/public_html/wp-content/plugins/elementor/core/page-assets/loader.php on line 95
[03-Jun-2026 15:12:09 UTC] PHP Warning:  Undefined array key "version" in /home/alamstor/public_html/wp-content/plugins/elementor/core/page-assets/loader.php on line 95
[03-Jun-2026 15:14:59 UTC] PHP Warning:  Undefined array key "src" in /home/alamstor/public_html/wp-content/plugins/elementor/core/page-assets/loader.php on line 95
[03-Jun-2026 15:14:59 UTC] PHP Warning:  Undefined array key "dependencies" in /home/alamstor/public_html/wp-content/plugins/elementor/core/page-assets/loader.php on line 95
[03-Jun-2026 15:14:59 UTC] PHP Warning:  Undefined array key "version" in /home/alamstor/public_html/wp-content/plugins/elementor/core/page-assets/loader.php on line 95
[03-Jun-2026 15:14:59 UTC] PHP Warning:  Undefined array key "src" in /home/alamstor/public_html/wp-content/plugins/elementor/core/page-assets/loader.php on line 95
[03-Jun-2026 15:14:59 UTC] PHP Warning:  Undefined array key "dependencies" in /home/alamstor/public_html/wp-content/plugins/elementor/core/page-assets/loader.php on line 95
[03-Jun-2026 15:14:59 UTC] PHP Warning:  Undefined array key "version" in /home/alamstor/public_html/wp-content/plugins/elementor/core/page-assets/loader.php on line 95
[03-Jun-2026 15:15:09 UTC] PHP Warning:  Undefined array key "src" in /home/alamstor/public_html/wp-content/plugins/elementor/core/page-assets/loader.php on line 95
[03-Jun-2026 15:15:09 UTC] PHP Warning:  Undefined array key "dependencies" in /home/alamstor/public_html/wp-content/plugins/elementor/core/page-assets/loader.php on line 95
[03-Jun-2026 15:15:09 UTC] PHP Warning:  Undefined array key "version" in /home/alamstor/public_html/wp-content/plugins/elementor/core/page-assets/loader.php on line 95
[03-Jun-2026 15:15:09 UTC] PHP Warning:  Undefined array key "src" in /home/alamstor/public_html/wp-content/plugins/elementor/core/page-assets/loader.php on line 95
[03-Jun-2026 15:15:09 UTC] PHP Warning:  Undefined array key "dependencies" in /home/alamstor/public_html/wp-content/plugins/elementor/core/page-assets/loader.php on line 95
[03-Jun-2026 15:15:09 UTC] PHP Warning:  Undefined array key "version" in /home/alamstor/public_html/wp-content/plugins/elementor/core/page-assets/loader.php on line 95
[03-Jun-2026 15:15:14 UTC] PHP Warning:  Undefined array key "src" in /home/alamstor/public_html/wp-content/plugins/elementor/core/page-assets/loader.php on line 95
[03-Jun-2026 15:15:14 UTC] PHP Warning:  Undefined array key "dependencies" in /home/alamstor/public_html/wp-content/plugins/elementor/core/page-assets/loader.php on line 95
[03-Jun-2026 15:15:14 UTC] PHP Warning:  Undefined array key "version" in /home/alamstor/public_html/wp-content/plugins/elementor/core/page-assets/loader.php on line 95
[03-Jun-2026 15:15:14 UTC] PHP Warning:  Undefined array key "src" in /home/alamstor/public_html/wp-content/plugins/elementor/core/page-assets/loader.php on line 95
[03-Jun-2026 15:15:14 UTC] PHP Warning:  Undefined array key "dependencies" in /home/alamstor/public_html/wp-content/plugins/elementor/core/page-assets/loader.php on line 95
[03-Jun-2026 15:15:14 UTC] PHP Warning:  Undefined array key "version" in /home/alamstor/public_html/wp-content/plugins/elementor/core/page-assets/loader.php on line 95
[03-Jun-2026 15:15:15 UTC] PHP Warning:  Undefined array key "src" in /home/alamstor/public_html/wp-content/plugins/elementor/core/page-assets/loader.php on line 95
[03-Jun-2026 15:15:15 UTC] PHP Warning:  Undefined array key "dependencies" in /home/alamstor/public_html/wp-content/plugins/elementor/core/page-assets/loader.php on line 95
[03-Jun-2026 15:15:15 UTC] PHP Warning:  Undefined array key "version" in /home/alamstor/public_html/wp-content/plugins/elementor/core/page-assets/loader.php on line 95
[03-Jun-2026 15:15:15 UTC] PHP Warning:  Undefined array key "src" in /home/alamstor/public_html/wp-content/plugins/elementor/core/page-assets/loader.php on line 95
[03-Jun-2026 15:15:15 UTC] PHP Warning:  Undefined array key "dependencies" in /home/alamstor/public_html/wp-content/plugins/elementor/core/page-assets/loader.php on line 95
[03-Jun-2026 15:15:15 UTC] PHP Warning:  Undefined array key "version" in /home/alamstor/public_html/wp-content/plugins/elementor/core/page-assets/loader.php on line 95
[03-Jun-2026 15:15:23 UTC] PHP Warning:  Undefined array key "src" in /home/alamstor/public_html/wp-content/plugins/elementor/core/page-assets/loader.php on line 95
[03-Jun-2026 15:15:23 UTC] PHP Warning:  Undefined array key "dependencies" in /home/alamstor/public_html/wp-content/plugins/elementor/core/page-assets/loader.php on line 95
[03-Jun-2026 15:15:23 UTC] PHP Warning:  Undefined array key "version" in /home/alamstor/public_html/wp-content/plugins/elementor/core/page-assets/loader.php on line 95
[03-Jun-2026 15:15:23 UTC] PHP Warning:  Undefined array key "src" in /home/alamstor/public_html/wp-content/plugins/elementor/core/page-assets/loader.php on line 95
[03-Jun-2026 15:15:23 UTC] PHP Warning:  Undefined array key "dependencies" in /home/alamstor/public_html/wp-content/plugins/elementor/core/page-assets/loader.php on line 95
[03-Jun-2026 15:15:23 UTC] PHP Warning:  Undefined array key "version" in /home/alamstor/public_html/wp-content/plugins/elementor/core/page-assets/loader.php on line 95
[03-Jun-2026 15:15:33 UTC] PHP Warning:  Undefined array key "src" in /home/alamstor/public_html/wp-content/plugins/elementor/core/page-assets/loader.php on line 95
[03-Jun-2026 15:15:33 UTC] PHP Warning:  Undefined array key "dependencies" in /home/alamstor/public_html/wp-content/plugins/elementor/core/page-assets/loader.php on line 95
[03-Jun-2026 15:15:33 UTC] PHP Warning:  Undefined array key "version" in /home/alamstor/public_html/wp-content/plugins/elementor/core/page-assets/loader.php on line 95
[03-Jun-2026 15:15:33 UTC] PHP Warning:  Undefined array key "src" in /home/alamstor/public_html/wp-content/plugins/elementor/core/page-assets/loader.php on line 95
[03-Jun-2026 15:15:33 UTC] PHP Warning:  Undefined array key "dependencies" in /home/alamstor/public_html/wp-content/plugins/elementor/core/page-assets/loader.php on line 95
[03-Jun-2026 15:15:33 UTC] PHP Warning:  Undefined array key "version" in /home/alamstor/public_html/wp-content/plugins/elementor/core/page-assets/loader.php on line 95
[03-Jun-2026 15:22:41 UTC] PHP Warning:  Undefined array key "src" in /home/alamstor/public_html/wp-content/plugins/elementor/core/page-assets/loader.php on line 95
[03-Jun-2026 15:22:41 UTC] PHP Warning:  Undefined array key "dependencies" in /home/alamstor/public_html/wp-content/plugins/elementor/core/page-assets/loader.php on line 95
[03-Jun-2026 15:22:41 UTC] PHP Warning:  Undefined array key "version" in /home/alamstor/public_html/wp-content/plugins/elementor/core/page-assets/loader.php on line 95
[03-Jun-2026 15:22:41 UTC] PHP Warning:  Undefined array key "src" in /home/alamstor/public_html/wp-content/plugins/elementor/core/page-assets/loader.php on line 95
[03-Jun-2026 15:22:41 UTC] PHP Warning:  Undefined array key "dependencies" in /home/alamstor/public_html/wp-content/plugins/elementor/core/page-assets/loader.php on line 95
[03-Jun-2026 15:22:41 UTC] PHP Warning:  Undefined array key "version" in /home/alamstor/public_html/wp-content/plugins/elementor/core/page-assets/loader.php on line 95
[03-Jun-2026 15:25:53 UTC] PHP Warning:  Undefined array key "src" in /home/alamstor/public_html/wp-content/plugins/elementor/core/page-assets/loader.php on line 95
[03-Jun-2026 15:25:53 UTC] PHP Warning:  Undefined array key "dependencies" in /home/alamstor/public_html/wp-content/plugins/elementor/core/page-assets/loader.php on line 95
[03-Jun-2026 15:25:53 UTC] PHP Warning:  Undefined array key "version" in /home/alamstor/public_html/wp-content/plugins/elementor/core/page-assets/loader.php on line 95
[03-Jun-2026 15:25:53 UTC] PHP Warning:  Undefined array key "src" in /home/alamstor/public_html/wp-content/plugins/elementor/core/page-assets/loader.php on line 95
[03-Jun-2026 15:25:53 UTC] PHP Warning:  Undefined array key "dependencies" in /home/alamstor/public_html/wp-content/plugins/elementor/core/page-assets/loader.php on line 95
[03-Jun-2026 15:25:53 UTC] PHP Warning:  Undefined array key "version" in /home/alamstor/public_html/wp-content/plugins/elementor/core/page-assets/loader.php on line 95
[03-Jun-2026 15:25:53 UTC] PHP Warning:  Undefined array key "src" in /home/alamstor/public_html/wp-content/plugins/elementor/core/page-assets/loader.php on line 95
[03-Jun-2026 15:25:53 UTC] PHP Warning:  Undefined array key "dependencies" in /home/alamstor/public_html/wp-content/plugins/elementor/core/page-assets/loader.php on line 95
[03-Jun-2026 15:25:53 UTC] PHP Warning:  Undefined array key "version" in /home/alamstor/public_html/wp-content/plugins/elementor/core/page-assets/loader.php on line 95
[03-Jun-2026 15:25:53 UTC] PHP Warning:  Undefined array key "src" in /home/alamstor/public_html/wp-content/plugins/elementor/core/page-assets/loader.php on line 95
[03-Jun-2026 15:25:53 UTC] PHP Warning:  Undefined array key "dependencies" in /home/alamstor/public_html/wp-content/plugins/elementor/core/page-assets/loader.php on line 95
[03-Jun-2026 15:25:53 UTC] PHP Warning:  Undefined array key "version" in /home/alamstor/public_html/wp-content/plugins/elementor/core/page-assets/loader.php on line 95
[03-Jun-2026 15:31:16 UTC] PHP Warning:  Undefined array key "src" in /home/alamstor/public_html/wp-content/plugins/elementor/core/page-assets/loader.php on line 95
[03-Jun-2026 15:31:16 UTC] PHP Warning:  Undefined array key "dependencies" in /home/alamstor/public_html/wp-content/plugins/elementor/core/page-assets/loader.php on line 95
[03-Jun-2026 15:31:16 UTC] PHP Warning:  Undefined array key "version" in /home/alamstor/public_html/wp-content/plugins/elementor/core/page-assets/loader.php on line 95
[03-Jun-2026 15:31:16 UTC] PHP Warning:  Undefined array key "src" in /home/alamstor/public_html/wp-content/plugins/elementor/core/page-assets/loader.php on line 95
[03-Jun-2026 15:31:16 UTC] PHP Warning:  Undefined array key "dependencies" in /home/alamstor/public_html/wp-content/plugins/elementor/core/page-assets/loader.php on line 95
[03-Jun-2026 15:31:16 UTC] PHP Warning:  Undefined array key "version" in /home/alamstor/public_html/wp-content/plugins/elementor/core/page-assets/loader.php on line 95
[03-Jun-2026 15:54:51 UTC] PHP Warning:  Undefined array key "src" in /home/alamstor/public_html/wp-content/plugins/elementor/core/page-assets/loader.php on line 95
[03-Jun-2026 15:54:51 UTC] PHP Warning:  Undefined array key "dependencies" in /home/alamstor/public_html/wp-content/plugins/elementor/core/page-assets/loader.php on line 95
[03-Jun-2026 15:54:51 UTC] PHP Warning:  Undefined array key "version" in /home/alamstor/public_html/wp-content/plugins/elementor/core/page-assets/loader.php on line 95
[03-Jun-2026 15:54:51 UTC] PHP Warning:  Undefined array key "src" in /home/alamstor/public_html/wp-content/plugins/elementor/core/page-assets/loader.php on line 95
[03-Jun-2026 15:54:51 UTC] PHP Warning:  Undefined array key "dependencies" in /home/alamstor/public_html/wp-content/plugins/elementor/core/page-assets/loader.php on line 95
[03-Jun-2026 15:54:51 UTC] PHP Warning:  Undefined array key "version" in /home/alamstor/public_html/wp-content/plugins/elementor/core/page-assets/loader.php on line 95
[03-Jun-2026 15:55:00 UTC] PHP Warning:  Undefined array key "src" in /home/alamstor/public_html/wp-content/plugins/elementor/core/page-assets/loader.php on line 95
[03-Jun-2026 15:55:00 UTC] PHP Warning:  Undefined array key "dependencies" in /home/alamstor/public_html/wp-content/plugins/elementor/core/page-assets/loader.php on line 95
[03-Jun-2026 15:55:00 UTC] PHP Warning:  Undefined array key "version" in /home/alamstor/public_html/wp-content/plugins/elementor/core/page-assets/loader.php on line 95
[03-Jun-2026 15:55:00 UTC] PHP Warning:  Undefined array key "src" in /home/alamstor/public_html/wp-content/plugins/elementor/core/page-assets/loader.php on line 95
[03-Jun-2026 15:55:00 UTC] PHP Warning:  Undefined array key "dependencies" in /home/alamstor/public_html/wp-content/plugins/elementor/core/page-assets/loader.php on line 95
[03-Jun-2026 15:55:00 UTC] PHP Warning:  Undefined array key "version" in /home/alamstor/public_html/wp-content/plugins/elementor/core/page-assets/loader.php on line 95
[03-Jun-2026 15:56:02 UTC] PHP Warning:  Undefined array key "src" in /home/alamstor/public_html/wp-content/plugins/elementor/core/page-assets/loader.php on line 95
[03-Jun-2026 15:56:02 UTC] PHP Warning:  Undefined array key "dependencies" in /home/alamstor/public_html/wp-content/plugins/elementor/core/page-assets/loader.php on line 95
[03-Jun-2026 15:56:02 UTC] PHP Warning:  Undefined array key "version" in /home/alamstor/public_html/wp-content/plugins/elementor/core/page-assets/loader.php on line 95
[03-Jun-2026 15:56:02 UTC] PHP Warning:  Undefined array key "src" in /home/alamstor/public_html/wp-content/plugins/elementor/core/page-assets/loader.php on line 95
[03-Jun-2026 15:56:02 UTC] PHP Warning:  Undefined array key "dependencies" in /home/alamstor/public_html/wp-content/plugins/elementor/core/page-assets/loader.php on line 95
[03-Jun-2026 15:56:02 UTC] PHP Warning:  Undefined array key "version" in /home/alamstor/public_html/wp-content/plugins/elementor/core/page-assets/loader.php on line 95
[03-Jun-2026 15:58:32 UTC] PHP Warning:  Undefined array key "src" in /home/alamstor/public_html/wp-content/plugins/elementor/core/page-assets/loader.php on line 95
[03-Jun-2026 15:58:32 UTC] PHP Warning:  Undefined array key "dependencies" in /home/alamstor/public_html/wp-content/plugins/elementor/core/page-assets/loader.php on line 95
[03-Jun-2026 15:58:32 UTC] PHP Warning:  Undefined array key "version" in /home/alamstor/public_html/wp-content/plugins/elementor/core/page-assets/loader.php on line 95
[03-Jun-2026 15:58:32 UTC] PHP Warning:  Undefined array key "src" in /home/alamstor/public_html/wp-content/plugins/elementor/core/page-assets/loader.php on line 95
[03-Jun-2026 15:58:32 UTC] PHP Warning:  Undefined array key "dependencies" in /home/alamstor/public_html/wp-content/plugins/elementor/core/page-assets/loader.php on line 95
[03-Jun-2026 15:58:32 UTC] PHP Warning:  Undefined array key "version" in /home/alamstor/public_html/wp-content/plugins/elementor/core/page-assets/loader.php on line 95
[03-Jun-2026 16:02:25 UTC] PHP Warning:  Undefined array key "src" in /home/alamstor/public_html/wp-content/plugins/elementor/core/page-assets/loader.php on line 95
[03-Jun-2026 16:02:25 UTC] PHP Warning:  Undefined array key "dependencies" in /home/alamstor/public_html/wp-content/plugins/elementor/core/page-assets/loader.php on line 95
[03-Jun-2026 16:02:25 UTC] PHP Warning:  Undefined array key "version" in /home/alamstor/public_html/wp-content/plugins/elementor/core/page-assets/loader.php on line 95
[03-Jun-2026 16:02:25 UTC] PHP Warning:  Undefined array key "src" in /home/alamstor/public_html/wp-content/plugins/elementor/core/page-assets/loader.php on line 95
[03-Jun-2026 16:02:25 UTC] PHP Warning:  Undefined array key "dependencies" in /home/alamstor/public_html/wp-content/plugins/elementor/core/page-assets/loader.php on line 95
[03-Jun-2026 16:02:25 UTC] PHP Warning:  Undefined array key "version" in /home/alamstor/public_html/wp-content/plugins/elementor/core/page-assets/loader.php on line 95
[03-Jun-2026 16:02:51 UTC] PHP Warning:  Undefined array key "src" in /home/alamstor/public_html/wp-content/plugins/elementor/core/page-assets/loader.php on line 95
[03-Jun-2026 16:02:51 UTC] PHP Warning:  Undefined array key "dependencies" in /home/alamstor/public_html/wp-content/plugins/elementor/core/page-assets/loader.php on line 95
[03-Jun-2026 16:02:51 UTC] PHP Warning:  Undefined array key "version" in /home/alamstor/public_html/wp-content/plugins/elementor/core/page-assets/loader.php on line 95
[03-Jun-2026 16:02:51 UTC] PHP Warning:  Undefined array key "src" in /home/alamstor/public_html/wp-content/plugins/elementor/core/page-assets/loader.php on line 95
[03-Jun-2026 16:02:51 UTC] PHP Warning:  Undefined array key "dependencies" in /home/alamstor/public_html/wp-content/plugins/elementor/core/page-assets/loader.php on line 95
[03-Jun-2026 16:02:51 UTC] PHP Warning:  Undefined array key "version" in /home/alamstor/public_html/wp-content/plugins/elementor/core/page-assets/loader.php on line 95
[03-Jun-2026 16:03:12 UTC] PHP Warning:  Undefined array key "src" in /home/alamstor/public_html/wp-content/plugins/elementor/core/page-assets/loader.php on line 95
[03-Jun-2026 16:03:12 UTC] PHP Warning:  Undefined array key "dependencies" in /home/alamstor/public_html/wp-content/plugins/elementor/core/page-assets/loader.php on line 95
[03-Jun-2026 16:03:12 UTC] PHP Warning:  Undefined array key "version" in /home/alamstor/public_html/wp-content/plugins/elementor/core/page-assets/loader.php on line 95
[03-Jun-2026 16:03:12 UTC] PHP Warning:  Undefined array key "src" in /home/alamstor/public_html/wp-content/plugins/elementor/core/page-assets/loader.php on line 95
[03-Jun-2026 16:03:12 UTC] PHP Warning:  Undefined array key "dependencies" in /home/alamstor/public_html/wp-content/plugins/elementor/core/page-assets/loader.php on line 95
[03-Jun-2026 16:03:12 UTC] PHP Warning:  Undefined array key "version" in /home/alamstor/public_html/wp-content/plugins/elementor/core/page-assets/loader.php on line 95
[03-Jun-2026 16:04:03 UTC] PHP Warning:  Undefined array key "src" in /home/alamstor/public_html/wp-content/plugins/elementor/core/page-assets/loader.php on line 95
[03-Jun-2026 16:04:03 UTC] PHP Warning:  Undefined array key "dependencies" in /home/alamstor/public_html/wp-content/plugins/elementor/core/page-assets/loader.php on line 95
[03-Jun-2026 16:04:03 UTC] PHP Warning:  Undefined array key "version" in /home/alamstor/public_html/wp-content/plugins/elementor/core/page-assets/loader.php on line 95
[03-Jun-2026 16:04:03 UTC] PHP Warning:  Undefined array key "src" in /home/alamstor/public_html/wp-content/plugins/elementor/core/page-assets/loader.php on line 95
[03-Jun-2026 16:04:03 UTC] PHP Warning:  Undefined array key "dependencies" in /home/alamstor/public_html/wp-content/plugins/elementor/core/page-assets/loader.php on line 95
[03-Jun-2026 16:04:03 UTC] PHP Warning:  Undefined array key "version" in /home/alamstor/public_html/wp-content/plugins/elementor/core/page-assets/loader.php on line 95
[03-Jun-2026 16:30:45 UTC] PHP Warning:  Undefined array key "src" in /home/alamstor/public_html/wp-content/plugins/elementor/core/page-assets/loader.php on line 95
[03-Jun-2026 16:30:45 UTC] PHP Warning:  Undefined array key "dependencies" in /home/alamstor/public_html/wp-content/plugins/elementor/core/page-assets/loader.php on line 95
[03-Jun-2026 16:30:45 UTC] PHP Warning:  Undefined array key "version" in /home/alamstor/public_html/wp-content/plugins/elementor/core/page-assets/loader.php on line 95
[03-Jun-2026 16:30:45 UTC] PHP Warning:  Undefined array key "src" in /home/alamstor/public_html/wp-content/plugins/elementor/core/page-assets/loader.php on line 95
[03-Jun-2026 16:30:45 UTC] PHP Warning:  Undefined array key "dependencies" in /home/alamstor/public_html/wp-content/plugins/elementor/core/page-assets/loader.php on line 95
[03-Jun-2026 16:30:45 UTC] PHP Warning:  Undefined array key "version" in /home/alamstor/public_html/wp-content/plugins/elementor/core/page-assets/loader.php on line 95
[03-Jun-2026 16:47:25 UTC] PHP Warning:  Undefined array key "src" in /home/alamstor/public_html/wp-content/plugins/elementor/core/page-assets/loader.php on line 95
[03-Jun-2026 16:47:25 UTC] PHP Warning:  Undefined array key "dependencies" in /home/alamstor/public_html/wp-content/plugins/elementor/core/page-assets/loader.php on line 95
[03-Jun-2026 16:47:25 UTC] PHP Warning:  Undefined array key "version" in /home/alamstor/public_html/wp-content/plugins/elementor/core/page-assets/loader.php on line 95
[03-Jun-2026 16:47:25 UTC] PHP Warning:  Undefined array key "src" in /home/alamstor/public_html/wp-content/plugins/elementor/core/page-assets/loader.php on line 95
[03-Jun-2026 16:47:25 UTC] PHP Warning:  Undefined array key "dependencies" in /home/alamstor/public_html/wp-content/plugins/elementor/core/page-assets/loader.php on line 95
[03-Jun-2026 16:47:25 UTC] PHP Warning:  Undefined array key "version" in /home/alamstor/public_html/wp-content/plugins/elementor/core/page-assets/loader.php on line 95
[03-Jun-2026 16:54:54 UTC] PHP Warning:  Undefined array key "src" in /home/alamstor/public_html/wp-content/plugins/elementor/core/page-assets/loader.php on line 95
[03-Jun-2026 16:54:54 UTC] PHP Warning:  Undefined array key "dependencies" in /home/alamstor/public_html/wp-content/plugins/elementor/core/page-assets/loader.php on line 95
[03-Jun-2026 16:54:54 UTC] PHP Warning:  Undefined array key "version" in /home/alamstor/public_html/wp-content/plugins/elementor/core/page-assets/loader.php on line 95
[03-Jun-2026 16:54:54 UTC] PHP Warning:  Undefined array key "src" in /home/alamstor/public_html/wp-content/plugins/elementor/core/page-assets/loader.php on line 95
[03-Jun-2026 16:54:54 UTC] PHP Warning:  Undefined array key "dependencies" in /home/alamstor/public_html/wp-content/plugins/elementor/core/page-assets/loader.php on line 95
[03-Jun-2026 16:54:54 UTC] PHP Warning:  Undefined array key "version" in /home/alamstor/public_html/wp-content/plugins/elementor/core/page-assets/loader.php on line 95
[03-Jun-2026 16:56:53 UTC] PHP Warning:  Undefined array key "src" in /home/alamstor/public_html/wp-content/plugins/elementor/core/page-assets/loader.php on line 95
[03-Jun-2026 16:56:53 UTC] PHP Warning:  Undefined array key "dependencies" in /home/alamstor/public_html/wp-content/plugins/elementor/core/page-assets/loader.php on line 95
[03-Jun-2026 16:56:53 UTC] PHP Warning:  Undefined array key "version" in /home/alamstor/public_html/wp-content/plugins/elementor/core/page-assets/loader.php on line 95
[03-Jun-2026 16:56:53 UTC] PHP Warning:  Undefined array key "src" in /home/alamstor/public_html/wp-content/plugins/elementor/core/page-assets/loader.php on line 95
[03-Jun-2026 16:56:53 UTC] PHP Warning:  Undefined array key "dependencies" in /home/alamstor/public_html/wp-content/plugins/elementor/core/page-assets/loader.php on line 95
[03-Jun-2026 16:56:53 UTC] PHP Warning:  Undefined array key "version" in /home/alamstor/public_html/wp-content/plugins/elementor/core/page-assets/loader.php on line 95
[03-Jun-2026 16:57:21 UTC] PHP Warning:  Undefined array key "src" in /home/alamstor/public_html/wp-content/plugins/elementor/core/page-assets/loader.php on line 95
[03-Jun-2026 16:57:21 UTC] PHP Warning:  Undefined array key "dependencies" in /home/alamstor/public_html/wp-content/plugins/elementor/core/page-assets/loader.php on line 95
[03-Jun-2026 16:57:21 UTC] PHP Warning:  Undefined array key "version" in /home/alamstor/public_html/wp-content/plugins/elementor/core/page-assets/loader.php on line 95
[03-Jun-2026 16:57:21 UTC] PHP Warning:  Undefined array key "src" in /home/alamstor/public_html/wp-content/plugins/elementor/core/page-assets/loader.php on line 95
[03-Jun-2026 16:57:21 UTC] PHP Warning:  Undefined array key "dependencies" in /home/alamstor/public_html/wp-content/plugins/elementor/core/page-assets/loader.php on line 95
[03-Jun-2026 16:57:21 UTC] PHP Warning:  Undefined array key "version" in /home/alamstor/public_html/wp-content/plugins/elementor/core/page-assets/loader.php on line 95
[03-Jun-2026 16:57:53 UTC] PHP Warning:  Undefined array key "src" in /home/alamstor/public_html/wp-content/plugins/elementor/core/page-assets/loader.php on line 95
[03-Jun-2026 16:57:53 UTC] PHP Warning:  Undefined array key "dependencies" in /home/alamstor/public_html/wp-content/plugins/elementor/core/page-assets/loader.php on line 95
[03-Jun-2026 16:57:53 UTC] PHP Warning:  Undefined array key "version" in /home/alamstor/public_html/wp-content/plugins/elementor/core/page-assets/loader.php on line 95
[03-Jun-2026 16:57:53 UTC] PHP Warning:  Undefined array key "src" in /home/alamstor/public_html/wp-content/plugins/elementor/core/page-assets/loader.php on line 95
[03-Jun-2026 16:57:53 UTC] PHP Warning:  Undefined array key "dependencies" in /home/alamstor/public_html/wp-content/plugins/elementor/core/page-assets/loader.php on line 95
[03-Jun-2026 16:57:53 UTC] PHP Warning:  Undefined array key "version" in /home/alamstor/public_html/wp-content/plugins/elementor/core/page-assets/loader.php on line 95
[03-Jun-2026 17:18:19 UTC] PHP Warning:  Undefined array key "src" in /home/alamstor/public_html/wp-content/plugins/elementor/core/page-assets/loader.php on line 95
[03-Jun-2026 17:18:19 UTC] PHP Warning:  Undefined array key "dependencies" in /home/alamstor/public_html/wp-content/plugins/elementor/core/page-assets/loader.php on line 95
[03-Jun-2026 17:18:19 UTC] PHP Warning:  Undefined array key "version" in /home/alamstor/public_html/wp-content/plugins/elementor/core/page-assets/loader.php on line 95
[03-Jun-2026 17:18:19 UTC] PHP Warning:  Undefined array key "src" in /home/alamstor/public_html/wp-content/plugins/elementor/core/page-assets/loader.php on line 95
[03-Jun-2026 17:18:19 UTC] PHP Warning:  Undefined array key "dependencies" in /home/alamstor/public_html/wp-content/plugins/elementor/core/page-assets/loader.php on line 95
[03-Jun-2026 17:18:19 UTC] PHP Warning:  Undefined array key "version" in /home/alamstor/public_html/wp-content/plugins/elementor/core/page-assets/loader.php on line 95
[03-Jun-2026 17:37:00 UTC] PHP Warning:  Undefined array key "src" in /home/alamstor/public_html/wp-content/plugins/elementor/core/page-assets/loader.php on line 95
[03-Jun-2026 17:37:00 UTC] PHP Warning:  Undefined array key "dependencies" in /home/alamstor/public_html/wp-content/plugins/elementor/core/page-assets/loader.php on line 95
[03-Jun-2026 17:37:00 UTC] PHP Warning:  Undefined array key "version" in /home/alamstor/public_html/wp-content/plugins/elementor/core/page-assets/loader.php on line 95
[03-Jun-2026 17:37:00 UTC] PHP Warning:  Undefined array key "src" in /home/alamstor/public_html/wp-content/plugins/elementor/core/page-assets/loader.php on line 95
[03-Jun-2026 17:37:00 UTC] PHP Warning:  Undefined array key "dependencies" in /home/alamstor/public_html/wp-content/plugins/elementor/core/page-assets/loader.php on line 95
[03-Jun-2026 17:37:00 UTC] PHP Warning:  Undefined array key "version" in /home/alamstor/public_html/wp-content/plugins/elementor/core/page-assets/loader.php on line 95
[03-Jun-2026 17:37:06 UTC] PHP Warning:  Undefined array key "src" in /home/alamstor/public_html/wp-content/plugins/elementor/core/page-assets/loader.php on line 95
[03-Jun-2026 17:37:06 UTC] PHP Warning:  Undefined array key "dependencies" in /home/alamstor/public_html/wp-content/plugins/elementor/core/page-assets/loader.php on line 95
[03-Jun-2026 17:37:06 UTC] PHP Warning:  Undefined array key "version" in /home/alamstor/public_html/wp-content/plugins/elementor/core/page-assets/loader.php on line 95
[03-Jun-2026 17:37:06 UTC] PHP Warning:  Undefined array key "src" in /home/alamstor/public_html/wp-content/plugins/elementor/core/page-assets/loader.php on line 95
[03-Jun-2026 17:37:06 UTC] PHP Warning:  Undefined array key "dependencies" in /home/alamstor/public_html/wp-content/plugins/elementor/core/page-assets/loader.php on line 95
[03-Jun-2026 17:37:06 UTC] PHP Warning:  Undefined array key "version" in /home/alamstor/public_html/wp-content/plugins/elementor/core/page-assets/loader.php on line 95
[03-Jun-2026 17:37:10 UTC] PHP Warning:  Undefined array key "src" in /home/alamstor/public_html/wp-content/plugins/elementor/core/page-assets/loader.php on line 95
[03-Jun-2026 17:37:10 UTC] PHP Warning:  Undefined array key "dependencies" in /home/alamstor/public_html/wp-content/plugins/elementor/core/page-assets/loader.php on line 95
[03-Jun-2026 17:37:10 UTC] PHP Warning:  Undefined array key "version" in /home/alamstor/public_html/wp-content/plugins/elementor/core/page-assets/loader.php on line 95
[03-Jun-2026 17:37:10 UTC] PHP Warning:  Undefined array key "src" in /home/alamstor/public_html/wp-content/plugins/elementor/core/page-assets/loader.php on line 95
[03-Jun-2026 17:37:10 UTC] PHP Warning:  Undefined array key "dependencies" in /home/alamstor/public_html/wp-content/plugins/elementor/core/page-assets/loader.php on line 95
[03-Jun-2026 17:37:10 UTC] PHP Warning:  Undefined array key "version" in /home/alamstor/public_html/wp-content/plugins/elementor/core/page-assets/loader.php on line 95
[03-Jun-2026 17:37:11 UTC] PHP Warning:  Undefined array key "src" in /home/alamstor/public_html/wp-content/plugins/elementor/core/page-assets/loader.php on line 95
[03-Jun-2026 17:37:11 UTC] PHP Warning:  Undefined array key "dependencies" in /home/alamstor/public_html/wp-content/plugins/elementor/core/page-assets/loader.php on line 95
[03-Jun-2026 17:37:11 UTC] PHP Warning:  Undefined array key "version" in /home/alamstor/public_html/wp-content/plugins/elementor/core/page-assets/loader.php on line 95
[03-Jun-2026 17:37:11 UTC] PHP Warning:  Undefined array key "src" in /home/alamstor/public_html/wp-content/plugins/elementor/core/page-assets/loader.php on line 95
[03-Jun-2026 17:37:11 UTC] PHP Warning:  Undefined array key "dependencies" in /home/alamstor/public_html/wp-content/plugins/elementor/core/page-assets/loader.php on line 95
[03-Jun-2026 17:37:11 UTC] PHP Warning:  Undefined array key "version" in /home/alamstor/public_html/wp-content/plugins/elementor/core/page-assets/loader.php on line 95
[03-Jun-2026 17:37:16 UTC] PHP Warning:  Undefined array key "src" in /home/alamstor/public_html/wp-content/plugins/elementor/core/page-assets/loader.php on line 95
[03-Jun-2026 17:37:16 UTC] PHP Warning:  Undefined array key "dependencies" in /home/alamstor/public_html/wp-content/plugins/elementor/core/page-assets/loader.php on line 95
[03-Jun-2026 17:37:16 UTC] PHP Warning:  Undefined array key "version" in /home/alamstor/public_html/wp-content/plugins/elementor/core/page-assets/loader.php on line 95
[03-Jun-2026 17:37:16 UTC] PHP Warning:  Undefined array key "src" in /home/alamstor/public_html/wp-content/plugins/elementor/core/page-assets/loader.php on line 95
[03-Jun-2026 17:37:16 UTC] PHP Warning:  Undefined array key "dependencies" in /home/alamstor/public_html/wp-content/plugins/elementor/core/page-assets/loader.php on line 95
[03-Jun-2026 17:37:16 UTC] PHP Warning:  Undefined array key "version" in /home/alamstor/public_html/wp-content/plugins/elementor/core/page-assets/loader.php on line 95
[03-Jun-2026 17:39:13 UTC] PHP Warning:  Undefined array key "src" in /home/alamstor/public_html/wp-content/plugins/elementor/core/page-assets/loader.php on line 95
[03-Jun-2026 17:39:13 UTC] PHP Warning:  Undefined array key "dependencies" in /home/alamstor/public_html/wp-content/plugins/elementor/core/page-assets/loader.php on line 95
[03-Jun-2026 17:39:13 UTC] PHP Warning:  Undefined array key "version" in /home/alamstor/public_html/wp-content/plugins/elementor/core/page-assets/loader.php on line 95
[03-Jun-2026 17:39:13 UTC] PHP Warning:  Undefined array key "src" in /home/alamstor/public_html/wp-content/plugins/elementor/core/page-assets/loader.php on line 95
[03-Jun-2026 17:39:13 UTC] PHP Warning:  Undefined array key "dependencies" in /home/alamstor/public_html/wp-content/plugins/elementor/core/page-assets/loader.php on line 95
[03-Jun-2026 17:39:13 UTC] PHP Warning:  Undefined array key "version" in /home/alamstor/public_html/wp-content/plugins/elementor/core/page-assets/loader.php on line 95
[03-Jun-2026 17:39:40 UTC] PHP Warning:  Undefined array key "src" in /home/alamstor/public_html/wp-content/plugins/elementor/core/page-assets/loader.php on line 95
[03-Jun-2026 17:39:40 UTC] PHP Warning:  Undefined array key "dependencies" in /home/alamstor/public_html/wp-content/plugins/elementor/core/page-assets/loader.php on line 95
[03-Jun-2026 17:39:40 UTC] PHP Warning:  Undefined array key "version" in /home/alamstor/public_html/wp-content/plugins/elementor/core/page-assets/loader.php on line 95
[03-Jun-2026 17:39:40 UTC] PHP Warning:  Undefined array key "src" in /home/alamstor/public_html/wp-content/plugins/elementor/core/page-assets/loader.php on line 95
[03-Jun-2026 17:39:40 UTC] PHP Warning:  Undefined array key "dependencies" in /home/alamstor/public_html/wp-content/plugins/elementor/core/page-assets/loader.php on line 95
[03-Jun-2026 17:39:40 UTC] PHP Warning:  Undefined array key "version" in /home/alamstor/public_html/wp-content/plugins/elementor/core/page-assets/loader.php on line 95
[03-Jun-2026 17:40:08 UTC] PHP Warning:  Undefined array key "src" in /home/alamstor/public_html/wp-content/plugins/elementor/core/page-assets/loader.php on line 95
[03-Jun-2026 17:40:08 UTC] PHP Warning:  Undefined array key "dependencies" in /home/alamstor/public_html/wp-content/plugins/elementor/core/page-assets/loader.php on line 95
[03-Jun-2026 17:40:08 UTC] PHP Warning:  Undefined array key "version" in /home/alamstor/public_html/wp-content/plugins/elementor/core/page-assets/loader.php on line 95
[03-Jun-2026 17:40:08 UTC] PHP Warning:  Undefined array key "src" in /home/alamstor/public_html/wp-content/plugins/elementor/core/page-assets/loader.php on line 95
[03-Jun-2026 17:40:08 UTC] PHP Warning:  Undefined array key "dependencies" in /home/alamstor/public_html/wp-content/plugins/elementor/core/page-assets/loader.php on line 95
[03-Jun-2026 17:40:08 UTC] PHP Warning:  Undefined array key "version" in /home/alamstor/public_html/wp-content/plugins/elementor/core/page-assets/loader.php on line 95
[03-Jun-2026 17:40:17 UTC] PHP Warning:  Undefined array key "src" in /home/alamstor/public_html/wp-content/plugins/elementor/core/page-assets/loader.php on line 95
[03-Jun-2026 17:40:17 UTC] PHP Warning:  Undefined array key "dependencies" in /home/alamstor/public_html/wp-content/plugins/elementor/core/page-assets/loader.php on line 95
[03-Jun-2026 17:40:17 UTC] PHP Warning:  Undefined array key "version" in /home/alamstor/public_html/wp-content/plugins/elementor/core/page-assets/loader.php on line 95
[03-Jun-2026 17:40:17 UTC] PHP Warning:  Undefined array key "src" in /home/alamstor/public_html/wp-content/plugins/elementor/core/page-assets/loader.php on line 95
[03-Jun-2026 17:40:17 UTC] PHP Warning:  Undefined array key "dependencies" in /home/alamstor/public_html/wp-content/plugins/elementor/core/page-assets/loader.php on line 95
[03-Jun-2026 17:40:17 UTC] PHP Warning:  Undefined array key "version" in /home/alamstor/public_html/wp-content/plugins/elementor/core/page-assets/loader.php on line 95
[03-Jun-2026 17:40:26 UTC] PHP Warning:  Undefined array key "src" in /home/alamstor/public_html/wp-content/plugins/elementor/core/page-assets/loader.php on line 95
[03-Jun-2026 17:40:26 UTC] PHP Warning:  Undefined array key "dependencies" in /home/alamstor/public_html/wp-content/plugins/elementor/core/page-assets/loader.php on line 95
[03-Jun-2026 17:40:26 UTC] PHP Warning:  Undefined array key "version" in /home/alamstor/public_html/wp-content/plugins/elementor/core/page-assets/loader.php on line 95
[03-Jun-2026 17:40:26 UTC] PHP Warning:  Undefined array key "src" in /home/alamstor/public_html/wp-content/plugins/elementor/core/page-assets/loader.php on line 95
[03-Jun-2026 17:40:26 UTC] PHP Warning:  Undefined array key "dependencies" in /home/alamstor/public_html/wp-content/plugins/elementor/core/page-assets/loader.php on line 95
[03-Jun-2026 17:40:26 UTC] PHP Warning:  Undefined array key "version" in /home/alamstor/public_html/wp-content/plugins/elementor/core/page-assets/loader.php on line 95
[03-Jun-2026 18:28:12 UTC] PHP Warning:  Undefined array key "src" in /home/alamstor/public_html/wp-content/plugins/elementor/core/page-assets/loader.php on line 95
[03-Jun-2026 18:28:12 UTC] PHP Warning:  Undefined array key "dependencies" in /home/alamstor/public_html/wp-content/plugins/elementor/core/page-assets/loader.php on line 95
[03-Jun-2026 18:28:12 UTC] PHP Warning:  Undefined array key "version" in /home/alamstor/public_html/wp-content/plugins/elementor/core/page-assets/loader.php on line 95
[03-Jun-2026 18:28:12 UTC] PHP Warning:  Undefined array key "src" in /home/alamstor/public_html/wp-content/plugins/elementor/core/page-assets/loader.php on line 95
[03-Jun-2026 18:28:12 UTC] PHP Warning:  Undefined array key "dependencies" in /home/alamstor/public_html/wp-content/plugins/elementor/core/page-assets/loader.php on line 95
[03-Jun-2026 18:28:12 UTC] PHP Warning:  Undefined array key "version" in /home/alamstor/public_html/wp-content/plugins/elementor/core/page-assets/loader.php on line 95
[03-Jun-2026 18:57:39 UTC] PHP Warning:  Undefined array key "src" in /home/alamstor/public_html/wp-content/plugins/elementor/core/page-assets/loader.php on line 95
[03-Jun-2026 18:57:39 UTC] PHP Warning:  Undefined array key "dependencies" in /home/alamstor/public_html/wp-content/plugins/elementor/core/page-assets/loader.php on line 95
[03-Jun-2026 18:57:39 UTC] PHP Warning:  Undefined array key "version" in /home/alamstor/public_html/wp-content/plugins/elementor/core/page-assets/loader.php on line 95
[03-Jun-2026 18:57:39 UTC] PHP Warning:  Undefined array key "src" in /home/alamstor/public_html/wp-content/plugins/elementor/core/page-assets/loader.php on line 95
[03-Jun-2026 18:57:39 UTC] PHP Warning:  Undefined array key "dependencies" in /home/alamstor/public_html/wp-content/plugins/elementor/core/page-assets/loader.php on line 95
[03-Jun-2026 18:57:39 UTC] PHP Warning:  Undefined array key "version" in /home/alamstor/public_html/wp-content/plugins/elementor/core/page-assets/loader.php on line 95
[03-Jun-2026 19:04:37 UTC] PHP Warning:  Undefined array key "src" in /home/alamstor/public_html/wp-content/plugins/elementor/core/page-assets/loader.php on line 95
[03-Jun-2026 19:04:37 UTC] PHP Warning:  Undefined array key "dependencies" in /home/alamstor/public_html/wp-content/plugins/elementor/core/page-assets/loader.php on line 95
[03-Jun-2026 19:04:37 UTC] PHP Warning:  Undefined array key "version" in /home/alamstor/public_html/wp-content/plugins/elementor/core/page-assets/loader.php on line 95
[03-Jun-2026 19:04:37 UTC] PHP Warning:  Undefined array key "src" in /home/alamstor/public_html/wp-content/plugins/elementor/core/page-assets/loader.php on line 95
[03-Jun-2026 19:04:37 UTC] PHP Warning:  Undefined array key "dependencies" in /home/alamstor/public_html/wp-content/plugins/elementor/core/page-assets/loader.php on line 95
[03-Jun-2026 19:04:37 UTC] PHP Warning:  Undefined array key "version" in /home/alamstor/public_html/wp-content/plugins/elementor/core/page-assets/loader.php on line 95
[03-Jun-2026 19:20:27 UTC] PHP Warning:  Undefined array key "src" in /home/alamstor/public_html/wp-content/plugins/elementor/core/page-assets/loader.php on line 95
[03-Jun-2026 19:20:27 UTC] PHP Warning:  Undefined array key "dependencies" in /home/alamstor/public_html/wp-content/plugins/elementor/core/page-assets/loader.php on line 95
[03-Jun-2026 19:20:27 UTC] PHP Warning:  Undefined array key "version" in /home/alamstor/public_html/wp-content/plugins/elementor/core/page-assets/loader.php on line 95
[03-Jun-2026 19:20:27 UTC] PHP Warning:  Undefined array key "src" in /home/alamstor/public_html/wp-content/plugins/elementor/core/page-assets/loader.php on line 95
[03-Jun-2026 19:20:27 UTC] PHP Warning:  Undefined array key "dependencies" in /home/alamstor/public_html/wp-content/plugins/elementor/core/page-assets/loader.php on line 95
[03-Jun-2026 19:20:27 UTC] PHP Warning:  Undefined array key "version" in /home/alamstor/public_html/wp-content/plugins/elementor/core/page-assets/loader.php on line 95
[03-Jun-2026 20:10:29 UTC] PHP Warning:  Undefined array key "src" in /home/alamstor/public_html/wp-content/plugins/elementor/core/page-assets/loader.php on line 95
[03-Jun-2026 20:10:29 UTC] PHP Warning:  Undefined array key "dependencies" in /home/alamstor/public_html/wp-content/plugins/elementor/core/page-assets/loader.php on line 95
[03-Jun-2026 20:10:29 UTC] PHP Warning:  Undefined array key "version" in /home/alamstor/public_html/wp-content/plugins/elementor/core/page-assets/loader.php on line 95
[03-Jun-2026 20:10:29 UTC] PHP Warning:  Undefined array key "src" in /home/alamstor/public_html/wp-content/plugins/elementor/core/page-assets/loader.php on line 95
[03-Jun-2026 20:10:29 UTC] PHP Warning:  Undefined array key "dependencies" in /home/alamstor/public_html/wp-content/plugins/elementor/core/page-assets/loader.php on line 95
[03-Jun-2026 20:10:29 UTC] PHP Warning:  Undefined array key "version" in /home/alamstor/public_html/wp-content/plugins/elementor/core/page-assets/loader.php on line 95
[03-Jun-2026 20:21:17 UTC] PHP Warning:  Undefined array key "src" in /home/alamstor/public_html/wp-content/plugins/elementor/core/page-assets/loader.php on line 95
[03-Jun-2026 20:21:17 UTC] PHP Warning:  Undefined array key "dependencies" in /home/alamstor/public_html/wp-content/plugins/elementor/core/page-assets/loader.php on line 95
[03-Jun-2026 20:21:17 UTC] PHP Warning:  Undefined array key "version" in /home/alamstor/public_html/wp-content/plugins/elementor/core/page-assets/loader.php on line 95
[03-Jun-2026 20:21:17 UTC] PHP Warning:  Undefined array key "src" in /home/alamstor/public_html/wp-content/plugins/elementor/core/page-assets/loader.php on line 95
[03-Jun-2026 20:21:17 UTC] PHP Warning:  Undefined array key "dependencies" in /home/alamstor/public_html/wp-content/plugins/elementor/core/page-assets/loader.php on line 95
[03-Jun-2026 20:21:17 UTC] PHP Warning:  Undefined array key "version" in /home/alamstor/public_html/wp-content/plugins/elementor/core/page-assets/loader.php on line 95
[03-Jun-2026 20:46:48 UTC] PHP Warning:  Undefined array key "src" in /home/alamstor/public_html/wp-content/plugins/elementor/core/page-assets/loader.php on line 95
[03-Jun-2026 20:46:48 UTC] PHP Warning:  Undefined array key "dependencies" in /home/alamstor/public_html/wp-content/plugins/elementor/core/page-assets/loader.php on line 95
[03-Jun-2026 20:46:48 UTC] PHP Warning:  Undefined array key "version" in /home/alamstor/public_html/wp-content/plugins/elementor/core/page-assets/loader.php on line 95
[03-Jun-2026 20:46:48 UTC] PHP Warning:  Undefined array key "src" in /home/alamstor/public_html/wp-content/plugins/elementor/core/page-assets/loader.php on line 95
[03-Jun-2026 20:46:48 UTC] PHP Warning:  Undefined array key "dependencies" in /home/alamstor/public_html/wp-content/plugins/elementor/core/page-assets/loader.php on line 95
[03-Jun-2026 20:46:48 UTC] PHP Warning:  Undefined array key "version" in /home/alamstor/public_html/wp-content/plugins/elementor/core/page-assets/loader.php on line 95
[03-Jun-2026 20:49:10 UTC] PHP Warning:  Undefined array key "src" in /home/alamstor/public_html/wp-content/plugins/elementor/core/page-assets/loader.php on line 95
[03-Jun-2026 20:49:10 UTC] PHP Warning:  Undefined array key "dependencies" in /home/alamstor/public_html/wp-content/plugins/elementor/core/page-assets/loader.php on line 95
[03-Jun-2026 20:49:10 UTC] PHP Warning:  Undefined array key "version" in /home/alamstor/public_html/wp-content/plugins/elementor/core/page-assets/loader.php on line 95
[03-Jun-2026 20:49:10 UTC] PHP Warning:  Undefined array key "src" in /home/alamstor/public_html/wp-content/plugins/elementor/core/page-assets/loader.php on line 95
[03-Jun-2026 20:49:10 UTC] PHP Warning:  Undefined array key "dependencies" in /home/alamstor/public_html/wp-content/plugins/elementor/core/page-assets/loader.php on line 95
[03-Jun-2026 20:49:10 UTC] PHP Warning:  Undefined array key "version" in /home/alamstor/public_html/wp-content/plugins/elementor/core/page-assets/loader.php on line 95
[03-Jun-2026 20:49:11 UTC] PHP Warning:  Undefined array key "src" in /home/alamstor/public_html/wp-content/plugins/elementor/core/page-assets/loader.php on line 95
[03-Jun-2026 20:49:11 UTC] PHP Warning:  Undefined array key "dependencies" in /home/alamstor/public_html/wp-content/plugins/elementor/core/page-assets/loader.php on line 95
[03-Jun-2026 20:49:11 UTC] PHP Warning:  Undefined array key "version" in /home/alamstor/public_html/wp-content/plugins/elementor/core/page-assets/loader.php on line 95
[03-Jun-2026 20:49:11 UTC] PHP Warning:  Undefined array key "src" in /home/alamstor/public_html/wp-content/plugins/elementor/core/page-assets/loader.php on line 95
[03-Jun-2026 20:49:11 UTC] PHP Warning:  Undefined array key "dependencies" in /home/alamstor/public_html/wp-content/plugins/elementor/core/page-assets/loader.php on line 95
[03-Jun-2026 20:49:11 UTC] PHP Warning:  Undefined array key "version" in /home/alamstor/public_html/wp-content/plugins/elementor/core/page-assets/loader.php on line 95
[03-Jun-2026 20:49:11 UTC] PHP Warning:  Undefined array key "src" in /home/alamstor/public_html/wp-content/plugins/elementor/core/page-assets/loader.php on line 95
[03-Jun-2026 20:49:11 UTC] PHP Warning:  Undefined array key "dependencies" in /home/alamstor/public_html/wp-content/plugins/elementor/core/page-assets/loader.php on line 95
[03-Jun-2026 20:49:11 UTC] PHP Warning:  Undefined array key "version" in /home/alamstor/public_html/wp-content/plugins/elementor/core/page-assets/loader.php on line 95
[03-Jun-2026 20:49:11 UTC] PHP Warning:  Undefined array key "src" in /home/alamstor/public_html/wp-content/plugins/elementor/core/page-assets/loader.php on line 95
[03-Jun-2026 20:49:11 UTC] PHP Warning:  Undefined array key "dependencies" in /home/alamstor/public_html/wp-content/plugins/elementor/core/page-assets/loader.php on line 95
[03-Jun-2026 20:49:11 UTC] PHP Warning:  Undefined array key "version" in /home/alamstor/public_html/wp-content/plugins/elementor/core/page-assets/loader.php on line 95
[03-Jun-2026 20:49:12 UTC] PHP Warning:  Undefined array key "src" in /home/alamstor/public_html/wp-content/plugins/elementor/core/page-assets/loader.php on line 95
[03-Jun-2026 20:49:12 UTC] PHP Warning:  Undefined array key "dependencies" in /home/alamstor/public_html/wp-content/plugins/elementor/core/page-assets/loader.php on line 95
[03-Jun-2026 20:49:12 UTC] PHP Warning:  Undefined array key "version" in /home/alamstor/public_html/wp-content/plugins/elementor/core/page-assets/loader.php on line 95
[03-Jun-2026 20:49:12 UTC] PHP Warning:  Undefined array key "src" in /home/alamstor/public_html/wp-content/plugins/elementor/core/page-assets/loader.php on line 95
[03-Jun-2026 20:49:12 UTC] PHP Warning:  Undefined array key "dependencies" in /home/alamstor/public_html/wp-content/plugins/elementor/core/page-assets/loader.php on line 95
[03-Jun-2026 20:49:12 UTC] PHP Warning:  Undefined array key "version" in /home/alamstor/public_html/wp-content/plugins/elementor/core/page-assets/loader.php on line 95
[03-Jun-2026 20:49:31 UTC] PHP Warning:  Undefined array key "src" in /home/alamstor/public_html/wp-content/plugins/elementor/core/page-assets/loader.php on line 95
[03-Jun-2026 20:49:31 UTC] PHP Warning:  Undefined array key "dependencies" in /home/alamstor/public_html/wp-content/plugins/elementor/core/page-assets/loader.php on line 95
[03-Jun-2026 20:49:31 UTC] PHP Warning:  Undefined array key "version" in /home/alamstor/public_html/wp-content/plugins/elementor/core/page-assets/loader.php on line 95
[03-Jun-2026 20:49:31 UTC] PHP Warning:  Undefined array key "src" in /home/alamstor/public_html/wp-content/plugins/elementor/core/page-assets/loader.php on line 95
[03-Jun-2026 20:49:31 UTC] PHP Warning:  Undefined array key "dependencies" in /home/alamstor/public_html/wp-content/plugins/elementor/core/page-assets/loader.php on line 95
[03-Jun-2026 20:49:31 UTC] PHP Warning:  Undefined array key "version" in /home/alamstor/public_html/wp-content/plugins/elementor/core/page-assets/loader.php on line 95
[03-Jun-2026 20:49:32 UTC] PHP Warning:  Undefined array key "src" in /home/alamstor/public_html/wp-content/plugins/elementor/core/page-assets/loader.php on line 95
[03-Jun-2026 20:49:32 UTC] PHP Warning:  Undefined array key "dependencies" in /home/alamstor/public_html/wp-content/plugins/elementor/core/page-assets/loader.php on line 95
[03-Jun-2026 20:49:32 UTC] PHP Warning:  Undefined array key "version" in /home/alamstor/public_html/wp-content/plugins/elementor/core/page-assets/loader.php on line 95
[03-Jun-2026 20:49:32 UTC] PHP Warning:  Undefined array key "src" in /home/alamstor/public_html/wp-content/plugins/elementor/core/page-assets/loader.php on line 95
[03-Jun-2026 20:49:32 UTC] PHP Warning:  Undefined array key "dependencies" in /home/alamstor/public_html/wp-content/plugins/elementor/core/page-assets/loader.php on line 95
[03-Jun-2026 20:49:32 UTC] PHP Warning:  Undefined array key "version" in /home/alamstor/public_html/wp-content/plugins/elementor/core/page-assets/loader.php on line 95
[03-Jun-2026 20:49:33 UTC] PHP Warning:  Undefined array key "src" in /home/alamstor/public_html/wp-content/plugins/elementor/core/page-assets/loader.php on line 95
[03-Jun-2026 20:49:33 UTC] PHP Warning:  Undefined array key "dependencies" in /home/alamstor/public_html/wp-content/plugins/elementor/core/page-assets/loader.php on line 95
[03-Jun-2026 20:49:33 UTC] PHP Warning:  Undefined array key "version" in /home/alamstor/public_html/wp-content/plugins/elementor/core/page-assets/loader.php on line 95
[03-Jun-2026 20:49:33 UTC] PHP Warning:  Undefined array key "src" in /home/alamstor/public_html/wp-content/plugins/elementor/core/page-assets/loader.php on line 95
[03-Jun-2026 20:49:33 UTC] PHP Warning:  Undefined array key "dependencies" in /home/alamstor/public_html/wp-content/plugins/elementor/core/page-assets/loader.php on line 95
[03-Jun-2026 20:49:33 UTC] PHP Warning:  Undefined array key "version" in /home/alamstor/public_html/wp-content/plugins/elementor/core/page-assets/loader.php on line 95
[03-Jun-2026 20:49:37 UTC] PHP Warning:  Undefined array key "src" in /home/alamstor/public_html/wp-content/plugins/elementor/core/page-assets/loader.php on line 95
[03-Jun-2026 20:49:37 UTC] PHP Warning:  Undefined array key "dependencies" in /home/alamstor/public_html/wp-content/plugins/elementor/core/page-assets/loader.php on line 95
[03-Jun-2026 20:49:37 UTC] PHP Warning:  Undefined array key "version" in /home/alamstor/public_html/wp-content/plugins/elementor/core/page-assets/loader.php on line 95
[03-Jun-2026 20:49:37 UTC] PHP Warning:  Undefined array key "src" in /home/alamstor/public_html/wp-content/plugins/elementor/core/page-assets/loader.php on line 95
[03-Jun-2026 20:49:37 UTC] PHP Warning:  Undefined array key "dependencies" in /home/alamstor/public_html/wp-content/plugins/elementor/core/page-assets/loader.php on line 95
[03-Jun-2026 20:49:37 UTC] PHP Warning:  Undefined array key "version" in /home/alamstor/public_html/wp-content/plugins/elementor/core/page-assets/loader.php on line 95
[03-Jun-2026 20:49:37 UTC] PHP Warning:  Undefined array key "src" in /home/alamstor/public_html/wp-content/plugins/elementor/core/page-assets/loader.php on line 95
[03-Jun-2026 20:49:37 UTC] PHP Warning:  Undefined array key "dependencies" in /home/alamstor/public_html/wp-content/plugins/elementor/core/page-assets/loader.php on line 95
[03-Jun-2026 20:49:37 UTC] PHP Warning:  Undefined array key "version" in /home/alamstor/public_html/wp-content/plugins/elementor/core/page-assets/loader.php on line 95
[03-Jun-2026 20:49:37 UTC] PHP Warning:  Undefined array key "src" in /home/alamstor/public_html/wp-content/plugins/elementor/core/page-assets/loader.php on line 95
[03-Jun-2026 20:49:37 UTC] PHP Warning:  Undefined array key "dependencies" in /home/alamstor/public_html/wp-content/plugins/elementor/core/page-assets/loader.php on line 95
[03-Jun-2026 20:49:37 UTC] PHP Warning:  Undefined array key "version" in /home/alamstor/public_html/wp-content/plugins/elementor/core/page-assets/loader.php on line 95
[03-Jun-2026 20:49:38 UTC] PHP Warning:  Undefined array key "src" in /home/alamstor/public_html/wp-content/plugins/elementor/core/page-assets/loader.php on line 95
[03-Jun-2026 20:49:38 UTC] PHP Warning:  Undefined array key "dependencies" in /home/alamstor/public_html/wp-content/plugins/elementor/core/page-assets/loader.php on line 95
[03-Jun-2026 20:49:38 UTC] PHP Warning:  Undefined array key "version" in /home/alamstor/public_html/wp-content/plugins/elementor/core/page-assets/loader.php on line 95
[03-Jun-2026 20:49:38 UTC] PHP Warning:  Undefined array key "src" in /home/alamstor/public_html/wp-content/plugins/elementor/core/page-assets/loader.php on line 95
[03-Jun-2026 20:49:38 UTC] PHP Warning:  Undefined array key "dependencies" in /home/alamstor/public_html/wp-content/plugins/elementor/core/page-assets/loader.php on line 95
[03-Jun-2026 20:49:38 UTC] PHP Warning:  Undefined array key "version" in /home/alamstor/public_html/wp-content/plugins/elementor/core/page-assets/loader.php on line 95
[03-Jun-2026 20:49:43 UTC] PHP Warning:  Undefined array key "src" in /home/alamstor/public_html/wp-content/plugins/elementor/core/page-assets/loader.php on line 95
[03-Jun-2026 20:49:43 UTC] PHP Warning:  Undefined array key "dependencies" in /home/alamstor/public_html/wp-content/plugins/elementor/core/page-assets/loader.php on line 95
[03-Jun-2026 20:49:43 UTC] PHP Warning:  Undefined array key "version" in /home/alamstor/public_html/wp-content/plugins/elementor/core/page-assets/loader.php on line 95
[03-Jun-2026 20:49:43 UTC] PHP Warning:  Undefined array key "src" in /home/alamstor/public_html/wp-content/plugins/elementor/core/page-assets/loader.php on line 95
[03-Jun-2026 20:49:43 UTC] PHP Warning:  Undefined array key "dependencies" in /home/alamstor/public_html/wp-content/plugins/elementor/core/page-assets/loader.php on line 95
[03-Jun-2026 20:49:43 UTC] PHP Warning:  Undefined array key "version" in /home/alamstor/public_html/wp-content/plugins/elementor/core/page-assets/loader.php on line 95
[03-Jun-2026 20:49:44 UTC] PHP Warning:  Undefined array key "src" in /home/alamstor/public_html/wp-content/plugins/elementor/core/page-assets/loader.php on line 95
[03-Jun-2026 20:49:44 UTC] PHP Warning:  Undefined array key "dependencies" in /home/alamstor/public_html/wp-content/plugins/elementor/core/page-assets/loader.php on line 95
[03-Jun-2026 20:49:44 UTC] PHP Warning:  Undefined array key "version" in /home/alamstor/public_html/wp-content/plugins/elementor/core/page-assets/loader.php on line 95
[03-Jun-2026 20:49:44 UTC] PHP Warning:  Undefined array key "src" in /home/alamstor/public_html/wp-content/plugins/elementor/core/page-assets/loader.php on line 95
[03-Jun-2026 20:49:44 UTC] PHP Warning:  Undefined array key "dependencies" in /home/alamstor/public_html/wp-content/plugins/elementor/core/page-assets/loader.php on line 95
[03-Jun-2026 20:49:44 UTC] PHP Warning:  Undefined array key "version" in /home/alamstor/public_html/wp-content/plugins/elementor/core/page-assets/loader.php on line 95
[03-Jun-2026 20:49:44 UTC] PHP Warning:  Undefined array key "src" in /home/alamstor/public_html/wp-content/plugins/elementor/core/page-assets/loader.php on line 95
[03-Jun-2026 20:49:44 UTC] PHP Warning:  Undefined array key "dependencies" in /home/alamstor/public_html/wp-content/plugins/elementor/core/page-assets/loader.php on line 95
[03-Jun-2026 20:49:44 UTC] PHP Warning:  Undefined array key "version" in /home/alamstor/public_html/wp-content/plugins/elementor/core/page-assets/loader.php on line 95
[03-Jun-2026 20:49:44 UTC] PHP Warning:  Undefined array key "src" in /home/alamstor/public_html/wp-content/plugins/elementor/core/page-assets/loader.php on line 95
[03-Jun-2026 20:49:44 UTC] PHP Warning:  Undefined array key "dependencies" in /home/alamstor/public_html/wp-content/plugins/elementor/core/page-assets/loader.php on line 95
[03-Jun-2026 20:49:44 UTC] PHP Warning:  Undefined array key "version" in /home/alamstor/public_html/wp-content/plugins/elementor/core/page-assets/loader.php on line 95
[03-Jun-2026 20:49:58 UTC] PHP Warning:  Undefined array key "src" in /home/alamstor/public_html/wp-content/plugins/elementor/core/page-assets/loader.php on line 95
[03-Jun-2026 20:49:58 UTC] PHP Warning:  Undefined array key "dependencies" in /home/alamstor/public_html/wp-content/plugins/elementor/core/page-assets/loader.php on line 95
[03-Jun-2026 20:49:58 UTC] PHP Warning:  Undefined array key "version" in /home/alamstor/public_html/wp-content/plugins/elementor/core/page-assets/loader.php on line 95
[03-Jun-2026 20:49:58 UTC] PHP Warning:  Undefined array key "src" in /home/alamstor/public_html/wp-content/plugins/elementor/core/page-assets/loader.php on line 95
[03-Jun-2026 20:49:58 UTC] PHP Warning:  Undefined array key "dependencies" in /home/alamstor/public_html/wp-content/plugins/elementor/core/page-assets/loader.php on line 95
[03-Jun-2026 20:49:58 UTC] PHP Warning:  Undefined array key "version" in /home/alamstor/public_html/wp-content/plugins/elementor/core/page-assets/loader.php on line 95
[03-Jun-2026 20:49:58 UTC] PHP Warning:  Undefined array key "src" in /home/alamstor/public_html/wp-content/plugins/elementor/core/page-assets/loader.php on line 95
[03-Jun-2026 20:49:58 UTC] PHP Warning:  Undefined array key "dependencies" in /home/alamstor/public_html/wp-content/plugins/elementor/core/page-assets/loader.php on line 95
[03-Jun-2026 20:49:58 UTC] PHP Warning:  Undefined array key "version" in /home/alamstor/public_html/wp-content/plugins/elementor/core/page-assets/loader.php on line 95
[03-Jun-2026 20:49:58 UTC] PHP Warning:  Undefined array key "src" in /home/alamstor/public_html/wp-content/plugins/elementor/core/page-assets/loader.php on line 95
[03-Jun-2026 20:49:58 UTC] PHP Warning:  Undefined array key "dependencies" in /home/alamstor/public_html/wp-content/plugins/elementor/core/page-assets/loader.php on line 95
[03-Jun-2026 20:49:58 UTC] PHP Warning:  Undefined array key "version" in /home/alamstor/public_html/wp-content/plugins/elementor/core/page-assets/loader.php on line 95
[03-Jun-2026 20:49:59 UTC] PHP Warning:  Undefined array key "src" in /home/alamstor/public_html/wp-content/plugins/elementor/core/page-assets/loader.php on line 95
[03-Jun-2026 20:49:59 UTC] PHP Warning:  Undefined array key "dependencies" in /home/alamstor/public_html/wp-content/plugins/elementor/core/page-assets/loader.php on line 95
[03-Jun-2026 20:49:59 UTC] PHP Warning:  Undefined array key "version" in /home/alamstor/public_html/wp-content/plugins/elementor/core/page-assets/loader.php on line 95
[03-Jun-2026 20:49:59 UTC] PHP Warning:  Undefined array key "src" in /home/alamstor/public_html/wp-content/plugins/elementor/core/page-assets/loader.php on line 95
[03-Jun-2026 20:49:59 UTC] PHP Warning:  Undefined array key "dependencies" in /home/alamstor/public_html/wp-content/plugins/elementor/core/page-assets/loader.php on line 95
[03-Jun-2026 20:49:59 UTC] PHP Warning:  Undefined array key "version" in /home/alamstor/public_html/wp-content/plugins/elementor/core/page-assets/loader.php on line 95
[03-Jun-2026 20:53:25 UTC] PHP Warning:  Undefined array key "src" in /home/alamstor/public_html/wp-content/plugins/elementor/core/page-assets/loader.php on line 95
[03-Jun-2026 20:53:25 UTC] PHP Warning:  Undefined array key "dependencies" in /home/alamstor/public_html/wp-content/plugins/elementor/core/page-assets/loader.php on line 95
[03-Jun-2026 20:53:25 UTC] PHP Warning:  Undefined array key "version" in /home/alamstor/public_html/wp-content/plugins/elementor/core/page-assets/loader.php on line 95
[03-Jun-2026 20:53:25 UTC] PHP Warning:  Undefined array key "src" in /home/alamstor/public_html/wp-content/plugins/elementor/core/page-assets/loader.php on line 95
[03-Jun-2026 20:53:25 UTC] PHP Warning:  Undefined array key "dependencies" in /home/alamstor/public_html/wp-content/plugins/elementor/core/page-assets/loader.php on line 95
[03-Jun-2026 20:53:25 UTC] PHP Warning:  Undefined array key "version" in /home/alamstor/public_html/wp-content/plugins/elementor/core/page-assets/loader.php on line 95
[03-Jun-2026 21:13:32 UTC] PHP Warning:  Undefined array key "src" in /home/alamstor/public_html/wp-content/plugins/elementor/core/page-assets/loader.php on line 95
[03-Jun-2026 21:13:32 UTC] PHP Warning:  Undefined array key "dependencies" in /home/alamstor/public_html/wp-content/plugins/elementor/core/page-assets/loader.php on line 95
[03-Jun-2026 21:13:32 UTC] PHP Warning:  Undefined array key "version" in /home/alamstor/public_html/wp-content/plugins/elementor/core/page-assets/loader.php on line 95
[03-Jun-2026 21:13:32 UTC] PHP Warning:  Undefined array key "src" in /home/alamstor/public_html/wp-content/plugins/elementor/core/page-assets/loader.php on line 95
[03-Jun-2026 21:13:32 UTC] PHP Warning:  Undefined array key "dependencies" in /home/alamstor/public_html/wp-content/plugins/elementor/core/page-assets/loader.php on line 95
[03-Jun-2026 21:13:32 UTC] PHP Warning:  Undefined array key "version" in /home/alamstor/public_html/wp-content/plugins/elementor/core/page-assets/loader.php on line 95
[03-Jun-2026 21:13:51 UTC] PHP Warning:  Undefined array key "src" in /home/alamstor/public_html/wp-content/plugins/elementor/core/page-assets/loader.php on line 95
[03-Jun-2026 21:13:51 UTC] PHP Warning:  Undefined array key "dependencies" in /home/alamstor/public_html/wp-content/plugins/elementor/core/page-assets/loader.php on line 95
[03-Jun-2026 21:13:51 UTC] PHP Warning:  Undefined array key "version" in /home/alamstor/public_html/wp-content/plugins/elementor/core/page-assets/loader.php on line 95
[03-Jun-2026 21:13:51 UTC] PHP Warning:  Undefined array key "src" in /home/alamstor/public_html/wp-content/plugins/elementor/core/page-assets/loader.php on line 95
[03-Jun-2026 21:13:51 UTC] PHP Warning:  Undefined array key "dependencies" in /home/alamstor/public_html/wp-content/plugins/elementor/core/page-assets/loader.php on line 95
[03-Jun-2026 21:13:51 UTC] PHP Warning:  Undefined array key "version" in /home/alamstor/public_html/wp-content/plugins/elementor/core/page-assets/loader.php on line 95
[03-Jun-2026 21:13:51 UTC] PHP Warning:  Undefined array key "src" in /home/alamstor/public_html/wp-content/plugins/elementor/core/page-assets/loader.php on line 95
[03-Jun-2026 21:13:51 UTC] PHP Warning:  Undefined array key "dependencies" in /home/alamstor/public_html/wp-content/plugins/elementor/core/page-assets/loader.php on line 95
[03-Jun-2026 21:13:51 UTC] PHP Warning:  Undefined array key "version" in /home/alamstor/public_html/wp-content/plugins/elementor/core/page-assets/loader.php on line 95
[03-Jun-2026 21:13:51 UTC] PHP Warning:  Undefined array key "src" in /home/alamstor/public_html/wp-content/plugins/elementor/core/page-assets/loader.php on line 95
[03-Jun-2026 21:13:51 UTC] PHP Warning:  Undefined array key "dependencies" in /home/alamstor/public_html/wp-content/plugins/elementor/core/page-assets/loader.php on line 95
[03-Jun-2026 21:13:51 UTC] PHP Warning:  Undefined array key "version" in /home/alamstor/public_html/wp-content/plugins/elementor/core/page-assets/loader.php on line 95
[03-Jun-2026 21:29:36 UTC] PHP Warning:  Undefined array key "src" in /home/alamstor/public_html/wp-content/plugins/elementor/core/page-assets/loader.php on line 95
[03-Jun-2026 21:29:36 UTC] PHP Warning:  Undefined array key "dependencies" in /home/alamstor/public_html/wp-content/plugins/elementor/core/page-assets/loader.php on line 95
[03-Jun-2026 21:29:36 UTC] PHP Warning:  Undefined array key "version" in /home/alamstor/public_html/wp-content/plugins/elementor/core/page-assets/loader.php on line 95
[03-Jun-2026 21:29:36 UTC] PHP Warning:  Undefined array key "src" in /home/alamstor/public_html/wp-content/plugins/elementor/core/page-assets/loader.php on line 95
[03-Jun-2026 21:29:36 UTC] PHP Warning:  Undefined array key "dependencies" in /home/alamstor/public_html/wp-content/plugins/elementor/core/page-assets/loader.php on line 95
[03-Jun-2026 21:29:36 UTC] PHP Warning:  Undefined array key "version" in /home/alamstor/public_html/wp-content/plugins/elementor/core/page-assets/loader.php on line 95
[03-Jun-2026 21:37:23 UTC] PHP Warning:  Undefined array key "src" in /home/alamstor/public_html/wp-content/plugins/elementor/core/page-assets/loader.php on line 95
[03-Jun-2026 21:37:23 UTC] PHP Warning:  Undefined array key "dependencies" in /home/alamstor/public_html/wp-content/plugins/elementor/core/page-assets/loader.php on line 95
[03-Jun-2026 21:37:23 UTC] PHP Warning:  Undefined array key "version" in /home/alamstor/public_html/wp-content/plugins/elementor/core/page-assets/loader.php on line 95
[03-Jun-2026 21:37:23 UTC] PHP Warning:  Undefined array key "src" in /home/alamstor/public_html/wp-content/plugins/elementor/core/page-assets/loader.php on line 95
[03-Jun-2026 21:37:23 UTC] PHP Warning:  Undefined array key "dependencies" in /home/alamstor/public_html/wp-content/plugins/elementor/core/page-assets/loader.php on line 95
[03-Jun-2026 21:37:23 UTC] PHP Warning:  Undefined array key "version" in /home/alamstor/public_html/wp-content/plugins/elementor/core/page-assets/loader.php on line 95
[03-Jun-2026 21:39:49 UTC] PHP Warning:  Undefined array key "src" in /home/alamstor/public_html/wp-content/plugins/elementor/core/page-assets/loader.php on line 95
[03-Jun-2026 21:39:49 UTC] PHP Warning:  Undefined array key "dependencies" in /home/alamstor/public_html/wp-content/plugins/elementor/core/page-assets/loader.php on line 95
[03-Jun-2026 21:39:49 UTC] PHP Warning:  Undefined array key "version" in /home/alamstor/public_html/wp-content/plugins/elementor/core/page-assets/loader.php on line 95
[03-Jun-2026 21:39:49 UTC] PHP Warning:  Undefined array key "src" in /home/alamstor/public_html/wp-content/plugins/elementor/core/page-assets/loader.php on line 95
[03-Jun-2026 21:39:49 UTC] PHP Warning:  Undefined array key "dependencies" in /home/alamstor/public_html/wp-content/plugins/elementor/core/page-assets/loader.php on line 95
[03-Jun-2026 21:39:49 UTC] PHP Warning:  Undefined array key "version" in /home/alamstor/public_html/wp-content/plugins/elementor/core/page-assets/loader.php on line 95
[03-Jun-2026 22:00:36 UTC] PHP Warning:  Undefined array key "src" in /home/alamstor/public_html/wp-content/plugins/elementor/core/page-assets/loader.php on line 95
[03-Jun-2026 22:00:36 UTC] PHP Warning:  Undefined array key "dependencies" in /home/alamstor/public_html/wp-content/plugins/elementor/core/page-assets/loader.php on line 95
[03-Jun-2026 22:00:36 UTC] PHP Warning:  Undefined array key "version" in /home/alamstor/public_html/wp-content/plugins/elementor/core/page-assets/loader.php on line 95
[03-Jun-2026 22:00:36 UTC] PHP Warning:  Undefined array key "src" in /home/alamstor/public_html/wp-content/plugins/elementor/core/page-assets/loader.php on line 95
[03-Jun-2026 22:00:36 UTC] PHP Warning:  Undefined array key "dependencies" in /home/alamstor/public_html/wp-content/plugins/elementor/core/page-assets/loader.php on line 95
[03-Jun-2026 22:00:36 UTC] PHP Warning:  Undefined array key "version" in /home/alamstor/public_html/wp-content/plugins/elementor/core/page-assets/loader.php on line 95
[03-Jun-2026 22:29:45 UTC] PHP Warning:  Undefined array key "src" in /home/alamstor/public_html/wp-content/plugins/elementor/core/page-assets/loader.php on line 95
[03-Jun-2026 22:29:45 UTC] PHP Warning:  Undefined array key "dependencies" in /home/alamstor/public_html/wp-content/plugins/elementor/core/page-assets/loader.php on line 95
[03-Jun-2026 22:29:45 UTC] PHP Warning:  Undefined array key "version" in /home/alamstor/public_html/wp-content/plugins/elementor/core/page-assets/loader.php on line 95
[03-Jun-2026 22:29:45 UTC] PHP Warning:  Undefined array key "src" in /home/alamstor/public_html/wp-content/plugins/elementor/core/page-assets/loader.php on line 95
[03-Jun-2026 22:29:45 UTC] PHP Warning:  Undefined array key "dependencies" in /home/alamstor/public_html/wp-content/plugins/elementor/core/page-assets/loader.php on line 95
[03-Jun-2026 22:29:45 UTC] PHP Warning:  Undefined array key "version" in /home/alamstor/public_html/wp-content/plugins/elementor/core/page-assets/loader.php on line 95
[03-Jun-2026 22:35:42 UTC] PHP Warning:  Undefined array key "src" in /home/alamstor/public_html/wp-content/plugins/elementor/core/page-assets/loader.php on line 95
[03-Jun-2026 22:35:42 UTC] PHP Warning:  Undefined array key "dependencies" in /home/alamstor/public_html/wp-content/plugins/elementor/core/page-assets/loader.php on line 95
[03-Jun-2026 22:35:42 UTC] PHP Warning:  Undefined array key "version" in /home/alamstor/public_html/wp-content/plugins/elementor/core/page-assets/loader.php on line 95
[03-Jun-2026 22:35:42 UTC] PHP Warning:  Undefined array key "src" in /home/alamstor/public_html/wp-content/plugins/elementor/core/page-assets/loader.php on line 95
[03-Jun-2026 22:35:42 UTC] PHP Warning:  Undefined array key "dependencies" in /home/alamstor/public_html/wp-content/plugins/elementor/core/page-assets/loader.php on line 95
[03-Jun-2026 22:35:42 UTC] PHP Warning:  Undefined array key "version" in /home/alamstor/public_html/wp-content/plugins/elementor/core/page-assets/loader.php on line 95
[03-Jun-2026 22:37:40 UTC] PHP Warning:  Undefined array key "src" in /home/alamstor/public_html/wp-content/plugins/elementor/core/page-assets/loader.php on line 95
[03-Jun-2026 22:37:40 UTC] PHP Warning:  Undefined array key "dependencies" in /home/alamstor/public_html/wp-content/plugins/elementor/core/page-assets/loader.php on line 95
[03-Jun-2026 22:37:40 UTC] PHP Warning:  Undefined array key "version" in /home/alamstor/public_html/wp-content/plugins/elementor/core/page-assets/loader.php on line 95
[03-Jun-2026 22:37:40 UTC] PHP Warning:  Undefined array key "src" in /home/alamstor/public_html/wp-content/plugins/elementor/core/page-assets/loader.php on line 95
[03-Jun-2026 22:37:40 UTC] PHP Warning:  Undefined array key "dependencies" in /home/alamstor/public_html/wp-content/plugins/elementor/core/page-assets/loader.php on line 95
[03-Jun-2026 22:37:40 UTC] PHP Warning:  Undefined array key "version" in /home/alamstor/public_html/wp-content/plugins/elementor/core/page-assets/loader.php on line 95
[03-Jun-2026 22:56:42 UTC] PHP Warning:  Undefined array key "src" in /home/alamstor/public_html/wp-content/plugins/elementor/core/page-assets/loader.php on line 95
[03-Jun-2026 22:56:42 UTC] PHP Warning:  Undefined array key "dependencies" in /home/alamstor/public_html/wp-content/plugins/elementor/core/page-assets/loader.php on line 95
[03-Jun-2026 22:56:42 UTC] PHP Warning:  Undefined array key "version" in /home/alamstor/public_html/wp-content/plugins/elementor/core/page-assets/loader.php on line 95
[03-Jun-2026 22:56:42 UTC] PHP Warning:  Undefined array key "src" in /home/alamstor/public_html/wp-content/plugins/elementor/core/page-assets/loader.php on line 95
[03-Jun-2026 22:56:42 UTC] PHP Warning:  Undefined array key "dependencies" in /home/alamstor/public_html/wp-content/plugins/elementor/core/page-assets/loader.php on line 95
[03-Jun-2026 22:56:42 UTC] PHP Warning:  Undefined array key "version" in /home/alamstor/public_html/wp-content/plugins/elementor/core/page-assets/loader.php on line 95
[03-Jun-2026 22:56:43 UTC] PHP Warning:  Undefined array key "src" in /home/alamstor/public_html/wp-content/plugins/elementor/core/page-assets/loader.php on line 95
[03-Jun-2026 22:56:43 UTC] PHP Warning:  Undefined array key "dependencies" in /home/alamstor/public_html/wp-content/plugins/elementor/core/page-assets/loader.php on line 95
[03-Jun-2026 22:56:43 UTC] PHP Warning:  Undefined array key "version" in /home/alamstor/public_html/wp-content/plugins/elementor/core/page-assets/loader.php on line 95
[03-Jun-2026 22:56:43 UTC] PHP Warning:  Undefined array key "src" in /home/alamstor/public_html/wp-content/plugins/elementor/core/page-assets/loader.php on line 95
[03-Jun-2026 22:56:43 UTC] PHP Warning:  Undefined array key "dependencies" in /home/alamstor/public_html/wp-content/plugins/elementor/core/page-assets/loader.php on line 95
[03-Jun-2026 22:56:43 UTC] PHP Warning:  Undefined array key "version" in /home/alamstor/public_html/wp-content/plugins/elementor/core/page-assets/loader.php on line 95
[03-Jun-2026 22:59:22 UTC] PHP Warning:  Undefined array key "src" in /home/alamstor/public_html/wp-content/plugins/elementor/core/page-assets/loader.php on line 95
[03-Jun-2026 22:59:22 UTC] PHP Warning:  Undefined array key "dependencies" in /home/alamstor/public_html/wp-content/plugins/elementor/core/page-assets/loader.php on line 95
[03-Jun-2026 22:59:22 UTC] PHP Warning:  Undefined array key "version" in /home/alamstor/public_html/wp-content/plugins/elementor/core/page-assets/loader.php on line 95
[03-Jun-2026 22:59:22 UTC] PHP Warning:  Undefined array key "src" in /home/alamstor/public_html/wp-content/plugins/elementor/core/page-assets/loader.php on line 95
[03-Jun-2026 22:59:22 UTC] PHP Warning:  Undefined array key "dependencies" in /home/alamstor/public_html/wp-content/plugins/elementor/core/page-assets/loader.php on line 95
[03-Jun-2026 22:59:22 UTC] PHP Warning:  Undefined array key "version" in /home/alamstor/public_html/wp-content/plugins/elementor/core/page-assets/loader.php on line 95
[03-Jun-2026 23:02:21 UTC] PHP Warning:  Undefined array key "src" in /home/alamstor/public_html/wp-content/plugins/elementor/core/page-assets/loader.php on line 95
[03-Jun-2026 23:02:21 UTC] PHP Warning:  Undefined array key "dependencies" in /home/alamstor/public_html/wp-content/plugins/elementor/core/page-assets/loader.php on line 95
[03-Jun-2026 23:02:21 UTC] PHP Warning:  Undefined array key "version" in /home/alamstor/public_html/wp-content/plugins/elementor/core/page-assets/loader.php on line 95
[03-Jun-2026 23:02:21 UTC] PHP Warning:  Undefined array key "src" in /home/alamstor/public_html/wp-content/plugins/elementor/core/page-assets/loader.php on line 95
[03-Jun-2026 23:02:21 UTC] PHP Warning:  Undefined array key "dependencies" in /home/alamstor/public_html/wp-content/plugins/elementor/core/page-assets/loader.php on line 95
[03-Jun-2026 23:02:21 UTC] PHP Warning:  Undefined array key "version" in /home/alamstor/public_html/wp-content/plugins/elementor/core/page-assets/loader.php on line 95
[03-Jun-2026 23:02:23 UTC] PHP Warning:  Undefined array key "src" in /home/alamstor/public_html/wp-content/plugins/elementor/core/page-assets/loader.php on line 95
[03-Jun-2026 23:02:23 UTC] PHP Warning:  Undefined array key "dependencies" in /home/alamstor/public_html/wp-content/plugins/elementor/core/page-assets/loader.php on line 95
[03-Jun-2026 23:02:23 UTC] PHP Warning:  Undefined array key "version" in /home/alamstor/public_html/wp-content/plugins/elementor/core/page-assets/loader.php on line 95
[03-Jun-2026 23:02:23 UTC] PHP Warning:  Undefined array key "src" in /home/alamstor/public_html/wp-content/plugins/elementor/core/page-assets/loader.php on line 95
[03-Jun-2026 23:02:23 UTC] PHP Warning:  Undefined array key "dependencies" in /home/alamstor/public_html/wp-content/plugins/elementor/core/page-assets/loader.php on line 95
[03-Jun-2026 23:02:23 UTC] PHP Warning:  Undefined array key "version" in /home/alamstor/public_html/wp-content/plugins/elementor/core/page-assets/loader.php on line 95
[03-Jun-2026 23:18:07 UTC] PHP Warning:  Undefined array key "src" in /home/alamstor/public_html/wp-content/plugins/elementor/core/page-assets/loader.php on line 95
[03-Jun-2026 23:18:07 UTC] PHP Warning:  Undefined array key "dependencies" in /home/alamstor/public_html/wp-content/plugins/elementor/core/page-assets/loader.php on line 95
[03-Jun-2026 23:18:07 UTC] PHP Warning:  Undefined array key "version" in /home/alamstor/public_html/wp-content/plugins/elementor/core/page-assets/loader.php on line 95
[03-Jun-2026 23:18:07 UTC] PHP Warning:  Undefined array key "src" in /home/alamstor/public_html/wp-content/plugins/elementor/core/page-assets/loader.php on line 95
[03-Jun-2026 23:18:07 UTC] PHP Warning:  Undefined array key "dependencies" in /home/alamstor/public_html/wp-content/plugins/elementor/core/page-assets/loader.php on line 95
[03-Jun-2026 23:18:07 UTC] PHP Warning:  Undefined array key "version" in /home/alamstor/public_html/wp-content/plugins/elementor/core/page-assets/loader.php on line 95
[03-Jun-2026 23:26:31 UTC] PHP Warning:  Undefined array key "src" in /home/alamstor/public_html/wp-content/plugins/elementor/core/page-assets/loader.php on line 95
[03-Jun-2026 23:26:31 UTC] PHP Warning:  Undefined array key "dependencies" in /home/alamstor/public_html/wp-content/plugins/elementor/core/page-assets/loader.php on line 95
[03-Jun-2026 23:26:31 UTC] PHP Warning:  Undefined array key "version" in /home/alamstor/public_html/wp-content/plugins/elementor/core/page-assets/loader.php on line 95
[03-Jun-2026 23:26:31 UTC] PHP Warning:  Undefined array key "src" in /home/alamstor/public_html/wp-content/plugins/elementor/core/page-assets/loader.php on line 95
[03-Jun-2026 23:26:31 UTC] PHP Warning:  Undefined array key "dependencies" in /home/alamstor/public_html/wp-content/plugins/elementor/core/page-assets/loader.php on line 95
[03-Jun-2026 23:26:31 UTC] PHP Warning:  Undefined array key "version" in /home/alamstor/public_html/wp-content/plugins/elementor/core/page-assets/loader.php on line 95
[03-Jun-2026 23:37:08 UTC] PHP Warning:  Undefined array key "src" in /home/alamstor/public_html/wp-content/plugins/elementor/core/page-assets/loader.php on line 95
[03-Jun-2026 23:37:08 UTC] PHP Warning:  Undefined array key "dependencies" in /home/alamstor/public_html/wp-content/plugins/elementor/core/page-assets/loader.php on line 95
[03-Jun-2026 23:37:08 UTC] PHP Warning:  Undefined array key "version" in /home/alamstor/public_html/wp-content/plugins/elementor/core/page-assets/loader.php on line 95
[03-Jun-2026 23:37:08 UTC] PHP Warning:  Undefined array key "src" in /home/alamstor/public_html/wp-content/plugins/elementor/core/page-assets/loader.php on line 95
[03-Jun-2026 23:37:08 UTC] PHP Warning:  Undefined array key "dependencies" in /home/alamstor/public_html/wp-content/plugins/elementor/core/page-assets/loader.php on line 95
[03-Jun-2026 23:37:08 UTC] PHP Warning:  Undefined array key "version" in /home/alamstor/public_html/wp-content/plugins/elementor/core/page-assets/loader.php on line 95
[03-Jun-2026 23:37:15 UTC] PHP Warning:  Undefined array key "src" in /home/alamstor/public_html/wp-content/plugins/elementor/core/page-assets/loader.php on line 95
[03-Jun-2026 23:37:15 UTC] PHP Warning:  Undefined array key "dependencies" in /home/alamstor/public_html/wp-content/plugins/elementor/core/page-assets/loader.php on line 95
[03-Jun-2026 23:37:15 UTC] PHP Warning:  Undefined array key "version" in /home/alamstor/public_html/wp-content/plugins/elementor/core/page-assets/loader.php on line 95
[03-Jun-2026 23:37:15 UTC] PHP Warning:  Undefined array key "src" in /home/alamstor/public_html/wp-content/plugins/elementor/core/page-assets/loader.php on line 95
[03-Jun-2026 23:37:15 UTC] PHP Warning:  Undefined array key "dependencies" in /home/alamstor/public_html/wp-content/plugins/elementor/core/page-assets/loader.php on line 95
[03-Jun-2026 23:37:15 UTC] PHP Warning:  Undefined array key "version" in /home/alamstor/public_html/wp-content/plugins/elementor/core/page-assets/loader.php on line 95
[03-Jun-2026 23:44:04 UTC] PHP Warning:  Undefined array key "src" in /home/alamstor/public_html/wp-content/plugins/elementor/core/page-assets/loader.php on line 95
[03-Jun-2026 23:44:04 UTC] PHP Warning:  Undefined array key "dependencies" in /home/alamstor/public_html/wp-content/plugins/elementor/core/page-assets/loader.php on line 95
[03-Jun-2026 23:44:04 UTC] PHP Warning:  Undefined array key "version" in /home/alamstor/public_html/wp-content/plugins/elementor/core/page-assets/loader.php on line 95
[03-Jun-2026 23:44:04 UTC] PHP Warning:  Undefined array key "src" in /home/alamstor/public_html/wp-content/plugins/elementor/core/page-assets/loader.php on line 95
[03-Jun-2026 23:44:04 UTC] PHP Warning:  Undefined array key "dependencies" in /home/alamstor/public_html/wp-content/plugins/elementor/core/page-assets/loader.php on line 95
[03-Jun-2026 23:44:04 UTC] PHP Warning:  Undefined array key "version" in /home/alamstor/public_html/wp-content/plugins/elementor/core/page-assets/loader.php on line 95
[03-Jun-2026 23:53:54 UTC] PHP Warning:  Undefined array key "src" in /home/alamstor/public_html/wp-content/plugins/elementor/core/page-assets/loader.php on line 95
[03-Jun-2026 23:53:54 UTC] PHP Warning:  Undefined array key "dependencies" in /home/alamstor/public_html/wp-content/plugins/elementor/core/page-assets/loader.php on line 95
[03-Jun-2026 23:53:54 UTC] PHP Warning:  Undefined array key "version" in /home/alamstor/public_html/wp-content/plugins/elementor/core/page-assets/loader.php on line 95
[03-Jun-2026 23:53:54 UTC] PHP Warning:  Undefined array key "src" in /home/alamstor/public_html/wp-content/plugins/elementor/core/page-assets/loader.php on line 95
[03-Jun-2026 23:53:54 UTC] PHP Warning:  Undefined array key "dependencies" in /home/alamstor/public_html/wp-content/plugins/elementor/core/page-assets/loader.php on line 95
[03-Jun-2026 23:53:54 UTC] PHP Warning:  Undefined array key "version" in /home/alamstor/public_html/wp-content/plugins/elementor/core/page-assets/loader.php on line 95
[03-Jun-2026 23:55:08 UTC] PHP Warning:  Undefined array key "src" in /home/alamstor/public_html/wp-content/plugins/elementor/core/page-assets/loader.php on line 95
[03-Jun-2026 23:55:08 UTC] PHP Warning:  Undefined array key "dependencies" in /home/alamstor/public_html/wp-content/plugins/elementor/core/page-assets/loader.php on line 95
[03-Jun-2026 23:55:08 UTC] PHP Warning:  Undefined array key "version" in /home/alamstor/public_html/wp-content/plugins/elementor/core/page-assets/loader.php on line 95
[03-Jun-2026 23:55:08 UTC] PHP Warning:  Undefined array key "src" in /home/alamstor/public_html/wp-content/plugins/elementor/core/page-assets/loader.php on line 95
[03-Jun-2026 23:55:08 UTC] PHP Warning:  Undefined array key "dependencies" in /home/alamstor/public_html/wp-content/plugins/elementor/core/page-assets/loader.php on line 95
[03-Jun-2026 23:55:08 UTC] PHP Warning:  Undefined array key "version" in /home/alamstor/public_html/wp-content/plugins/elementor/core/page-assets/loader.php on line 95
[04-Jun-2026 00:03:37 UTC] PHP Warning:  Undefined array key "src" in /home/alamstor/public_html/wp-content/plugins/elementor/core/page-assets/loader.php on line 95
[04-Jun-2026 00:03:37 UTC] PHP Warning:  Undefined array key "dependencies" in /home/alamstor/public_html/wp-content/plugins/elementor/core/page-assets/loader.php on line 95
[04-Jun-2026 00:03:37 UTC] PHP Warning:  Undefined array key "version" in /home/alamstor/public_html/wp-content/plugins/elementor/core/page-assets/loader.php on line 95
[04-Jun-2026 00:03:37 UTC] PHP Warning:  Undefined array key "src" in /home/alamstor/public_html/wp-content/plugins/elementor/core/page-assets/loader.php on line 95
[04-Jun-2026 00:03:37 UTC] PHP Warning:  Undefined array key "dependencies" in /home/alamstor/public_html/wp-content/plugins/elementor/core/page-assets/loader.php on line 95
[04-Jun-2026 00:03:37 UTC] PHP Warning:  Undefined array key "version" in /home/alamstor/public_html/wp-content/plugins/elementor/core/page-assets/loader.php on line 95
[04-Jun-2026 01:11:45 UTC] PHP Warning:  Undefined array key "src" in /home/alamstor/public_html/wp-content/plugins/elementor/core/page-assets/loader.php on line 95
[04-Jun-2026 01:11:45 UTC] PHP Warning:  Undefined array key "dependencies" in /home/alamstor/public_html/wp-content/plugins/elementor/core/page-assets/loader.php on line 95
[04-Jun-2026 01:11:45 UTC] PHP Warning:  Undefined array key "version" in /home/alamstor/public_html/wp-content/plugins/elementor/core/page-assets/loader.php on line 95
[04-Jun-2026 01:11:45 UTC] PHP Warning:  Undefined array key "src" in /home/alamstor/public_html/wp-content/plugins/elementor/core/page-assets/loader.php on line 95
[04-Jun-2026 01:11:45 UTC] PHP Warning:  Undefined array key "dependencies" in /home/alamstor/public_html/wp-content/plugins/elementor/core/page-assets/loader.php on line 95
[04-Jun-2026 01:11:45 UTC] PHP Warning:  Undefined array key "version" in /home/alamstor/public_html/wp-content/plugins/elementor/core/page-assets/loader.php on line 95
[04-Jun-2026 01:23:16 UTC] PHP Warning:  Undefined array key "src" in /home/alamstor/public_html/wp-content/plugins/elementor/core/page-assets/loader.php on line 95
[04-Jun-2026 01:23:16 UTC] PHP Warning:  Undefined array key "dependencies" in /home/alamstor/public_html/wp-content/plugins/elementor/core/page-assets/loader.php on line 95
[04-Jun-2026 01:23:16 UTC] PHP Warning:  Undefined array key "version" in /home/alamstor/public_html/wp-content/plugins/elementor/core/page-assets/loader.php on line 95
[04-Jun-2026 01:23:16 UTC] PHP Warning:  Undefined array key "src" in /home/alamstor/public_html/wp-content/plugins/elementor/core/page-assets/loader.php on line 95
[04-Jun-2026 01:23:16 UTC] PHP Warning:  Undefined array key "dependencies" in /home/alamstor/public_html/wp-content/plugins/elementor/core/page-assets/loader.php on line 95
[04-Jun-2026 01:23:16 UTC] PHP Warning:  Undefined array key "version" in /home/alamstor/public_html/wp-content/plugins/elementor/core/page-assets/loader.php on line 95
[04-Jun-2026 01:34:14 UTC] PHP Warning:  Undefined array key "src" in /home/alamstor/public_html/wp-content/plugins/elementor/core/page-assets/loader.php on line 95
[04-Jun-2026 01:34:14 UTC] PHP Warning:  Undefined array key "dependencies" in /home/alamstor/public_html/wp-content/plugins/elementor/core/page-assets/loader.php on line 95
[04-Jun-2026 01:34:14 UTC] PHP Warning:  Undefined array key "version" in /home/alamstor/public_html/wp-content/plugins/elementor/core/page-assets/loader.php on line 95
[04-Jun-2026 01:34:14 UTC] PHP Warning:  Undefined array key "src" in /home/alamstor/public_html/wp-content/plugins/elementor/core/page-assets/loader.php on line 95
[04-Jun-2026 01:34:14 UTC] PHP Warning:  Undefined array key "dependencies" in /home/alamstor/public_html/wp-content/plugins/elementor/core/page-assets/loader.php on line 95
[04-Jun-2026 01:34:14 UTC] PHP Warning:  Undefined array key "version" in /home/alamstor/public_html/wp-content/plugins/elementor/core/page-assets/loader.php on line 95
[04-Jun-2026 01:41:18 UTC] PHP Warning:  Undefined array key "src" in /home/alamstor/public_html/wp-content/plugins/elementor/core/page-assets/loader.php on line 95
[04-Jun-2026 01:41:18 UTC] PHP Warning:  Undefined array key "dependencies" in /home/alamstor/public_html/wp-content/plugins/elementor/core/page-assets/loader.php on line 95
[04-Jun-2026 01:41:18 UTC] PHP Warning:  Undefined array key "version" in /home/alamstor/public_html/wp-content/plugins/elementor/core/page-assets/loader.php on line 95
[04-Jun-2026 01:41:18 UTC] PHP Warning:  Undefined array key "src" in /home/alamstor/public_html/wp-content/plugins/elementor/core/page-assets/loader.php on line 95
[04-Jun-2026 01:41:18 UTC] PHP Warning:  Undefined array key "dependencies" in /home/alamstor/public_html/wp-content/plugins/elementor/core/page-assets/loader.php on line 95
[04-Jun-2026 01:41:18 UTC] PHP Warning:  Undefined array key "version" in /home/alamstor/public_html/wp-content/plugins/elementor/core/page-assets/loader.php on line 95
[04-Jun-2026 01:41:28 UTC] PHP Warning:  Undefined array key "src" in /home/alamstor/public_html/wp-content/plugins/elementor/core/page-assets/loader.php on line 95
[04-Jun-2026 01:41:28 UTC] PHP Warning:  Undefined array key "dependencies" in /home/alamstor/public_html/wp-content/plugins/elementor/core/page-assets/loader.php on line 95
[04-Jun-2026 01:41:28 UTC] PHP Warning:  Undefined array key "version" in /home/alamstor/public_html/wp-content/plugins/elementor/core/page-assets/loader.php on line 95
[04-Jun-2026 01:41:28 UTC] PHP Warning:  Undefined array key "src" in /home/alamstor/public_html/wp-content/plugins/elementor/core/page-assets/loader.php on line 95
[04-Jun-2026 01:41:28 UTC] PHP Warning:  Undefined array key "dependencies" in /home/alamstor/public_html/wp-content/plugins/elementor/core/page-assets/loader.php on line 95
[04-Jun-2026 01:41:28 UTC] PHP Warning:  Undefined array key "version" in /home/alamstor/public_html/wp-content/plugins/elementor/core/page-assets/loader.php on line 95
[04-Jun-2026 01:41:30 UTC] PHP Warning:  Undefined array key "src" in /home/alamstor/public_html/wp-content/plugins/elementor/core/page-assets/loader.php on line 95
[04-Jun-2026 01:41:30 UTC] PHP Warning:  Undefined array key "dependencies" in /home/alamstor/public_html/wp-content/plugins/elementor/core/page-assets/loader.php on line 95
[04-Jun-2026 01:41:30 UTC] PHP Warning:  Undefined array key "version" in /home/alamstor/public_html/wp-content/plugins/elementor/core/page-assets/loader.php on line 95
[04-Jun-2026 01:41:30 UTC] PHP Warning:  Undefined array key "src" in /home/alamstor/public_html/wp-content/plugins/elementor/core/page-assets/loader.php on line 95
[04-Jun-2026 01:41:30 UTC] PHP Warning:  Undefined array key "dependencies" in /home/alamstor/public_html/wp-content/plugins/elementor/core/page-assets/loader.php on line 95
[04-Jun-2026 01:41:30 UTC] PHP Warning:  Undefined array key "version" in /home/alamstor/public_html/wp-content/plugins/elementor/core/page-assets/loader.php on line 95
[04-Jun-2026 01:41:39 UTC] PHP Warning:  Undefined array key "src" in /home/alamstor/public_html/wp-content/plugins/elementor/core/page-assets/loader.php on line 95
[04-Jun-2026 01:41:39 UTC] PHP Warning:  Undefined array key "dependencies" in /home/alamstor/public_html/wp-content/plugins/elementor/core/page-assets/loader.php on line 95
[04-Jun-2026 01:41:39 UTC] PHP Warning:  Undefined array key "version" in /home/alamstor/public_html/wp-content/plugins/elementor/core/page-assets/loader.php on line 95
[04-Jun-2026 01:41:39 UTC] PHP Warning:  Undefined array key "src" in /home/alamstor/public_html/wp-content/plugins/elementor/core/page-assets/loader.php on line 95
[04-Jun-2026 01:41:39 UTC] PHP Warning:  Undefined array key "dependencies" in /home/alamstor/public_html/wp-content/plugins/elementor/core/page-assets/loader.php on line 95
[04-Jun-2026 01:41:39 UTC] PHP Warning:  Undefined array key "version" in /home/alamstor/public_html/wp-content/plugins/elementor/core/page-assets/loader.php on line 95
[04-Jun-2026 01:42:17 UTC] PHP Warning:  Undefined array key "src" in /home/alamstor/public_html/wp-content/plugins/elementor/core/page-assets/loader.php on line 95
[04-Jun-2026 01:42:17 UTC] PHP Warning:  Undefined array key "dependencies" in /home/alamstor/public_html/wp-content/plugins/elementor/core/page-assets/loader.php on line 95
[04-Jun-2026 01:42:17 UTC] PHP Warning:  Undefined array key "version" in /home/alamstor/public_html/wp-content/plugins/elementor/core/page-assets/loader.php on line 95
[04-Jun-2026 01:42:17 UTC] PHP Warning:  Undefined array key "src" in /home/alamstor/public_html/wp-content/plugins/elementor/core/page-assets/loader.php on line 95
[04-Jun-2026 01:42:17 UTC] PHP Warning:  Undefined array key "dependencies" in /home/alamstor/public_html/wp-content/plugins/elementor/core/page-assets/loader.php on line 95
[04-Jun-2026 01:42:17 UTC] PHP Warning:  Undefined array key "version" in /home/alamstor/public_html/wp-content/plugins/elementor/core/page-assets/loader.php on line 95
[04-Jun-2026 02:00:23 UTC] PHP Warning:  Undefined array key "src" in /home/alamstor/public_html/wp-content/plugins/elementor/core/page-assets/loader.php on line 95
[04-Jun-2026 02:00:23 UTC] PHP Warning:  Undefined array key "dependencies" in /home/alamstor/public_html/wp-content/plugins/elementor/core/page-assets/loader.php on line 95
[04-Jun-2026 02:00:23 UTC] PHP Warning:  Undefined array key "version" in /home/alamstor/public_html/wp-content/plugins/elementor/core/page-assets/loader.php on line 95
[04-Jun-2026 02:00:23 UTC] PHP Warning:  Undefined array key "src" in /home/alamstor/public_html/wp-content/plugins/elementor/core/page-assets/loader.php on line 95
[04-Jun-2026 02:00:23 UTC] PHP Warning:  Undefined array key "dependencies" in /home/alamstor/public_html/wp-content/plugins/elementor/core/page-assets/loader.php on line 95
[04-Jun-2026 02:00:23 UTC] PHP Warning:  Undefined array key "version" in /home/alamstor/public_html/wp-content/plugins/elementor/core/page-assets/loader.php on line 95
[04-Jun-2026 02:09:55 UTC] PHP Warning:  Undefined array key "src" in /home/alamstor/public_html/wp-content/plugins/elementor/core/page-assets/loader.php on line 95
[04-Jun-2026 02:09:55 UTC] PHP Warning:  Undefined array key "dependencies" in /home/alamstor/public_html/wp-content/plugins/elementor/core/page-assets/loader.php on line 95
[04-Jun-2026 02:09:55 UTC] PHP Warning:  Undefined array key "version" in /home/alamstor/public_html/wp-content/plugins/elementor/core/page-assets/loader.php on line 95
[04-Jun-2026 02:09:55 UTC] PHP Warning:  Undefined array key "src" in /home/alamstor/public_html/wp-content/plugins/elementor/core/page-assets/loader.php on line 95
[04-Jun-2026 02:09:55 UTC] PHP Warning:  Undefined array key "dependencies" in /home/alamstor/public_html/wp-content/plugins/elementor/core/page-assets/loader.php on line 95
[04-Jun-2026 02:09:55 UTC] PHP Warning:  Undefined array key "version" in /home/alamstor/public_html/wp-content/plugins/elementor/core/page-assets/loader.php on line 95
[04-Jun-2026 02:13:31 UTC] PHP Warning:  Undefined array key "src" in /home/alamstor/public_html/wp-content/plugins/elementor/core/page-assets/loader.php on line 95
[04-Jun-2026 02:13:31 UTC] PHP Warning:  Undefined array key "dependencies" in /home/alamstor/public_html/wp-content/plugins/elementor/core/page-assets/loader.php on line 95
[04-Jun-2026 02:13:31 UTC] PHP Warning:  Undefined array key "version" in /home/alamstor/public_html/wp-content/plugins/elementor/core/page-assets/loader.php on line 95
[04-Jun-2026 02:13:31 UTC] PHP Warning:  Undefined array key "src" in /home/alamstor/public_html/wp-content/plugins/elementor/core/page-assets/loader.php on line 95
[04-Jun-2026 02:13:31 UTC] PHP Warning:  Undefined array key "dependencies" in /home/alamstor/public_html/wp-content/plugins/elementor/core/page-assets/loader.php on line 95
[04-Jun-2026 02:13:31 UTC] PHP Warning:  Undefined array key "version" in /home/alamstor/public_html/wp-content/plugins/elementor/core/page-assets/loader.php on line 95
[04-Jun-2026 02:15:52 UTC] Automatic updates starting...
[04-Jun-2026 02:15:52 UTC]   Automatic plugin updates starting...
[04-Jun-2026 02:15:52 UTC]   Automatic plugin updates complete.
[04-Jun-2026 02:15:52 UTC]   Automatic theme updates starting...
[04-Jun-2026 02:15:52 UTC]   Automatic theme updates complete.
[04-Jun-2026 02:15:52 UTC] Automatic updates complete.
[04-Jun-2026 02:19:34 UTC] PHP Warning:  Undefined array key "src" in /home/alamstor/public_html/wp-content/plugins/elementor/core/page-assets/loader.php on line 95
[04-Jun-2026 02:19:34 UTC] PHP Warning:  Undefined array key "dependencies" in /home/alamstor/public_html/wp-content/plugins/elementor/core/page-assets/loader.php on line 95
[04-Jun-2026 02:19:34 UTC] PHP Warning:  Undefined array key "version" in /home/alamstor/public_html/wp-content/plugins/elementor/core/page-assets/loader.php on line 95
[04-Jun-2026 02:19:34 UTC] PHP Warning:  Undefined array key "src" in /home/alamstor/public_html/wp-content/plugins/elementor/core/page-assets/loader.php on line 95
[04-Jun-2026 02:19:34 UTC] PHP Warning:  Undefined array key "dependencies" in /home/alamstor/public_html/wp-content/plugins/elementor/core/page-assets/loader.php on line 95
[04-Jun-2026 02:19:34 UTC] PHP Warning:  Undefined array key "version" in /home/alamstor/public_html/wp-content/plugins/elementor/core/page-assets/loader.php on line 95
[04-Jun-2026 02:51:10 UTC] PHP Warning:  Undefined array key "src" in /home/alamstor/public_html/wp-content/plugins/elementor/core/page-assets/loader.php on line 95
[04-Jun-2026 02:51:10 UTC] PHP Warning:  Undefined array key "dependencies" in /home/alamstor/public_html/wp-content/plugins/elementor/core/page-assets/loader.php on line 95
[04-Jun-2026 02:51:10 UTC] PHP Warning:  Undefined array key "version" in /home/alamstor/public_html/wp-content/plugins/elementor/core/page-assets/loader.php on line 95
[04-Jun-2026 02:51:10 UTC] PHP Warning:  Undefined array key "src" in /home/alamstor/public_html/wp-content/plugins/elementor/core/page-assets/loader.php on line 95
[04-Jun-2026 02:51:10 UTC] PHP Warning:  Undefined array key "dependencies" in /home/alamstor/public_html/wp-content/plugins/elementor/core/page-assets/loader.php on line 95
[04-Jun-2026 02:51:10 UTC] PHP Warning:  Undefined array key "version" in /home/alamstor/public_html/wp-content/plugins/elementor/core/page-assets/loader.php on line 95
[04-Jun-2026 02:51:14 UTC] PHP Warning:  Undefined array key "src" in /home/alamstor/public_html/wp-content/plugins/elementor/core/page-assets/loader.php on line 95
[04-Jun-2026 02:51:14 UTC] PHP Warning:  Undefined array key "dependencies" in /home/alamstor/public_html/wp-content/plugins/elementor/core/page-assets/loader.php on line 95
[04-Jun-2026 02:51:14 UTC] PHP Warning:  Undefined array key "version" in /home/alamstor/public_html/wp-content/plugins/elementor/core/page-assets/loader.php on line 95
[04-Jun-2026 02:51:14 UTC] PHP Warning:  Undefined array key "src" in /home/alamstor/public_html/wp-content/plugins/elementor/core/page-assets/loader.php on line 95
[04-Jun-2026 02:51:14 UTC] PHP Warning:  Undefined array key "dependencies" in /home/alamstor/public_html/wp-content/plugins/elementor/core/page-assets/loader.php on line 95
[04-Jun-2026 02:51:14 UTC] PHP Warning:  Undefined array key "version" in /home/alamstor/public_html/wp-content/plugins/elementor/core/page-assets/loader.php on line 95
[04-Jun-2026 03:06:46 UTC] PHP Warning:  Undefined array key "src" in /home/alamstor/public_html/wp-content/plugins/elementor/core/page-assets/loader.php on line 95
[04-Jun-2026 03:06:46 UTC] PHP Warning:  Undefined array key "dependencies" in /home/alamstor/public_html/wp-content/plugins/elementor/core/page-assets/loader.php on line 95
[04-Jun-2026 03:06:46 UTC] PHP Warning:  Undefined array key "version" in /home/alamstor/public_html/wp-content/plugins/elementor/core/page-assets/loader.php on line 95
[04-Jun-2026 03:06:46 UTC] PHP Warning:  Undefined array key "src" in /home/alamstor/public_html/wp-content/plugins/elementor/core/page-assets/loader.php on line 95
[04-Jun-2026 03:06:46 UTC] PHP Warning:  Undefined array key "dependencies" in /home/alamstor/public_html/wp-content/plugins/elementor/core/page-assets/loader.php on line 95
[04-Jun-2026 03:06:46 UTC] PHP Warning:  Undefined array key "version" in /home/alamstor/public_html/wp-content/plugins/elementor/core/page-assets/loader.php on line 95
[04-Jun-2026 03:06:47 UTC] PHP Warning:  Undefined array key "src" in /home/alamstor/public_html/wp-content/plugins/elementor/core/page-assets/loader.php on line 95
[04-Jun-2026 03:06:47 UTC] PHP Warning:  Undefined array key "dependencies" in /home/alamstor/public_html/wp-content/plugins/elementor/core/page-assets/loader.php on line 95
[04-Jun-2026 03:06:47 UTC] PHP Warning:  Undefined array key "version" in /home/alamstor/public_html/wp-content/plugins/elementor/core/page-assets/loader.php on line 95
[04-Jun-2026 03:06:47 UTC] PHP Warning:  Undefined array key "src" in /home/alamstor/public_html/wp-content/plugins/elementor/core/page-assets/loader.php on line 95
[04-Jun-2026 03:06:47 UTC] PHP Warning:  Undefined array key "dependencies" in /home/alamstor/public_html/wp-content/plugins/elementor/core/page-assets/loader.php on line 95
[04-Jun-2026 03:06:47 UTC] PHP Warning:  Undefined array key "version" in /home/alamstor/public_html/wp-content/plugins/elementor/core/page-assets/loader.php on line 95
[04-Jun-2026 03:06:48 UTC] PHP Warning:  Undefined array key "src" in /home/alamstor/public_html/wp-content/plugins/elementor/core/page-assets/loader.php on line 95
[04-Jun-2026 03:06:48 UTC] PHP Warning:  Undefined array key "dependencies" in /home/alamstor/public_html/wp-content/plugins/elementor/core/page-assets/loader.php on line 95
[04-Jun-2026 03:06:48 UTC] PHP Warning:  Undefined array key "version" in /home/alamstor/public_html/wp-content/plugins/elementor/core/page-assets/loader.php on line 95
[04-Jun-2026 03:06:48 UTC] PHP Warning:  Undefined array key "src" in /home/alamstor/public_html/wp-content/plugins/elementor/core/page-assets/loader.php on line 95
[04-Jun-2026 03:06:48 UTC] PHP Warning:  Undefined array key "dependencies" in /home/alamstor/public_html/wp-content/plugins/elementor/core/page-assets/loader.php on line 95
[04-Jun-2026 03:06:48 UTC] PHP Warning:  Undefined array key "version" in /home/alamstor/public_html/wp-content/plugins/elementor/core/page-assets/loader.php on line 95
[04-Jun-2026 03:06:48 UTC] PHP Warning:  Undefined array key "src" in /home/alamstor/public_html/wp-content/plugins/elementor/core/page-assets/loader.php on line 95
[04-Jun-2026 03:06:48 UTC] PHP Warning:  Undefined array key "dependencies" in /home/alamstor/public_html/wp-content/plugins/elementor/core/page-assets/loader.php on line 95
[04-Jun-2026 03:06:48 UTC] PHP Warning:  Undefined array key "version" in /home/alamstor/public_html/wp-content/plugins/elementor/core/page-assets/loader.php on line 95
[04-Jun-2026 03:06:48 UTC] PHP Warning:  Undefined array key "src" in /home/alamstor/public_html/wp-content/plugins/elementor/core/page-assets/loader.php on line 95
[04-Jun-2026 03:06:48 UTC] PHP Warning:  Undefined array key "dependencies" in /home/alamstor/public_html/wp-content/plugins/elementor/core/page-assets/loader.php on line 95
[04-Jun-2026 03:06:48 UTC] PHP Warning:  Undefined array key "version" in /home/alamstor/public_html/wp-content/plugins/elementor/core/page-assets/loader.php on line 95
[04-Jun-2026 03:06:49 UTC] PHP Warning:  Undefined array key "src" in /home/alamstor/public_html/wp-content/plugins/elementor/core/page-assets/loader.php on line 95
[04-Jun-2026 03:06:49 UTC] PHP Warning:  Undefined array key "dependencies" in /home/alamstor/public_html/wp-content/plugins/elementor/core/page-assets/loader.php on line 95
[04-Jun-2026 03:06:49 UTC] PHP Warning:  Undefined array key "version" in /home/alamstor/public_html/wp-content/plugins/elementor/core/page-assets/loader.php on line 95
[04-Jun-2026 03:06:49 UTC] PHP Warning:  Undefined array key "src" in /home/alamstor/public_html/wp-content/plugins/elementor/core/page-assets/loader.php on line 95
[04-Jun-2026 03:06:49 UTC] PHP Warning:  Undefined array key "dependencies" in /home/alamstor/public_html/wp-content/plugins/elementor/core/page-assets/loader.php on line 95
[04-Jun-2026 03:06:49 UTC] PHP Warning:  Undefined array key "version" in /home/alamstor/public_html/wp-content/plugins/elementor/core/page-assets/loader.php on line 95
[04-Jun-2026 03:06:50 UTC] PHP Warning:  Undefined array key "src" in /home/alamstor/public_html/wp-content/plugins/elementor/core/page-assets/loader.php on line 95
[04-Jun-2026 03:06:50 UTC] PHP Warning:  Undefined array key "dependencies" in /home/alamstor/public_html/wp-content/plugins/elementor/core/page-assets/loader.php on line 95
[04-Jun-2026 03:06:50 UTC] PHP Warning:  Undefined array key "version" in /home/alamstor/public_html/wp-content/plugins/elementor/core/page-assets/loader.php on line 95
[04-Jun-2026 03:06:50 UTC] PHP Warning:  Undefined array key "src" in /home/alamstor/public_html/wp-content/plugins/elementor/core/page-assets/loader.php on line 95
[04-Jun-2026 03:06:50 UTC] PHP Warning:  Undefined array key "dependencies" in /home/alamstor/public_html/wp-content/plugins/elementor/core/page-assets/loader.php on line 95
[04-Jun-2026 03:06:50 UTC] PHP Warning:  Undefined array key "version" in /home/alamstor/public_html/wp-content/plugins/elementor/core/page-assets/loader.php on line 95
[04-Jun-2026 03:06:50 UTC] PHP Warning:  Undefined array key "src" in /home/alamstor/public_html/wp-content/plugins/elementor/core/page-assets/loader.php on line 95
[04-Jun-2026 03:06:50 UTC] PHP Warning:  Undefined array key "dependencies" in /home/alamstor/public_html/wp-content/plugins/elementor/core/page-assets/loader.php on line 95
[04-Jun-2026 03:06:50 UTC] PHP Warning:  Undefined array key "version" in /home/alamstor/public_html/wp-content/plugins/elementor/core/page-assets/loader.php on line 95
[04-Jun-2026 03:06:50 UTC] PHP Warning:  Undefined array key "src" in /home/alamstor/public_html/wp-content/plugins/elementor/core/page-assets/loader.php on line 95
[04-Jun-2026 03:06:50 UTC] PHP Warning:  Undefined array key "dependencies" in /home/alamstor/public_html/wp-content/plugins/elementor/core/page-assets/loader.php on line 95
[04-Jun-2026 03:06:50 UTC] PHP Warning:  Undefined array key "version" in /home/alamstor/public_html/wp-content/plugins/elementor/core/page-assets/loader.php on line 95
[04-Jun-2026 03:06:51 UTC] PHP Warning:  Undefined array key "src" in /home/alamstor/public_html/wp-content/plugins/elementor/core/page-assets/loader.php on line 95
[04-Jun-2026 03:06:51 UTC] PHP Warning:  Undefined array key "dependencies" in /home/alamstor/public_html/wp-content/plugins/elementor/core/page-assets/loader.php on line 95
[04-Jun-2026 03:06:51 UTC] PHP Warning:  Undefined array key "version" in /home/alamstor/public_html/wp-content/plugins/elementor/core/page-assets/loader.php on line 95
[04-Jun-2026 03:06:51 UTC] PHP Warning:  Undefined array key "src" in /home/alamstor/public_html/wp-content/plugins/elementor/core/page-assets/loader.php on line 95
[04-Jun-2026 03:06:51 UTC] PHP Warning:  Undefined array key "dependencies" in /home/alamstor/public_html/wp-content/plugins/elementor/core/page-assets/loader.php on line 95
[04-Jun-2026 03:06:51 UTC] PHP Warning:  Undefined array key "version" in /home/alamstor/public_html/wp-content/plugins/elementor/core/page-assets/loader.php on line 95
[04-Jun-2026 03:06:51 UTC] PHP Warning:  Undefined array key "src" in /home/alamstor/public_html/wp-content/plugins/elementor/core/page-assets/loader.php on line 95
[04-Jun-2026 03:06:51 UTC] PHP Warning:  Undefined array key "dependencies" in /home/alamstor/public_html/wp-content/plugins/elementor/core/page-assets/loader.php on line 95
[04-Jun-2026 03:06:51 UTC] PHP Warning:  Undefined array key "version" in /home/alamstor/public_html/wp-content/plugins/elementor/core/page-assets/loader.php on line 95
[04-Jun-2026 03:06:51 UTC] PHP Warning:  Undefined array key "src" in /home/alamstor/public_html/wp-content/plugins/elementor/core/page-assets/loader.php on line 95
[04-Jun-2026 03:06:51 UTC] PHP Warning:  Undefined array key "dependencies" in /home/alamstor/public_html/wp-content/plugins/elementor/core/page-assets/loader.php on line 95
[04-Jun-2026 03:06:51 UTC] PHP Warning:  Undefined array key "version" in /home/alamstor/public_html/wp-content/plugins/elementor/core/page-assets/loader.php on line 95
[04-Jun-2026 03:06:52 UTC] PHP Warning:  Undefined array key "src" in /home/alamstor/public_html/wp-content/plugins/elementor/core/page-assets/loader.php on line 95
[04-Jun-2026 03:06:52 UTC] PHP Warning:  Undefined array key "dependencies" in /home/alamstor/public_html/wp-content/plugins/elementor/core/page-assets/loader.php on line 95
[04-Jun-2026 03:06:52 UTC] PHP Warning:  Undefined array key "version" in /home/alamstor/public_html/wp-content/plugins/elementor/core/page-assets/loader.php on line 95
[04-Jun-2026 03:06:52 UTC] PHP Warning:  Undefined array key "src" in /home/alamstor/public_html/wp-content/plugins/elementor/core/page-assets/loader.php on line 95
[04-Jun-2026 03:06:52 UTC] PHP Warning:  Undefined array key "dependencies" in /home/alamstor/public_html/wp-content/plugins/elementor/core/page-assets/loader.php on line 95
[04-Jun-2026 03:06:52 UTC] PHP Warning:  Undefined array key "version" in /home/alamstor/public_html/wp-content/plugins/elementor/core/page-assets/loader.php on line 95
[04-Jun-2026 03:06:52 UTC] PHP Warning:  Undefined array key "src" in /home/alamstor/public_html/wp-content/plugins/elementor/core/page-assets/loader.php on line 95
[04-Jun-2026 03:06:52 UTC] PHP Warning:  Undefined array key "dependencies" in /home/alamstor/public_html/wp-content/plugins/elementor/core/page-assets/loader.php on line 95
[04-Jun-2026 03:06:52 UTC] PHP Warning:  Undefined array key "version" in /home/alamstor/public_html/wp-content/plugins/elementor/core/page-assets/loader.php on line 95
[04-Jun-2026 03:06:52 UTC] PHP Warning:  Undefined array key "src" in /home/alamstor/public_html/wp-content/plugins/elementor/core/page-assets/loader.php on line 95
[04-Jun-2026 03:06:52 UTC] PHP Warning:  Undefined array key "dependencies" in /home/alamstor/public_html/wp-content/plugins/elementor/core/page-assets/loader.php on line 95
[04-Jun-2026 03:06:52 UTC] PHP Warning:  Undefined array key "version" in /home/alamstor/public_html/wp-content/plugins/elementor/core/page-assets/loader.php on line 95
[04-Jun-2026 03:06:53 UTC] PHP Warning:  Undefined array key "src" in /home/alamstor/public_html/wp-content/plugins/elementor/core/page-assets/loader.php on line 95
[04-Jun-2026 03:06:53 UTC] PHP Warning:  Undefined array key "dependencies" in /home/alamstor/public_html/wp-content/plugins/elementor/core/page-assets/loader.php on line 95
[04-Jun-2026 03:06:53 UTC] PHP Warning:  Undefined array key "version" in /home/alamstor/public_html/wp-content/plugins/elementor/core/page-assets/loader.php on line 95
[04-Jun-2026 03:06:53 UTC] PHP Warning:  Undefined array key "src" in /home/alamstor/public_html/wp-content/plugins/elementor/core/page-assets/loader.php on line 95
[04-Jun-2026 03:06:53 UTC] PHP Warning:  Undefined array key "dependencies" in /home/alamstor/public_html/wp-content/plugins/elementor/core/page-assets/loader.php on line 95
[04-Jun-2026 03:06:53 UTC] PHP Warning:  Undefined array key "version" in /home/alamstor/public_html/wp-content/plugins/elementor/core/page-assets/loader.php on line 95
[04-Jun-2026 03:06:54 UTC] PHP Warning:  Undefined array key "src" in /home/alamstor/public_html/wp-content/plugins/elementor/core/page-assets/loader.php on line 95
[04-Jun-2026 03:06:54 UTC] PHP Warning:  Undefined array key "dependencies" in /home/alamstor/public_html/wp-content/plugins/elementor/core/page-assets/loader.php on line 95
[04-Jun-2026 03:06:54 UTC] PHP Warning:  Undefined array key "version" in /home/alamstor/public_html/wp-content/plugins/elementor/core/page-assets/loader.php on line 95
[04-Jun-2026 03:06:54 UTC] PHP Warning:  Undefined array key "src" in /home/alamstor/public_html/wp-content/plugins/elementor/core/page-assets/loader.php on line 95
[04-Jun-2026 03:06:54 UTC] PHP Warning:  Undefined array key "dependencies" in /home/alamstor/public_html/wp-content/plugins/elementor/core/page-assets/loader.php on line 95
[04-Jun-2026 03:06:54 UTC] PHP Warning:  Undefined array key "version" in /home/alamstor/public_html/wp-content/plugins/elementor/core/page-assets/loader.php on line 95
[04-Jun-2026 03:06:54 UTC] PHP Warning:  Undefined array key "src" in /home/alamstor/public_html/wp-content/plugins/elementor/core/page-assets/loader.php on line 95
[04-Jun-2026 03:06:54 UTC] PHP Warning:  Undefined array key "dependencies" in /home/alamstor/public_html/wp-content/plugins/elementor/core/page-assets/loader.php on line 95
[04-Jun-2026 03:06:54 UTC] PHP Warning:  Undefined array key "version" in /home/alamstor/public_html/wp-content/plugins/elementor/core/page-assets/loader.php on line 95
[04-Jun-2026 03:06:54 UTC] PHP Warning:  Undefined array key "src" in /home/alamstor/public_html/wp-content/plugins/elementor/core/page-assets/loader.php on line 95
[04-Jun-2026 03:06:54 UTC] PHP Warning:  Undefined array key "dependencies" in /home/alamstor/public_html/wp-content/plugins/elementor/core/page-assets/loader.php on line 95
[04-Jun-2026 03:06:54 UTC] PHP Warning:  Undefined array key "version" in /home/alamstor/public_html/wp-content/plugins/elementor/core/page-assets/loader.php on line 95
[04-Jun-2026 03:06:55 UTC] PHP Warning:  Undefined array key "src" in /home/alamstor/public_html/wp-content/plugins/elementor/core/page-assets/loader.php on line 95
[04-Jun-2026 03:06:55 UTC] PHP Warning:  Undefined array key "dependencies" in /home/alamstor/public_html/wp-content/plugins/elementor/core/page-assets/loader.php on line 95
[04-Jun-2026 03:06:55 UTC] PHP Warning:  Undefined array key "version" in /home/alamstor/public_html/wp-content/plugins/elementor/core/page-assets/loader.php on line 95
[04-Jun-2026 03:06:55 UTC] PHP Warning:  Undefined array key "src" in /home/alamstor/public_html/wp-content/plugins/elementor/core/page-assets/loader.php on line 95
[04-Jun-2026 03:06:55 UTC] PHP Warning:  Undefined array key "dependencies" in /home/alamstor/public_html/wp-content/plugins/elementor/core/page-assets/loader.php on line 95
[04-Jun-2026 03:06:55 UTC] PHP Warning:  Undefined array key "version" in /home/alamstor/public_html/wp-content/plugins/elementor/core/page-assets/loader.php on line 95
[04-Jun-2026 03:06:56 UTC] PHP Warning:  Undefined array key "src" in /home/alamstor/public_html/wp-content/plugins/elementor/core/page-assets/loader.php on line 95
[04-Jun-2026 03:06:56 UTC] PHP Warning:  Undefined array key "dependencies" in /home/alamstor/public_html/wp-content/plugins/elementor/core/page-assets/loader.php on line 95
[04-Jun-2026 03:06:56 UTC] PHP Warning:  Undefined array key "version" in /home/alamstor/public_html/wp-content/plugins/elementor/core/page-assets/loader.php on line 95
[04-Jun-2026 03:06:56 UTC] PHP Warning:  Undefined array key "src" in /home/alamstor/public_html/wp-content/plugins/elementor/core/page-assets/loader.php on line 95
[04-Jun-2026 03:06:56 UTC] PHP Warning:  Undefined array key "dependencies" in /home/alamstor/public_html/wp-content/plugins/elementor/core/page-assets/loader.php on line 95
[04-Jun-2026 03:06:56 UTC] PHP Warning:  Undefined array key "version" in /home/alamstor/public_html/wp-content/plugins/elementor/core/page-assets/loader.php on line 95
[04-Jun-2026 03:06:57 UTC] PHP Warning:  Undefined array key "src" in /home/alamstor/public_html/wp-content/plugins/elementor/core/page-assets/loader.php on line 95
[04-Jun-2026 03:06:57 UTC] PHP Warning:  Undefined array key "dependencies" in /home/alamstor/public_html/wp-content/plugins/elementor/core/page-assets/loader.php on line 95
[04-Jun-2026 03:06:57 UTC] PHP Warning:  Undefined array key "version" in /home/alamstor/public_html/wp-content/plugins/elementor/core/page-assets/loader.php on line 95
[04-Jun-2026 03:06:57 UTC] PHP Warning:  Undefined array key "src" in /home/alamstor/public_html/wp-content/plugins/elementor/core/page-assets/loader.php on line 95
[04-Jun-2026 03:06:57 UTC] PHP Warning:  Undefined array key "dependencies" in /home/alamstor/public_html/wp-content/plugins/elementor/core/page-assets/loader.php on line 95
[04-Jun-2026 03:06:57 UTC] PHP Warning:  Undefined array key "version" in /home/alamstor/public_html/wp-content/plugins/elementor/core/page-assets/loader.php on line 95
[04-Jun-2026 03:06:57 UTC] PHP Warning:  Undefined array key "src" in /home/alamstor/public_html/wp-content/plugins/elementor/core/page-assets/loader.php on line 95
[04-Jun-2026 03:06:57 UTC] PHP Warning:  Undefined array key "dependencies" in /home/alamstor/public_html/wp-content/plugins/elementor/core/page-assets/loader.php on line 95
[04-Jun-2026 03:06:57 UTC] PHP Warning:  Undefined array key "version" in /home/alamstor/public_html/wp-content/plugins/elementor/core/page-assets/loader.php on line 95
[04-Jun-2026 03:06:57 UTC] PHP Warning:  Undefined array key "src" in /home/alamstor/public_html/wp-content/plugins/elementor/core/page-assets/loader.php on line 95
[04-Jun-2026 03:06:57 UTC] PHP Warning:  Undefined array key "dependencies" in /home/alamstor/public_html/wp-content/plugins/elementor/core/page-assets/loader.php on line 95
[04-Jun-2026 03:06:57 UTC] PHP Warning:  Undefined array key "version" in /home/alamstor/public_html/wp-content/plugins/elementor/core/page-assets/loader.php on line 95
[04-Jun-2026 03:06:58 UTC] PHP Warning:  Undefined array key "src" in /home/alamstor/public_html/wp-content/plugins/elementor/core/page-assets/loader.php on line 95
[04-Jun-2026 03:06:58 UTC] PHP Warning:  Undefined array key "dependencies" in /home/alamstor/public_html/wp-content/plugins/elementor/core/page-assets/loader.php on line 95
[04-Jun-2026 03:06:58 UTC] PHP Warning:  Undefined array key "version" in /home/alamstor/public_html/wp-content/plugins/elementor/core/page-assets/loader.php on line 95
[04-Jun-2026 03:06:58 UTC] PHP Warning:  Undefined array key "src" in /home/alamstor/public_html/wp-content/plugins/elementor/core/page-assets/loader.php on line 95
[04-Jun-2026 03:06:58 UTC] PHP Warning:  Undefined array key "dependencies" in /home/alamstor/public_html/wp-content/plugins/elementor/core/page-assets/loader.php on line 95
[04-Jun-2026 03:06:58 UTC] PHP Warning:  Undefined array key "version" in /home/alamstor/public_html/wp-content/plugins/elementor/core/page-assets/loader.php on line 95
[04-Jun-2026 03:06:59 UTC] PHP Warning:  Undefined array key "src" in /home/alamstor/public_html/wp-content/plugins/elementor/core/page-assets/loader.php on line 95
[04-Jun-2026 03:06:59 UTC] PHP Warning:  Undefined array key "dependencies" in /home/alamstor/public_html/wp-content/plugins/elementor/core/page-assets/loader.php on line 95
[04-Jun-2026 03:06:59 UTC] PHP Warning:  Undefined array key "version" in /home/alamstor/public_html/wp-content/plugins/elementor/core/page-assets/loader.php on line 95
[04-Jun-2026 03:06:59 UTC] PHP Warning:  Undefined array key "src" in /home/alamstor/public_html/wp-content/plugins/elementor/core/page-assets/loader.php on line 95
[04-Jun-2026 03:06:59 UTC] PHP Warning:  Undefined array key "dependencies" in /home/alamstor/public_html/wp-content/plugins/elementor/core/page-assets/loader.php on line 95
[04-Jun-2026 03:06:59 UTC] PHP Warning:  Undefined array key "version" in /home/alamstor/public_html/wp-content/plugins/elementor/core/page-assets/loader.php on line 95
[04-Jun-2026 03:07:00 UTC] PHP Warning:  Undefined array key "src" in /home/alamstor/public_html/wp-content/plugins/elementor/core/page-assets/loader.php on line 95
[04-Jun-2026 03:07:00 UTC] PHP Warning:  Undefined array key "dependencies" in /home/alamstor/public_html/wp-content/plugins/elementor/core/page-assets/loader.php on line 95
[04-Jun-2026 03:07:00 UTC] PHP Warning:  Undefined array key "version" in /home/alamstor/public_html/wp-content/plugins/elementor/core/page-assets/loader.php on line 95
[04-Jun-2026 03:07:00 UTC] PHP Warning:  Undefined array key "src" in /home/alamstor/public_html/wp-content/plugins/elementor/core/page-assets/loader.php on line 95
[04-Jun-2026 03:07:00 UTC] PHP Warning:  Undefined array key "dependencies" in /home/alamstor/public_html/wp-content/plugins/elementor/core/page-assets/loader.php on line 95
[04-Jun-2026 03:07:00 UTC] PHP Warning:  Undefined array key "version" in /home/alamstor/public_html/wp-content/plugins/elementor/core/page-assets/loader.php on line 95
[04-Jun-2026 03:07:01 UTC] PHP Warning:  Undefined array key "src" in /home/alamstor/public_html/wp-content/plugins/elementor/core/page-assets/loader.php on line 95
[04-Jun-2026 03:07:01 UTC] PHP Warning:  Undefined array key "dependencies" in /home/alamstor/public_html/wp-content/plugins/elementor/core/page-assets/loader.php on line 95
[04-Jun-2026 03:07:01 UTC] PHP Warning:  Undefined array key "version" in /home/alamstor/public_html/wp-content/plugins/elementor/core/page-assets/loader.php on line 95
[04-Jun-2026 03:07:01 UTC] PHP Warning:  Undefined array key "src" in /home/alamstor/public_html/wp-content/plugins/elementor/core/page-assets/loader.php on line 95
[04-Jun-2026 03:07:01 UTC] PHP Warning:  Undefined array key "dependencies" in /home/alamstor/public_html/wp-content/plugins/elementor/core/page-assets/loader.php on line 95
[04-Jun-2026 03:07:01 UTC] PHP Warning:  Undefined array key "version" in /home/alamstor/public_html/wp-content/plugins/elementor/core/page-assets/loader.php on line 95
[04-Jun-2026 03:07:01 UTC] PHP Warning:  Undefined array key "src" in /home/alamstor/public_html/wp-content/plugins/elementor/core/page-assets/loader.php on line 95
[04-Jun-2026 03:07:01 UTC] PHP Warning:  Undefined array key "dependencies" in /home/alamstor/public_html/wp-content/plugins/elementor/core/page-assets/loader.php on line 95
[04-Jun-2026 03:07:01 UTC] PHP Warning:  Undefined array key "version" in /home/alamstor/public_html/wp-content/plugins/elementor/core/page-assets/loader.php on line 95
[04-Jun-2026 03:07:01 UTC] PHP Warning:  Undefined array key "src" in /home/alamstor/public_html/wp-content/plugins/elementor/core/page-assets/loader.php on line 95
[04-Jun-2026 03:07:01 UTC] PHP Warning:  Undefined array key "dependencies" in /home/alamstor/public_html/wp-content/plugins/elementor/core/page-assets/loader.php on line 95
[04-Jun-2026 03:07:01 UTC] PHP Warning:  Undefined array key "version" in /home/alamstor/public_html/wp-content/plugins/elementor/core/page-assets/loader.php on line 95
[04-Jun-2026 03:07:02 UTC] PHP Warning:  Undefined array key "src" in /home/alamstor/public_html/wp-content/plugins/elementor/core/page-assets/loader.php on line 95
[04-Jun-2026 03:07:02 UTC] PHP Warning:  Undefined array key "dependencies" in /home/alamstor/public_html/wp-content/plugins/elementor/core/page-assets/loader.php on line 95
[04-Jun-2026 03:07:02 UTC] PHP Warning:  Undefined array key "version" in /home/alamstor/public_html/wp-content/plugins/elementor/core/page-assets/loader.php on line 95
[04-Jun-2026 03:07:02 UTC] PHP Warning:  Undefined array key "src" in /home/alamstor/public_html/wp-content/plugins/elementor/core/page-assets/loader.php on line 95
[04-Jun-2026 03:07:02 UTC] PHP Warning:  Undefined array key "dependencies" in /home/alamstor/public_html/wp-content/plugins/elementor/core/page-assets/loader.php on line 95
[04-Jun-2026 03:07:02 UTC] PHP Warning:  Undefined array key "version" in /home/alamstor/public_html/wp-content/plugins/elementor/core/page-assets/loader.php on line 95
[04-Jun-2026 03:07:02 UTC] PHP Warning:  Undefined array key "src" in /home/alamstor/public_html/wp-content/plugins/elementor/core/page-assets/loader.php on line 95
[04-Jun-2026 03:07:02 UTC] PHP Warning:  Undefined array key "dependencies" in /home/alamstor/public_html/wp-content/plugins/elementor/core/page-assets/loader.php on line 95
[04-Jun-2026 03:07:02 UTC] PHP Warning:  Undefined array key "version" in /home/alamstor/public_html/wp-content/plugins/elementor/core/page-assets/loader.php on line 95
[04-Jun-2026 03:07:02 UTC] PHP Warning:  Undefined array key "src" in /home/alamstor/public_html/wp-content/plugins/elementor/core/page-assets/loader.php on line 95
[04-Jun-2026 03:07:02 UTC] PHP Warning:  Undefined array key "dependencies" in /home/alamstor/public_html/wp-content/plugins/elementor/core/page-assets/loader.php on line 95
[04-Jun-2026 03:07:02 UTC] PHP Warning:  Undefined array key "version" in /home/alamstor/public_html/wp-content/plugins/elementor/core/page-assets/loader.php on line 95
[04-Jun-2026 03:07:03 UTC] PHP Warning:  Undefined array key "src" in /home/alamstor/public_html/wp-content/plugins/elementor/core/page-assets/loader.php on line 95
[04-Jun-2026 03:07:03 UTC] PHP Warning:  Undefined array key "dependencies" in /home/alamstor/public_html/wp-content/plugins/elementor/core/page-assets/loader.php on line 95
[04-Jun-2026 03:07:03 UTC] PHP Warning:  Undefined array key "version" in /home/alamstor/public_html/wp-content/plugins/elementor/core/page-assets/loader.php on line 95
[04-Jun-2026 03:07:03 UTC] PHP Warning:  Undefined array key "src" in /home/alamstor/public_html/wp-content/plugins/elementor/core/page-assets/loader.php on line 95
[04-Jun-2026 03:07:03 UTC] PHP Warning:  Undefined array key "dependencies" in /home/alamstor/public_html/wp-content/plugins/elementor/core/page-assets/loader.php on line 95
[04-Jun-2026 03:07:03 UTC] PHP Warning:  Undefined array key "version" in /home/alamstor/public_html/wp-content/plugins/elementor/core/page-assets/loader.php on line 95
[04-Jun-2026 03:07:03 UTC] PHP Warning:  Undefined array key "src" in /home/alamstor/public_html/wp-content/plugins/elementor/core/page-assets/loader.php on line 95
[04-Jun-2026 03:07:03 UTC] PHP Warning:  Undefined array key "dependencies" in /home/alamstor/public_html/wp-content/plugins/elementor/core/page-assets/loader.php on line 95
[04-Jun-2026 03:07:03 UTC] PHP Warning:  Undefined array key "version" in /home/alamstor/public_html/wp-content/plugins/elementor/core/page-assets/loader.php on line 95
[04-Jun-2026 03:07:03 UTC] PHP Warning:  Undefined array key "src" in /home/alamstor/public_html/wp-content/plugins/elementor/core/page-assets/loader.php on line 95
[04-Jun-2026 03:07:03 UTC] PHP Warning:  Undefined array key "dependencies" in /home/alamstor/public_html/wp-content/plugins/elementor/core/page-assets/loader.php on line 95
[04-Jun-2026 03:07:03 UTC] PHP Warning:  Undefined array key "version" in /home/alamstor/public_html/wp-content/plugins/elementor/core/page-assets/loader.php on line 95
[04-Jun-2026 03:07:04 UTC] PHP Warning:  Undefined array key "src" in /home/alamstor/public_html/wp-content/plugins/elementor/core/page-assets/loader.php on line 95
[04-Jun-2026 03:07:04 UTC] PHP Warning:  Undefined array key "dependencies" in /home/alamstor/public_html/wp-content/plugins/elementor/core/page-assets/loader.php on line 95
[04-Jun-2026 03:07:04 UTC] PHP Warning:  Undefined array key "version" in /home/alamstor/public_html/wp-content/plugins/elementor/core/page-assets/loader.php on line 95
[04-Jun-2026 03:07:04 UTC] PHP Warning:  Undefined array key "src" in /home/alamstor/public_html/wp-content/plugins/elementor/core/page-assets/loader.php on line 95
[04-Jun-2026 03:07:04 UTC] PHP Warning:  Undefined array key "dependencies" in /home/alamstor/public_html/wp-content/plugins/elementor/core/page-assets/loader.php on line 95
[04-Jun-2026 03:07:04 UTC] PHP Warning:  Undefined array key "version" in /home/alamstor/public_html/wp-content/plugins/elementor/core/page-assets/loader.php on line 95
[04-Jun-2026 03:07:05 UTC] PHP Warning:  Undefined array key "src" in /home/alamstor/public_html/wp-content/plugins/elementor/core/page-assets/loader.php on line 95
[04-Jun-2026 03:07:05 UTC] PHP Warning:  Undefined array key "dependencies" in /home/alamstor/public_html/wp-content/plugins/elementor/core/page-assets/loader.php on line 95
[04-Jun-2026 03:07:05 UTC] PHP Warning:  Undefined array key "version" in /home/alamstor/public_html/wp-content/plugins/elementor/core/page-assets/loader.php on line 95
[04-Jun-2026 03:07:05 UTC] PHP Warning:  Undefined array key "src" in /home/alamstor/public_html/wp-content/plugins/elementor/core/page-assets/loader.php on line 95
[04-Jun-2026 03:07:05 UTC] PHP Warning:  Undefined array key "dependencies" in /home/alamstor/public_html/wp-content/plugins/elementor/core/page-assets/loader.php on line 95
[04-Jun-2026 03:07:05 UTC] PHP Warning:  Undefined array key "version" in /home/alamstor/public_html/wp-content/plugins/elementor/core/page-assets/loader.php on line 95
[04-Jun-2026 03:07:05 UTC] PHP Warning:  Undefined array key "src" in /home/alamstor/public_html/wp-content/plugins/elementor/core/page-assets/loader.php on line 95
[04-Jun-2026 03:07:05 UTC] PHP Warning:  Undefined array key "dependencies" in /home/alamstor/public_html/wp-content/plugins/elementor/core/page-assets/loader.php on line 95
[04-Jun-2026 03:07:05 UTC] PHP Warning:  Undefined array key "version" in /home/alamstor/public_html/wp-content/plugins/elementor/core/page-assets/loader.php on line 95
[04-Jun-2026 03:07:05 UTC] PHP Warning:  Undefined array key "src" in /home/alamstor/public_html/wp-content/plugins/elementor/core/page-assets/loader.php on line 95
[04-Jun-2026 03:07:05 UTC] PHP Warning:  Undefined array key "dependencies" in /home/alamstor/public_html/wp-content/plugins/elementor/core/page-assets/loader.php on line 95
[04-Jun-2026 03:07:05 UTC] PHP Warning:  Undefined array key "version" in /home/alamstor/public_html/wp-content/plugins/elementor/core/page-assets/loader.php on line 95
[04-Jun-2026 03:07:06 UTC] PHP Warning:  Undefined array key "src" in /home/alamstor/public_html/wp-content/plugins/elementor/core/page-assets/loader.php on line 95
[04-Jun-2026 03:07:06 UTC] PHP Warning:  Undefined array key "dependencies" in /home/alamstor/public_html/wp-content/plugins/elementor/core/page-assets/loader.php on line 95
[04-Jun-2026 03:07:06 UTC] PHP Warning:  Undefined array key "version" in /home/alamstor/public_html/wp-content/plugins/elementor/core/page-assets/loader.php on line 95
[04-Jun-2026 03:07:06 UTC] PHP Warning:  Undefined array key "src" in /home/alamstor/public_html/wp-content/plugins/elementor/core/page-assets/loader.php on line 95
[04-Jun-2026 03:07:06 UTC] PHP Warning:  Undefined array key "dependencies" in /home/alamstor/public_html/wp-content/plugins/elementor/core/page-assets/loader.php on line 95
[04-Jun-2026 03:07:06 UTC] PHP Warning:  Undefined array key "version" in /home/alamstor/public_html/wp-content/plugins/elementor/core/page-assets/loader.php on line 95
[04-Jun-2026 03:07:06 UTC] PHP Warning:  Undefined array key "src" in /home/alamstor/public_html/wp-content/plugins/elementor/core/page-assets/loader.php on line 95
[04-Jun-2026 03:07:06 UTC] PHP Warning:  Undefined array key "dependencies" in /home/alamstor/public_html/wp-content/plugins/elementor/core/page-assets/loader.php on line 95
[04-Jun-2026 03:07:06 UTC] PHP Warning:  Undefined array key "version" in /home/alamstor/public_html/wp-content/plugins/elementor/core/page-assets/loader.php on line 95
[04-Jun-2026 03:07:06 UTC] PHP Warning:  Undefined array key "src" in /home/alamstor/public_html/wp-content/plugins/elementor/core/page-assets/loader.php on line 95
[04-Jun-2026 03:07:06 UTC] PHP Warning:  Undefined array key "dependencies" in /home/alamstor/public_html/wp-content/plugins/elementor/core/page-assets/loader.php on line 95
[04-Jun-2026 03:07:06 UTC] PHP Warning:  Undefined array key "version" in /home/alamstor/public_html/wp-content/plugins/elementor/core/page-assets/loader.php on line 95
[04-Jun-2026 03:07:07 UTC] PHP Warning:  Undefined array key "src" in /home/alamstor/public_html/wp-content/plugins/elementor/core/page-assets/loader.php on line 95
[04-Jun-2026 03:07:07 UTC] PHP Warning:  Undefined array key "dependencies" in /home/alamstor/public_html/wp-content/plugins/elementor/core/page-assets/loader.php on line 95
[04-Jun-2026 03:07:07 UTC] PHP Warning:  Undefined array key "version" in /home/alamstor/public_html/wp-content/plugins/elementor/core/page-assets/loader.php on line 95
[04-Jun-2026 03:07:07 UTC] PHP Warning:  Undefined array key "src" in /home/alamstor/public_html/wp-content/plugins/elementor/core/page-assets/loader.php on line 95
[04-Jun-2026 03:07:07 UTC] PHP Warning:  Undefined array key "dependencies" in /home/alamstor/public_html/wp-content/plugins/elementor/core/page-assets/loader.php on line 95
[04-Jun-2026 03:07:07 UTC] PHP Warning:  Undefined array key "version" in /home/alamstor/public_html/wp-content/plugins/elementor/core/page-assets/loader.php on line 95
[04-Jun-2026 03:07:07 UTC] PHP Warning:  Undefined array key "src" in /home/alamstor/public_html/wp-content/plugins/elementor/core/page-assets/loader.php on line 95
[04-Jun-2026 03:07:07 UTC] PHP Warning:  Undefined array key "dependencies" in /home/alamstor/public_html/wp-content/plugins/elementor/core/page-assets/loader.php on line 95
[04-Jun-2026 03:07:07 UTC] PHP Warning:  Undefined array key "version" in /home/alamstor/public_html/wp-content/plugins/elementor/core/page-assets/loader.php on line 95
[04-Jun-2026 03:07:07 UTC] PHP Warning:  Undefined array key "src" in /home/alamstor/public_html/wp-content/plugins/elementor/core/page-assets/loader.php on line 95
[04-Jun-2026 03:07:07 UTC] PHP Warning:  Undefined array key "dependencies" in /home/alamstor/public_html/wp-content/plugins/elementor/core/page-assets/loader.php on line 95
[04-Jun-2026 03:07:07 UTC] PHP Warning:  Undefined array key "version" in /home/alamstor/public_html/wp-content/plugins/elementor/core/page-assets/loader.php on line 95
[04-Jun-2026 03:07:08 UTC] PHP Warning:  Undefined array key "src" in /home/alamstor/public_html/wp-content/plugins/elementor/core/page-assets/loader.php on line 95
[04-Jun-2026 03:07:08 UTC] PHP Warning:  Undefined array key "dependencies" in /home/alamstor/public_html/wp-content/plugins/elementor/core/page-assets/loader.php on line 95
[04-Jun-2026 03:07:08 UTC] PHP Warning:  Undefined array key "version" in /home/alamstor/public_html/wp-content/plugins/elementor/core/page-assets/loader.php on line 95
[04-Jun-2026 03:07:08 UTC] PHP Warning:  Undefined array key "src" in /home/alamstor/public_html/wp-content/plugins/elementor/core/page-assets/loader.php on line 95
[04-Jun-2026 03:07:08 UTC] PHP Warning:  Undefined array key "dependencies" in /home/alamstor/public_html/wp-content/plugins/elementor/core/page-assets/loader.php on line 95
[04-Jun-2026 03:07:08 UTC] PHP Warning:  Undefined array key "version" in /home/alamstor/public_html/wp-content/plugins/elementor/core/page-assets/loader.php on line 95
[04-Jun-2026 03:07:28 UTC] PHP Warning:  Undefined array key "src" in /home/alamstor/public_html/wp-content/plugins/elementor/core/page-assets/loader.php on line 95
[04-Jun-2026 03:07:28 UTC] PHP Warning:  Undefined array key "dependencies" in /home/alamstor/public_html/wp-content/plugins/elementor/core/page-assets/loader.php on line 95
[04-Jun-2026 03:07:28 UTC] PHP Warning:  Undefined array key "version" in /home/alamstor/public_html/wp-content/plugins/elementor/core/page-assets/loader.php on line 95
[04-Jun-2026 03:07:28 UTC] PHP Warning:  Undefined array key "src" in /home/alamstor/public_html/wp-content/plugins/elementor/core/page-assets/loader.php on line 95
[04-Jun-2026 03:07:28 UTC] PHP Warning:  Undefined array key "dependencies" in /home/alamstor/public_html/wp-content/plugins/elementor/core/page-assets/loader.php on line 95
[04-Jun-2026 03:07:28 UTC] PHP Warning:  Undefined array key "version" in /home/alamstor/public_html/wp-content/plugins/elementor/core/page-assets/loader.php on line 95
[04-Jun-2026 03:07:29 UTC] PHP Warning:  Undefined array key "src" in /home/alamstor/public_html/wp-content/plugins/elementor/core/page-assets/loader.php on line 95
[04-Jun-2026 03:07:29 UTC] PHP Warning:  Undefined array key "dependencies" in /home/alamstor/public_html/wp-content/plugins/elementor/core/page-assets/loader.php on line 95
[04-Jun-2026 03:07:29 UTC] PHP Warning:  Undefined array key "version" in /home/alamstor/public_html/wp-content/plugins/elementor/core/page-assets/loader.php on line 95
[04-Jun-2026 03:07:29 UTC] PHP Warning:  Undefined array key "src" in /home/alamstor/public_html/wp-content/plugins/elementor/core/page-assets/loader.php on line 95
[04-Jun-2026 03:07:29 UTC] PHP Warning:  Undefined array key "dependencies" in /home/alamstor/public_html/wp-content/plugins/elementor/core/page-assets/loader.php on line 95
[04-Jun-2026 03:07:29 UTC] PHP Warning:  Undefined array key "version" in /home/alamstor/public_html/wp-content/plugins/elementor/core/page-assets/loader.php on line 95
[04-Jun-2026 03:07:42 UTC] PHP Warning:  Undefined array key "src" in /home/alamstor/public_html/wp-content/plugins/elementor/core/page-assets/loader.php on line 95
[04-Jun-2026 03:07:42 UTC] PHP Warning:  Undefined array key "dependencies" in /home/alamstor/public_html/wp-content/plugins/elementor/core/page-assets/loader.php on line 95
[04-Jun-2026 03:07:42 UTC] PHP Warning:  Undefined array key "version" in /home/alamstor/public_html/wp-content/plugins/elementor/core/page-assets/loader.php on line 95
[04-Jun-2026 03:07:42 UTC] PHP Warning:  Undefined array key "src" in /home/alamstor/public_html/wp-content/plugins/elementor/core/page-assets/loader.php on line 95
[04-Jun-2026 03:07:42 UTC] PHP Warning:  Undefined array key "dependencies" in /home/alamstor/public_html/wp-content/plugins/elementor/core/page-assets/loader.php on line 95
[04-Jun-2026 03:07:42 UTC] PHP Warning:  Undefined array key "version" in /home/alamstor/public_html/wp-content/plugins/elementor/core/page-assets/loader.php on line 95
[04-Jun-2026 03:07:43 UTC] PHP Warning:  Undefined array key "src" in /home/alamstor/public_html/wp-content/plugins/elementor/core/page-assets/loader.php on line 95
[04-Jun-2026 03:07:43 UTC] PHP Warning:  Undefined array key "dependencies" in /home/alamstor/public_html/wp-content/plugins/elementor/core/page-assets/loader.php on line 95
[04-Jun-2026 03:07:43 UTC] PHP Warning:  Undefined array key "version" in /home/alamstor/public_html/wp-content/plugins/elementor/core/page-assets/loader.php on line 95
[04-Jun-2026 03:07:43 UTC] PHP Warning:  Undefined array key "src" in /home/alamstor/public_html/wp-content/plugins/elementor/core/page-assets/loader.php on line 95
[04-Jun-2026 03:07:43 UTC] PHP Warning:  Undefined array key "dependencies" in /home/alamstor/public_html/wp-content/plugins/elementor/core/page-assets/loader.php on line 95
[04-Jun-2026 03:07:43 UTC] PHP Warning:  Undefined array key "version" in /home/alamstor/public_html/wp-content/plugins/elementor/core/page-assets/loader.php on line 95
[04-Jun-2026 03:07:44 UTC] PHP Warning:  Undefined array key "src" in /home/alamstor/public_html/wp-content/plugins/elementor/core/page-assets/loader.php on line 95
[04-Jun-2026 03:07:44 UTC] PHP Warning:  Undefined array key "dependencies" in /home/alamstor/public_html/wp-content/plugins/elementor/core/page-assets/loader.php on line 95
[04-Jun-2026 03:07:44 UTC] PHP Warning:  Undefined array key "version" in /home/alamstor/public_html/wp-content/plugins/elementor/core/page-assets/loader.php on line 95
[04-Jun-2026 03:07:44 UTC] PHP Warning:  Undefined array key "src" in /home/alamstor/public_html/wp-content/plugins/elementor/core/page-assets/loader.php on line 95
[04-Jun-2026 03:07:44 UTC] PHP Warning:  Undefined array key "dependencies" in /home/alamstor/public_html/wp-content/plugins/elementor/core/page-assets/loader.php on line 95
[04-Jun-2026 03:07:44 UTC] PHP Warning:  Undefined array key "version" in /home/alamstor/public_html/wp-content/plugins/elementor/core/page-assets/loader.php on line 95
[04-Jun-2026 03:07:45 UTC] PHP Warning:  Undefined array key "src" in /home/alamstor/public_html/wp-content/plugins/elementor/core/page-assets/loader.php on line 95
[04-Jun-2026 03:07:45 UTC] PHP Warning:  Undefined array key "dependencies" in /home/alamstor/public_html/wp-content/plugins/elementor/core/page-assets/loader.php on line 95
[04-Jun-2026 03:07:45 UTC] PHP Warning:  Undefined array key "version" in /home/alamstor/public_html/wp-content/plugins/elementor/core/page-assets/loader.php on line 95
[04-Jun-2026 03:07:45 UTC] PHP Warning:  Undefined array key "src" in /home/alamstor/public_html/wp-content/plugins/elementor/core/page-assets/loader.php on line 95
[04-Jun-2026 03:07:45 UTC] PHP Warning:  Undefined array key "dependencies" in /home/alamstor/public_html/wp-content/plugins/elementor/core/page-assets/loader.php on line 95
[04-Jun-2026 03:07:45 UTC] PHP Warning:  Undefined array key "version" in /home/alamstor/public_html/wp-content/plugins/elementor/core/page-assets/loader.php on line 95
[04-Jun-2026 03:07:46 UTC] PHP Warning:  Undefined array key "src" in /home/alamstor/public_html/wp-content/plugins/elementor/core/page-assets/loader.php on line 95
[04-Jun-2026 03:07:46 UTC] PHP Warning:  Undefined array key "dependencies" in /home/alamstor/public_html/wp-content/plugins/elementor/core/page-assets/loader.php on line 95
[04-Jun-2026 03:07:46 UTC] PHP Warning:  Undefined array key "version" in /home/alamstor/public_html/wp-content/plugins/elementor/core/page-assets/loader.php on line 95
[04-Jun-2026 03:07:46 UTC] PHP Warning:  Undefined array key "src" in /home/alamstor/public_html/wp-content/plugins/elementor/core/page-assets/loader.php on line 95
[04-Jun-2026 03:07:46 UTC] PHP Warning:  Undefined array key "dependencies" in /home/alamstor/public_html/wp-content/plugins/elementor/core/page-assets/loader.php on line 95
[04-Jun-2026 03:07:46 UTC] PHP Warning:  Undefined array key "version" in /home/alamstor/public_html/wp-content/plugins/elementor/core/page-assets/loader.php on line 95
[04-Jun-2026 03:07:46 UTC] PHP Warning:  Undefined array key "src" in /home/alamstor/public_html/wp-content/plugins/elementor/core/page-assets/loader.php on line 95
[04-Jun-2026 03:07:46 UTC] PHP Warning:  Undefined array key "dependencies" in /home/alamstor/public_html/wp-content/plugins/elementor/core/page-assets/loader.php on line 95
[04-Jun-2026 03:07:46 UTC] PHP Warning:  Undefined array key "version" in /home/alamstor/public_html/wp-content/plugins/elementor/core/page-assets/loader.php on line 95
[04-Jun-2026 03:07:46 UTC] PHP Warning:  Undefined array key "src" in /home/alamstor/public_html/wp-content/plugins/elementor/core/page-assets/loader.php on line 95
[04-Jun-2026 03:07:46 UTC] PHP Warning:  Undefined array key "dependencies" in /home/alamstor/public_html/wp-content/plugins/elementor/core/page-assets/loader.php on line 95
[04-Jun-2026 03:07:46 UTC] PHP Warning:  Undefined array key "version" in /home/alamstor/public_html/wp-content/plugins/elementor/core/page-assets/loader.php on line 95
[04-Jun-2026 03:07:47 UTC] PHP Warning:  Undefined array key "src" in /home/alamstor/public_html/wp-content/plugins/elementor/core/page-assets/loader.php on line 95
[04-Jun-2026 03:07:47 UTC] PHP Warning:  Undefined array key "dependencies" in /home/alamstor/public_html/wp-content/plugins/elementor/core/page-assets/loader.php on line 95
[04-Jun-2026 03:07:47 UTC] PHP Warning:  Undefined array key "version" in /home/alamstor/public_html/wp-content/plugins/elementor/core/page-assets/loader.php on line 95
[04-Jun-2026 03:07:47 UTC] PHP Warning:  Undefined array key "src" in /home/alamstor/public_html/wp-content/plugins/elementor/core/page-assets/loader.php on line 95
[04-Jun-2026 03:07:47 UTC] PHP Warning:  Undefined array key "dependencies" in /home/alamstor/public_html/wp-content/plugins/elementor/core/page-assets/loader.php on line 95
[04-Jun-2026 03:07:47 UTC] PHP Warning:  Undefined array key "version" in /home/alamstor/public_html/wp-content/plugins/elementor/core/page-assets/loader.php on line 95
[04-Jun-2026 03:07:47 UTC] PHP Warning:  Undefined array key "src" in /home/alamstor/public_html/wp-content/plugins/elementor/core/page-assets/loader.php on line 95
[04-Jun-2026 03:07:47 UTC] PHP Warning:  Undefined array key "dependencies" in /home/alamstor/public_html/wp-content/plugins/elementor/core/page-assets/loader.php on line 95
[04-Jun-2026 03:07:47 UTC] PHP Warning:  Undefined array key "version" in /home/alamstor/public_html/wp-content/plugins/elementor/core/page-assets/loader.php on line 95
[04-Jun-2026 03:07:47 UTC] PHP Warning:  Undefined array key "src" in /home/alamstor/public_html/wp-content/plugins/elementor/core/page-assets/loader.php on line 95
[04-Jun-2026 03:07:47 UTC] PHP Warning:  Undefined array key "dependencies" in /home/alamstor/public_html/wp-content/plugins/elementor/core/page-assets/loader.php on line 95
[04-Jun-2026 03:07:47 UTC] PHP Warning:  Undefined array key "version" in /home/alamstor/public_html/wp-content/plugins/elementor/core/page-assets/loader.php on line 95
[04-Jun-2026 03:07:48 UTC] PHP Warning:  Undefined array key "src" in /home/alamstor/public_html/wp-content/plugins/elementor/core/page-assets/loader.php on line 95
[04-Jun-2026 03:07:48 UTC] PHP Warning:  Undefined array key "dependencies" in /home/alamstor/public_html/wp-content/plugins/elementor/core/page-assets/loader.php on line 95
[04-Jun-2026 03:07:48 UTC] PHP Warning:  Undefined array key "version" in /home/alamstor/public_html/wp-content/plugins/elementor/core/page-assets/loader.php on line 95
[04-Jun-2026 03:07:48 UTC] PHP Warning:  Undefined array key "src" in /home/alamstor/public_html/wp-content/plugins/elementor/core/page-assets/loader.php on line 95
[04-Jun-2026 03:07:48 UTC] PHP Warning:  Undefined array key "dependencies" in /home/alamstor/public_html/wp-content/plugins/elementor/core/page-assets/loader.php on line 95
[04-Jun-2026 03:07:48 UTC] PHP Warning:  Undefined array key "version" in /home/alamstor/public_html/wp-content/plugins/elementor/core/page-assets/loader.php on line 95
[04-Jun-2026 03:07:50 UTC] PHP Warning:  Undefined array key "src" in /home/alamstor/public_html/wp-content/plugins/elementor/core/page-assets/loader.php on line 95
[04-Jun-2026 03:07:50 UTC] PHP Warning:  Undefined array key "dependencies" in /home/alamstor/public_html/wp-content/plugins/elementor/core/page-assets/loader.php on line 95
[04-Jun-2026 03:07:50 UTC] PHP Warning:  Undefined array key "version" in /home/alamstor/public_html/wp-content/plugins/elementor/core/page-assets/loader.php on line 95
[04-Jun-2026 03:07:50 UTC] PHP Warning:  Undefined array key "src" in /home/alamstor/public_html/wp-content/plugins/elementor/core/page-assets/loader.php on line 95
[04-Jun-2026 03:07:50 UTC] PHP Warning:  Undefined array key "dependencies" in /home/alamstor/public_html/wp-content/plugins/elementor/core/page-assets/loader.php on line 95
[04-Jun-2026 03:07:50 UTC] PHP Warning:  Undefined array key "version" in /home/alamstor/public_html/wp-content/plugins/elementor/core/page-assets/loader.php on line 95
[04-Jun-2026 03:07:50 UTC] PHP Warning:  Undefined array key "src" in /home/alamstor/public_html/wp-content/plugins/elementor/core/page-assets/loader.php on line 95
[04-Jun-2026 03:07:50 UTC] PHP Warning:  Undefined array key "dependencies" in /home/alamstor/public_html/wp-content/plugins/elementor/core/page-assets/loader.php on line 95
[04-Jun-2026 03:07:50 UTC] PHP Warning:  Undefined array key "version" in /home/alamstor/public_html/wp-content/plugins/elementor/core/page-assets/loader.php on line 95
[04-Jun-2026 03:07:50 UTC] PHP Warning:  Undefined array key "src" in /home/alamstor/public_html/wp-content/plugins/elementor/core/page-assets/loader.php on line 95
[04-Jun-2026 03:07:50 UTC] PHP Warning:  Undefined array key "dependencies" in /home/alamstor/public_html/wp-content/plugins/elementor/core/page-assets/loader.php on line 95
[04-Jun-2026 03:07:50 UTC] PHP Warning:  Undefined array key "version" in /home/alamstor/public_html/wp-content/plugins/elementor/core/page-assets/loader.php on line 95
[04-Jun-2026 03:07:51 UTC] PHP Warning:  Undefined array key "src" in /home/alamstor/public_html/wp-content/plugins/elementor/core/page-assets/loader.php on line 95
[04-Jun-2026 03:07:51 UTC] PHP Warning:  Undefined array key "dependencies" in /home/alamstor/public_html/wp-content/plugins/elementor/core/page-assets/loader.php on line 95
[04-Jun-2026 03:07:51 UTC] PHP Warning:  Undefined array key "version" in /home/alamstor/public_html/wp-content/plugins/elementor/core/page-assets/loader.php on line 95
[04-Jun-2026 03:07:51 UTC] PHP Warning:  Undefined array key "src" in /home/alamstor/public_html/wp-content/plugins/elementor/core/page-assets/loader.php on line 95
[04-Jun-2026 03:07:51 UTC] PHP Warning:  Undefined array key "dependencies" in /home/alamstor/public_html/wp-content/plugins/elementor/core/page-assets/loader.php on line 95
[04-Jun-2026 03:07:51 UTC] PHP Warning:  Undefined array key "version" in /home/alamstor/public_html/wp-content/plugins/elementor/core/page-assets/loader.php on line 95
[04-Jun-2026 03:07:52 UTC] PHP Warning:  Undefined array key "src" in /home/alamstor/public_html/wp-content/plugins/elementor/core/page-assets/loader.php on line 95
[04-Jun-2026 03:07:52 UTC] PHP Warning:  Undefined array key "dependencies" in /home/alamstor/public_html/wp-content/plugins/elementor/core/page-assets/loader.php on line 95
[04-Jun-2026 03:07:52 UTC] PHP Warning:  Undefined array key "version" in /home/alamstor/public_html/wp-content/plugins/elementor/core/page-assets/loader.php on line 95
[04-Jun-2026 03:07:52 UTC] PHP Warning:  Undefined array key "src" in /home/alamstor/public_html/wp-content/plugins/elementor/core/page-assets/loader.php on line 95
[04-Jun-2026 03:07:52 UTC] PHP Warning:  Undefined array key "dependencies" in /home/alamstor/public_html/wp-content/plugins/elementor/core/page-assets/loader.php on line 95
[04-Jun-2026 03:07:52 UTC] PHP Warning:  Undefined array key "version" in /home/alamstor/public_html/wp-content/plugins/elementor/core/page-assets/loader.php on line 95
[04-Jun-2026 03:07:52 UTC] PHP Warning:  Undefined array key "src" in /home/alamstor/public_html/wp-content/plugins/elementor/core/page-assets/loader.php on line 95
[04-Jun-2026 03:07:52 UTC] PHP Warning:  Undefined array key "dependencies" in /home/alamstor/public_html/wp-content/plugins/elementor/core/page-assets/loader.php on line 95
[04-Jun-2026 03:07:52 UTC] PHP Warning:  Undefined array key "version" in /home/alamstor/public_html/wp-content/plugins/elementor/core/page-assets/loader.php on line 95
[04-Jun-2026 03:07:52 UTC] PHP Warning:  Undefined array key "src" in /home/alamstor/public_html/wp-content/plugins/elementor/core/page-assets/loader.php on line 95
[04-Jun-2026 03:07:52 UTC] PHP Warning:  Undefined array key "dependencies" in /home/alamstor/public_html/wp-content/plugins/elementor/core/page-assets/loader.php on line 95
[04-Jun-2026 03:07:52 UTC] PHP Warning:  Undefined array key "version" in /home/alamstor/public_html/wp-content/plugins/elementor/core/page-assets/loader.php on line 95
[04-Jun-2026 03:07:53 UTC] PHP Warning:  Undefined array key "src" in /home/alamstor/public_html/wp-content/plugins/elementor/core/page-assets/loader.php on line 95
[04-Jun-2026 03:07:53 UTC] PHP Warning:  Undefined array key "dependencies" in /home/alamstor/public_html/wp-content/plugins/elementor/core/page-assets/loader.php on line 95
[04-Jun-2026 03:07:53 UTC] PHP Warning:  Undefined array key "version" in /home/alamstor/public_html/wp-content/plugins/elementor/core/page-assets/loader.php on line 95
[04-Jun-2026 03:07:53 UTC] PHP Warning:  Undefined array key "src" in /home/alamstor/public_html/wp-content/plugins/elementor/core/page-assets/loader.php on line 95
[04-Jun-2026 03:07:53 UTC] PHP Warning:  Undefined array key "dependencies" in /home/alamstor/public_html/wp-content/plugins/elementor/core/page-assets/loader.php on line 95
[04-Jun-2026 03:07:53 UTC] PHP Warning:  Undefined array key "version" in /home/alamstor/public_html/wp-content/plugins/elementor/core/page-assets/loader.php on line 95
[04-Jun-2026 03:07:54 UTC] PHP Warning:  Undefined array key "src" in /home/alamstor/public_html/wp-content/plugins/elementor/core/page-assets/loader.php on line 95
[04-Jun-2026 03:07:54 UTC] PHP Warning:  Undefined array key "dependencies" in /home/alamstor/public_html/wp-content/plugins/elementor/core/page-assets/loader.php on line 95
[04-Jun-2026 03:07:54 UTC] PHP Warning:  Undefined array key "version" in /home/alamstor/public_html/wp-content/plugins/elementor/core/page-assets/loader.php on line 95
[04-Jun-2026 03:07:54 UTC] PHP Warning:  Undefined array key "src" in /home/alamstor/public_html/wp-content/plugins/elementor/core/page-assets/loader.php on line 95
[04-Jun-2026 03:07:54 UTC] PHP Warning:  Undefined array key "dependencies" in /home/alamstor/public_html/wp-content/plugins/elementor/core/page-assets/loader.php on line 95
[04-Jun-2026 03:07:54 UTC] PHP Warning:  Undefined array key "version" in /home/alamstor/public_html/wp-content/plugins/elementor/core/page-assets/loader.php on line 95
[04-Jun-2026 03:07:54 UTC] PHP Warning:  Undefined array key "src" in /home/alamstor/public_html/wp-content/plugins/elementor/core/page-assets/loader.php on line 95
[04-Jun-2026 03:07:54 UTC] PHP Warning:  Undefined array key "dependencies" in /home/alamstor/public_html/wp-content/plugins/elementor/core/page-assets/loader.php on line 95
[04-Jun-2026 03:07:54 UTC] PHP Warning:  Undefined array key "version" in /home/alamstor/public_html/wp-content/plugins/elementor/core/page-assets/loader.php on line 95
[04-Jun-2026 03:07:54 UTC] PHP Warning:  Undefined array key "src" in /home/alamstor/public_html/wp-content/plugins/elementor/core/page-assets/loader.php on line 95
[04-Jun-2026 03:07:54 UTC] PHP Warning:  Undefined array key "dependencies" in /home/alamstor/public_html/wp-content/plugins/elementor/core/page-assets/loader.php on line 95
[04-Jun-2026 03:07:54 UTC] PHP Warning:  Undefined array key "version" in /home/alamstor/public_html/wp-content/plugins/elementor/core/page-assets/loader.php on line 95
[04-Jun-2026 03:07:55 UTC] PHP Warning:  Undefined array key "src" in /home/alamstor/public_html/wp-content/plugins/elementor/core/page-assets/loader.php on line 95
[04-Jun-2026 03:07:55 UTC] PHP Warning:  Undefined array key "dependencies" in /home/alamstor/public_html/wp-content/plugins/elementor/core/page-assets/loader.php on line 95
[04-Jun-2026 03:07:55 UTC] PHP Warning:  Undefined array key "version" in /home/alamstor/public_html/wp-content/plugins/elementor/core/page-assets/loader.php on line 95
[04-Jun-2026 03:07:55 UTC] PHP Warning:  Undefined array key "src" in /home/alamstor/public_html/wp-content/plugins/elementor/core/page-assets/loader.php on line 95
[04-Jun-2026 03:07:55 UTC] PHP Warning:  Undefined array key "dependencies" in /home/alamstor/public_html/wp-content/plugins/elementor/core/page-assets/loader.php on line 95
[04-Jun-2026 03:07:55 UTC] PHP Warning:  Undefined array key "version" in /home/alamstor/public_html/wp-content/plugins/elementor/core/page-assets/loader.php on line 95
[04-Jun-2026 03:07:56 UTC] PHP Warning:  Undefined array key "src" in /home/alamstor/public_html/wp-content/plugins/elementor/core/page-assets/loader.php on line 95
[04-Jun-2026 03:07:56 UTC] PHP Warning:  Undefined array key "dependencies" in /home/alamstor/public_html/wp-content/plugins/elementor/core/page-assets/loader.php on line 95
[04-Jun-2026 03:07:56 UTC] PHP Warning:  Undefined array key "version" in /home/alamstor/public_html/wp-content/plugins/elementor/core/page-assets/loader.php on line 95
[04-Jun-2026 03:07:56 UTC] PHP Warning:  Undefined array key "src" in /home/alamstor/public_html/wp-content/plugins/elementor/core/page-assets/loader.php on line 95
[04-Jun-2026 03:07:56 UTC] PHP Warning:  Undefined array key "dependencies" in /home/alamstor/public_html/wp-content/plugins/elementor/core/page-assets/loader.php on line 95
[04-Jun-2026 03:07:56 UTC] PHP Warning:  Undefined array key "version" in /home/alamstor/public_html/wp-content/plugins/elementor/core/page-assets/loader.php on line 95
[04-Jun-2026 03:07:57 UTC] PHP Warning:  Undefined array key "src" in /home/alamstor/public_html/wp-content/plugins/elementor/core/page-assets/loader.php on line 95
[04-Jun-2026 03:07:57 UTC] PHP Warning:  Undefined array key "dependencies" in /home/alamstor/public_html/wp-content/plugins/elementor/core/page-assets/loader.php on line 95
[04-Jun-2026 03:07:57 UTC] PHP Warning:  Undefined array key "version" in /home/alamstor/public_html/wp-content/plugins/elementor/core/page-assets/loader.php on line 95
[04-Jun-2026 03:07:57 UTC] PHP Warning:  Undefined array key "src" in /home/alamstor/public_html/wp-content/plugins/elementor/core/page-assets/loader.php on line 95
[04-Jun-2026 03:07:57 UTC] PHP Warning:  Undefined array key "dependencies" in /home/alamstor/public_html/wp-content/plugins/elementor/core/page-assets/loader.php on line 95
[04-Jun-2026 03:07:57 UTC] PHP Warning:  Undefined array key "version" in /home/alamstor/public_html/wp-content/plugins/elementor/core/page-assets/loader.php on line 95
[04-Jun-2026 03:07:57 UTC] PHP Warning:  Undefined array key "src" in /home/alamstor/public_html/wp-content/plugins/elementor/core/page-assets/loader.php on line 95
[04-Jun-2026 03:07:57 UTC] PHP Warning:  Undefined array key "dependencies" in /home/alamstor/public_html/wp-content/plugins/elementor/core/page-assets/loader.php on line 95
[04-Jun-2026 03:07:57 UTC] PHP Warning:  Undefined array key "version" in /home/alamstor/public_html/wp-content/plugins/elementor/core/page-assets/loader.php on line 95
[04-Jun-2026 03:07:57 UTC] PHP Warning:  Undefined array key "src" in /home/alamstor/public_html/wp-content/plugins/elementor/core/page-assets/loader.php on line 95
[04-Jun-2026 03:07:57 UTC] PHP Warning:  Undefined array key "dependencies" in /home/alamstor/public_html/wp-content/plugins/elementor/core/page-assets/loader.php on line 95
[04-Jun-2026 03:07:57 UTC] PHP Warning:  Undefined array key "version" in /home/alamstor/public_html/wp-content/plugins/elementor/core/page-assets/loader.php on line 95
[04-Jun-2026 03:07:58 UTC] PHP Warning:  Undefined array key "src" in /home/alamstor/public_html/wp-content/plugins/elementor/core/page-assets/loader.php on line 95
[04-Jun-2026 03:07:58 UTC] PHP Warning:  Undefined array key "dependencies" in /home/alamstor/public_html/wp-content/plugins/elementor/core/page-assets/loader.php on line 95
[04-Jun-2026 03:07:58 UTC] PHP Warning:  Undefined array key "version" in /home/alamstor/public_html/wp-content/plugins/elementor/core/page-assets/loader.php on line 95
[04-Jun-2026 03:07:58 UTC] PHP Warning:  Undefined array key "src" in /home/alamstor/public_html/wp-content/plugins/elementor/core/page-assets/loader.php on line 95
[04-Jun-2026 03:07:58 UTC] PHP Warning:  Undefined array key "dependencies" in /home/alamstor/public_html/wp-content/plugins/elementor/core/page-assets/loader.php on line 95
[04-Jun-2026 03:07:58 UTC] PHP Warning:  Undefined array key "version" in /home/alamstor/public_html/wp-content/plugins/elementor/core/page-assets/loader.php on line 95
[04-Jun-2026 03:07:59 UTC] PHP Warning:  Undefined array key "src" in /home/alamstor/public_html/wp-content/plugins/elementor/core/page-assets/loader.php on line 95
[04-Jun-2026 03:07:59 UTC] PHP Warning:  Undefined array key "dependencies" in /home/alamstor/public_html/wp-content/plugins/elementor/core/page-assets/loader.php on line 95
[04-Jun-2026 03:07:59 UTC] PHP Warning:  Undefined array key "version" in /home/alamstor/public_html/wp-content/plugins/elementor/core/page-assets/loader.php on line 95
[04-Jun-2026 03:07:59 UTC] PHP Warning:  Undefined array key "src" in /home/alamstor/public_html/wp-content/plugins/elementor/core/page-assets/loader.php on line 95
[04-Jun-2026 03:07:59 UTC] PHP Warning:  Undefined array key "dependencies" in /home/alamstor/public_html/wp-content/plugins/elementor/core/page-assets/loader.php on line 95
[04-Jun-2026 03:07:59 UTC] PHP Warning:  Undefined array key "version" in /home/alamstor/public_html/wp-content/plugins/elementor/core/page-assets/loader.php on line 95
[04-Jun-2026 03:08:00 UTC] PHP Warning:  Undefined array key "src" in /home/alamstor/public_html/wp-content/plugins/elementor/core/page-assets/loader.php on line 95
[04-Jun-2026 03:08:00 UTC] PHP Warning:  Undefined array key "dependencies" in /home/alamstor/public_html/wp-content/plugins/elementor/core/page-assets/loader.php on line 95
[04-Jun-2026 03:08:00 UTC] PHP Warning:  Undefined array key "version" in /home/alamstor/public_html/wp-content/plugins/elementor/core/page-assets/loader.php on line 95
[04-Jun-2026 03:08:00 UTC] PHP Warning:  Undefined array key "src" in /home/alamstor/public_html/wp-content/plugins/elementor/core/page-assets/loader.php on line 95
[04-Jun-2026 03:08:00 UTC] PHP Warning:  Undefined array key "dependencies" in /home/alamstor/public_html/wp-content/plugins/elementor/core/page-assets/loader.php on line 95
[04-Jun-2026 03:08:00 UTC] PHP Warning:  Undefined array key "version" in /home/alamstor/public_html/wp-content/plugins/elementor/core/page-assets/loader.php on line 95
[04-Jun-2026 03:08:01 UTC] PHP Warning:  Undefined array key "src" in /home/alamstor/public_html/wp-content/plugins/elementor/core/page-assets/loader.php on line 95
[04-Jun-2026 03:08:01 UTC] PHP Warning:  Undefined array key "dependencies" in /home/alamstor/public_html/wp-content/plugins/elementor/core/page-assets/loader.php on line 95
[04-Jun-2026 03:08:01 UTC] PHP Warning:  Undefined array key "version" in /home/alamstor/public_html/wp-content/plugins/elementor/core/page-assets/loader.php on line 95
[04-Jun-2026 03:08:01 UTC] PHP Warning:  Undefined array key "src" in /home/alamstor/public_html/wp-content/plugins/elementor/core/page-assets/loader.php on line 95
[04-Jun-2026 03:08:01 UTC] PHP Warning:  Undefined array key "dependencies" in /home/alamstor/public_html/wp-content/plugins/elementor/core/page-assets/loader.php on line 95
[04-Jun-2026 03:08:01 UTC] PHP Warning:  Undefined array key "version" in /home/alamstor/public_html/wp-content/plugins/elementor/core/page-assets/loader.php on line 95
[04-Jun-2026 03:08:02 UTC] PHP Warning:  Undefined array key "src" in /home/alamstor/public_html/wp-content/plugins/elementor/core/page-assets/loader.php on line 95
[04-Jun-2026 03:08:02 UTC] PHP Warning:  Undefined array key "dependencies" in /home/alamstor/public_html/wp-content/plugins/elementor/core/page-assets/loader.php on line 95
[04-Jun-2026 03:08:02 UTC] PHP Warning:  Undefined array key "version" in /home/alamstor/public_html/wp-content/plugins/elementor/core/page-assets/loader.php on line 95
[04-Jun-2026 03:08:02 UTC] PHP Warning:  Undefined array key "src" in /home/alamstor/public_html/wp-content/plugins/elementor/core/page-assets/loader.php on line 95
[04-Jun-2026 03:08:02 UTC] PHP Warning:  Undefined array key "dependencies" in /home/alamstor/public_html/wp-content/plugins/elementor/core/page-assets/loader.php on line 95
[04-Jun-2026 03:08:02 UTC] PHP Warning:  Undefined array key "version" in /home/alamstor/public_html/wp-content/plugins/elementor/core/page-assets/loader.php on line 95
[04-Jun-2026 03:08:03 UTC] PHP Warning:  Undefined array key "src" in /home/alamstor/public_html/wp-content/plugins/elementor/core/page-assets/loader.php on line 95
[04-Jun-2026 03:08:03 UTC] PHP Warning:  Undefined array key "dependencies" in /home/alamstor/public_html/wp-content/plugins/elementor/core/page-assets/loader.php on line 95
[04-Jun-2026 03:08:03 UTC] PHP Warning:  Undefined array key "version" in /home/alamstor/public_html/wp-content/plugins/elementor/core/page-assets/loader.php on line 95
[04-Jun-2026 03:08:03 UTC] PHP Warning:  Undefined array key "src" in /home/alamstor/public_html/wp-content/plugins/elementor/core/page-assets/loader.php on line 95
[04-Jun-2026 03:08:03 UTC] PHP Warning:  Undefined array key "dependencies" in /home/alamstor/public_html/wp-content/plugins/elementor/core/page-assets/loader.php on line 95
[04-Jun-2026 03:08:03 UTC] PHP Warning:  Undefined array key "version" in /home/alamstor/public_html/wp-content/plugins/elementor/core/page-assets/loader.php on line 95
[04-Jun-2026 03:08:04 UTC] PHP Warning:  Undefined array key "src" in /home/alamstor/public_html/wp-content/plugins/elementor/core/page-assets/loader.php on line 95
[04-Jun-2026 03:08:04 UTC] PHP Warning:  Undefined array key "dependencies" in /home/alamstor/public_html/wp-content/plugins/elementor/core/page-assets/loader.php on line 95
[04-Jun-2026 03:08:04 UTC] PHP Warning:  Undefined array key "version" in /home/alamstor/public_html/wp-content/plugins/elementor/core/page-assets/loader.php on line 95
[04-Jun-2026 03:08:04 UTC] PHP Warning:  Undefined array key "src" in /home/alamstor/public_html/wp-content/plugins/elementor/core/page-assets/loader.php on line 95
[04-Jun-2026 03:08:04 UTC] PHP Warning:  Undefined array key "dependencies" in /home/alamstor/public_html/wp-content/plugins/elementor/core/page-assets/loader.php on line 95
[04-Jun-2026 03:08:04 UTC] PHP Warning:  Undefined array key "version" in /home/alamstor/public_html/wp-content/plugins/elementor/core/page-assets/loader.php on line 95
[04-Jun-2026 03:08:05 UTC] PHP Warning:  Undefined array key "src" in /home/alamstor/public_html/wp-content/plugins/elementor/core/page-assets/loader.php on line 95
[04-Jun-2026 03:08:05 UTC] PHP Warning:  Undefined array key "dependencies" in /home/alamstor/public_html/wp-content/plugins/elementor/core/page-assets/loader.php on line 95
[04-Jun-2026 03:08:05 UTC] PHP Warning:  Undefined array key "version" in /home/alamstor/public_html/wp-content/plugins/elementor/core/page-assets/loader.php on line 95
[04-Jun-2026 03:08:05 UTC] PHP Warning:  Undefined array key "src" in /home/alamstor/public_html/wp-content/plugins/elementor/core/page-assets/loader.php on line 95
[04-Jun-2026 03:08:05 UTC] PHP Warning:  Undefined array key "dependencies" in /home/alamstor/public_html/wp-content/plugins/elementor/core/page-assets/loader.php on line 95
[04-Jun-2026 03:08:05 UTC] PHP Warning:  Undefined array key "version" in /home/alamstor/public_html/wp-content/plugins/elementor/core/page-assets/loader.php on line 95
[04-Jun-2026 03:08:06 UTC] PHP Warning:  Undefined array key "src" in /home/alamstor/public_html/wp-content/plugins/elementor/core/page-assets/loader.php on line 95
[04-Jun-2026 03:08:06 UTC] PHP Warning:  Undefined array key "dependencies" in /home/alamstor/public_html/wp-content/plugins/elementor/core/page-assets/loader.php on line 95
[04-Jun-2026 03:08:06 UTC] PHP Warning:  Undefined array key "version" in /home/alamstor/public_html/wp-content/plugins/elementor/core/page-assets/loader.php on line 95
[04-Jun-2026 03:08:06 UTC] PHP Warning:  Undefined array key "src" in /home/alamstor/public_html/wp-content/plugins/elementor/core/page-assets/loader.php on line 95
[04-Jun-2026 03:08:06 UTC] PHP Warning:  Undefined array key "dependencies" in /home/alamstor/public_html/wp-content/plugins/elementor/core/page-assets/loader.php on line 95
[04-Jun-2026 03:08:06 UTC] PHP Warning:  Undefined array key "version" in /home/alamstor/public_html/wp-content/plugins/elementor/core/page-assets/loader.php on line 95
[04-Jun-2026 03:08:07 UTC] PHP Warning:  Undefined array key "src" in /home/alamstor/public_html/wp-content/plugins/elementor/core/page-assets/loader.php on line 95
[04-Jun-2026 03:08:07 UTC] PHP Warning:  Undefined array key "dependencies" in /home/alamstor/public_html/wp-content/plugins/elementor/core/page-assets/loader.php on line 95
[04-Jun-2026 03:08:07 UTC] PHP Warning:  Undefined array key "version" in /home/alamstor/public_html/wp-content/plugins/elementor/core/page-assets/loader.php on line 95
[04-Jun-2026 03:08:07 UTC] PHP Warning:  Undefined array key "src" in /home/alamstor/public_html/wp-content/plugins/elementor/core/page-assets/loader.php on line 95
[04-Jun-2026 03:08:07 UTC] PHP Warning:  Undefined array key "dependencies" in /home/alamstor/public_html/wp-content/plugins/elementor/core/page-assets/loader.php on line 95
[04-Jun-2026 03:08:07 UTC] PHP Warning:  Undefined array key "version" in /home/alamstor/public_html/wp-content/plugins/elementor/core/page-assets/loader.php on line 95
[04-Jun-2026 03:08:08 UTC] PHP Warning:  Undefined array key "src" in /home/alamstor/public_html/wp-content/plugins/elementor/core/page-assets/loader.php on line 95
[04-Jun-2026 03:08:08 UTC] PHP Warning:  Undefined array key "dependencies" in /home/alamstor/public_html/wp-content/plugins/elementor/core/page-assets/loader.php on line 95
[04-Jun-2026 03:08:08 UTC] PHP Warning:  Undefined array key "version" in /home/alamstor/public_html/wp-content/plugins/elementor/core/page-assets/loader.php on line 95
[04-Jun-2026 03:08:08 UTC] PHP Warning:  Undefined array key "src" in /home/alamstor/public_html/wp-content/plugins/elementor/core/page-assets/loader.php on line 95
[04-Jun-2026 03:08:08 UTC] PHP Warning:  Undefined array key "dependencies" in /home/alamstor/public_html/wp-content/plugins/elementor/core/page-assets/loader.php on line 95
[04-Jun-2026 03:08:08 UTC] PHP Warning:  Undefined array key "version" in /home/alamstor/public_html/wp-content/plugins/elementor/core/page-assets/loader.php on line 95
[04-Jun-2026 03:08:09 UTC] PHP Warning:  Undefined array key "src" in /home/alamstor/public_html/wp-content/plugins/elementor/core/page-assets/loader.php on line 95
[04-Jun-2026 03:08:09 UTC] PHP Warning:  Undefined array key "dependencies" in /home/alamstor/public_html/wp-content/plugins/elementor/core/page-assets/loader.php on line 95
[04-Jun-2026 03:08:09 UTC] PHP Warning:  Undefined array key "version" in /home/alamstor/public_html/wp-content/plugins/elementor/core/page-assets/loader.php on line 95
[04-Jun-2026 03:08:09 UTC] PHP Warning:  Undefined array key "src" in /home/alamstor/public_html/wp-content/plugins/elementor/core/page-assets/loader.php on line 95
[04-Jun-2026 03:08:09 UTC] PHP Warning:  Undefined array key "dependencies" in /home/alamstor/public_html/wp-content/plugins/elementor/core/page-assets/loader.php on line 95
[04-Jun-2026 03:08:09 UTC] PHP Warning:  Undefined array key "version" in /home/alamstor/public_html/wp-content/plugins/elementor/core/page-assets/loader.php on line 95
[04-Jun-2026 03:08:10 UTC] PHP Warning:  Undefined array key "src" in /home/alamstor/public_html/wp-content/plugins/elementor/core/page-assets/loader.php on line 95
[04-Jun-2026 03:08:10 UTC] PHP Warning:  Undefined array key "dependencies" in /home/alamstor/public_html/wp-content/plugins/elementor/core/page-assets/loader.php on line 95
[04-Jun-2026 03:08:10 UTC] PHP Warning:  Undefined array key "version" in /home/alamstor/public_html/wp-content/plugins/elementor/core/page-assets/loader.php on line 95
[04-Jun-2026 03:08:10 UTC] PHP Warning:  Undefined array key "src" in /home/alamstor/public_html/wp-content/plugins/elementor/core/page-assets/loader.php on line 95
[04-Jun-2026 03:08:10 UTC] PHP Warning:  Undefined array key "dependencies" in /home/alamstor/public_html/wp-content/plugins/elementor/core/page-assets/loader.php on line 95
[04-Jun-2026 03:08:10 UTC] PHP Warning:  Undefined array key "version" in /home/alamstor/public_html/wp-content/plugins/elementor/core/page-assets/loader.php on line 95
[04-Jun-2026 03:08:10 UTC] PHP Warning:  Undefined array key "src" in /home/alamstor/public_html/wp-content/plugins/elementor/core/page-assets/loader.php on line 95
[04-Jun-2026 03:08:10 UTC] PHP Warning:  Undefined array key "dependencies" in /home/alamstor/public_html/wp-content/plugins/elementor/core/page-assets/loader.php on line 95
[04-Jun-2026 03:08:10 UTC] PHP Warning:  Undefined array key "version" in /home/alamstor/public_html/wp-content/plugins/elementor/core/page-assets/loader.php on line 95
[04-Jun-2026 03:08:10 UTC] PHP Warning:  Undefined array key "src" in /home/alamstor/public_html/wp-content/plugins/elementor/core/page-assets/loader.php on line 95
[04-Jun-2026 03:08:10 UTC] PHP Warning:  Undefined array key "dependencies" in /home/alamstor/public_html/wp-content/plugins/elementor/core/page-assets/loader.php on line 95
[04-Jun-2026 03:08:10 UTC] PHP Warning:  Undefined array key "version" in /home/alamstor/public_html/wp-content/plugins/elementor/core/page-assets/loader.php on line 95
[04-Jun-2026 03:08:11 UTC] PHP Warning:  Undefined array key "src" in /home/alamstor/public_html/wp-content/plugins/elementor/core/page-assets/loader.php on line 95
[04-Jun-2026 03:08:11 UTC] PHP Warning:  Undefined array key "dependencies" in /home/alamstor/public_html/wp-content/plugins/elementor/core/page-assets/loader.php on line 95
[04-Jun-2026 03:08:11 UTC] PHP Warning:  Undefined array key "version" in /home/alamstor/public_html/wp-content/plugins/elementor/core/page-assets/loader.php on line 95
[04-Jun-2026 03:08:11 UTC] PHP Warning:  Undefined array key "src" in /home/alamstor/public_html/wp-content/plugins/elementor/core/page-assets/loader.php on line 95
[04-Jun-2026 03:08:11 UTC] PHP Warning:  Undefined array key "dependencies" in /home/alamstor/public_html/wp-content/plugins/elementor/core/page-assets/loader.php on line 95
[04-Jun-2026 03:08:11 UTC] PHP Warning:  Undefined array key "version" in /home/alamstor/public_html/wp-content/plugins/elementor/core/page-assets/loader.php on line 95
[04-Jun-2026 03:08:12 UTC] PHP Warning:  Undefined array key "src" in /home/alamstor/public_html/wp-content/plugins/elementor/core/page-assets/loader.php on line 95
[04-Jun-2026 03:08:12 UTC] PHP Warning:  Undefined array key "dependencies" in /home/alamstor/public_html/wp-content/plugins/elementor/core/page-assets/loader.php on line 95
[04-Jun-2026 03:08:12 UTC] PHP Warning:  Undefined array key "version" in /home/alamstor/public_html/wp-content/plugins/elementor/core/page-assets/loader.php on line 95
[04-Jun-2026 03:08:12 UTC] PHP Warning:  Undefined array key "src" in /home/alamstor/public_html/wp-content/plugins/elementor/core/page-assets/loader.php on line 95
[04-Jun-2026 03:08:12 UTC] PHP Warning:  Undefined array key "dependencies" in /home/alamstor/public_html/wp-content/plugins/elementor/core/page-assets/loader.php on line 95
[04-Jun-2026 03:08:12 UTC] PHP Warning:  Undefined array key "version" in /home/alamstor/public_html/wp-content/plugins/elementor/core/page-assets/loader.php on line 95
[04-Jun-2026 03:08:12 UTC] PHP Warning:  Undefined array key "src" in /home/alamstor/public_html/wp-content/plugins/elementor/core/page-assets/loader.php on line 95
[04-Jun-2026 03:08:12 UTC] PHP Warning:  Undefined array key "dependencies" in /home/alamstor/public_html/wp-content/plugins/elementor/core/page-assets/loader.php on line 95
[04-Jun-2026 03:08:12 UTC] PHP Warning:  Undefined array key "version" in /home/alamstor/public_html/wp-content/plugins/elementor/core/page-assets/loader.php on line 95
[04-Jun-2026 03:08:12 UTC] PHP Warning:  Undefined array key "src" in /home/alamstor/public_html/wp-content/plugins/elementor/core/page-assets/loader.php on line 95
[04-Jun-2026 03:08:12 UTC] PHP Warning:  Undefined array key "dependencies" in /home/alamstor/public_html/wp-content/plugins/elementor/core/page-assets/loader.php on line 95
[04-Jun-2026 03:08:12 UTC] PHP Warning:  Undefined array key "version" in /home/alamstor/public_html/wp-content/plugins/elementor/core/page-assets/loader.php on line 95
[04-Jun-2026 03:08:13 UTC] PHP Warning:  Undefined array key "src" in /home/alamstor/public_html/wp-content/plugins/elementor/core/page-assets/loader.php on line 95
[04-Jun-2026 03:08:13 UTC] PHP Warning:  Undefined array key "dependencies" in /home/alamstor/public_html/wp-content/plugins/elementor/core/page-assets/loader.php on line 95
[04-Jun-2026 03:08:13 UTC] PHP Warning:  Undefined array key "version" in /home/alamstor/public_html/wp-content/plugins/elementor/core/page-assets/loader.php on line 95
[04-Jun-2026 03:08:13 UTC] PHP Warning:  Undefined array key "src" in /home/alamstor/public_html/wp-content/plugins/elementor/core/page-assets/loader.php on line 95
[04-Jun-2026 03:08:13 UTC] PHP Warning:  Undefined array key "dependencies" in /home/alamstor/public_html/wp-content/plugins/elementor/core/page-assets/loader.php on line 95
[04-Jun-2026 03:08:13 UTC] PHP Warning:  Undefined array key "version" in /home/alamstor/public_html/wp-content/plugins/elementor/core/page-assets/loader.php on line 95
[04-Jun-2026 03:08:14 UTC] PHP Warning:  Undefined array key "src" in /home/alamstor/public_html/wp-content/plugins/elementor/core/page-assets/loader.php on line 95
[04-Jun-2026 03:08:14 UTC] PHP Warning:  Undefined array key "dependencies" in /home/alamstor/public_html/wp-content/plugins/elementor/core/page-assets/loader.php on line 95
[04-Jun-2026 03:08:14 UTC] PHP Warning:  Undefined array key "version" in /home/alamstor/public_html/wp-content/plugins/elementor/core/page-assets/loader.php on line 95
[04-Jun-2026 03:08:14 UTC] PHP Warning:  Undefined array key "src" in /home/alamstor/public_html/wp-content/plugins/elementor/core/page-assets/loader.php on line 95
[04-Jun-2026 03:08:14 UTC] PHP Warning:  Undefined array key "dependencies" in /home/alamstor/public_html/wp-content/plugins/elementor/core/page-assets/loader.php on line 95
[04-Jun-2026 03:08:14 UTC] PHP Warning:  Undefined array key "version" in /home/alamstor/public_html/wp-content/plugins/elementor/core/page-assets/loader.php on line 95
[04-Jun-2026 03:08:14 UTC] PHP Warning:  Undefined array key "src" in /home/alamstor/public_html/wp-content/plugins/elementor/core/page-assets/loader.php on line 95
[04-Jun-2026 03:08:14 UTC] PHP Warning:  Undefined array key "dependencies" in /home/alamstor/public_html/wp-content/plugins/elementor/core/page-assets/loader.php on line 95
[04-Jun-2026 03:08:14 UTC] PHP Warning:  Undefined array key "version" in /home/alamstor/public_html/wp-content/plugins/elementor/core/page-assets/loader.php on line 95
[04-Jun-2026 03:08:14 UTC] PHP Warning:  Undefined array key "src" in /home/alamstor/public_html/wp-content/plugins/elementor/core/page-assets/loader.php on line 95
[04-Jun-2026 03:08:14 UTC] PHP Warning:  Undefined array key "dependencies" in /home/alamstor/public_html/wp-content/plugins/elementor/core/page-assets/loader.php on line 95
[04-Jun-2026 03:08:14 UTC] PHP Warning:  Undefined array key "version" in /home/alamstor/public_html/wp-content/plugins/elementor/core/page-assets/loader.php on line 95
[04-Jun-2026 03:08:18 UTC] PHP Warning:  Undefined array key "src" in /home/alamstor/public_html/wp-content/plugins/elementor/core/page-assets/loader.php on line 95
[04-Jun-2026 03:08:18 UTC] PHP Warning:  Undefined array key "dependencies" in /home/alamstor/public_html/wp-content/plugins/elementor/core/page-assets/loader.php on line 95
[04-Jun-2026 03:08:18 UTC] PHP Warning:  Undefined array key "version" in /home/alamstor/public_html/wp-content/plugins/elementor/core/page-assets/loader.php on line 95
[04-Jun-2026 03:08:18 UTC] PHP Warning:  Undefined array key "src" in /home/alamstor/public_html/wp-content/plugins/elementor/core/page-assets/loader.php on line 95
[04-Jun-2026 03:08:18 UTC] PHP Warning:  Undefined array key "dependencies" in /home/alamstor/public_html/wp-content/plugins/elementor/core/page-assets/loader.php on line 95
[04-Jun-2026 03:08:18 UTC] PHP Warning:  Undefined array key "version" in /home/alamstor/public_html/wp-content/plugins/elementor/core/page-assets/loader.php on line 95
[04-Jun-2026 03:08:19 UTC] PHP Warning:  Undefined array key "src" in /home/alamstor/public_html/wp-content/plugins/elementor/core/page-assets/loader.php on line 95
[04-Jun-2026 03:08:19 UTC] PHP Warning:  Undefined array key "dependencies" in /home/alamstor/public_html/wp-content/plugins/elementor/core/page-assets/loader.php on line 95
[04-Jun-2026 03:08:19 UTC] PHP Warning:  Undefined array key "version" in /home/alamstor/public_html/wp-content/plugins/elementor/core/page-assets/loader.php on line 95
[04-Jun-2026 03:08:19 UTC] PHP Warning:  Undefined array key "src" in /home/alamstor/public_html/wp-content/plugins/elementor/core/page-assets/loader.php on line 95
[04-Jun-2026 03:08:19 UTC] PHP Warning:  Undefined array key "dependencies" in /home/alamstor/public_html/wp-content/plugins/elementor/core/page-assets/loader.php on line 95
[04-Jun-2026 03:08:19 UTC] PHP Warning:  Undefined array key "version" in /home/alamstor/public_html/wp-content/plugins/elementor/core/page-assets/loader.php on line 95
[04-Jun-2026 03:08:20 UTC] PHP Warning:  Undefined array key "src" in /home/alamstor/public_html/wp-content/plugins/elementor/core/page-assets/loader.php on line 95
[04-Jun-2026 03:08:20 UTC] PHP Warning:  Undefined array key "dependencies" in /home/alamstor/public_html/wp-content/plugins/elementor/core/page-assets/loader.php on line 95
[04-Jun-2026 03:08:20 UTC] PHP Warning:  Undefined array key "version" in /home/alamstor/public_html/wp-content/plugins/elementor/core/page-assets/loader.php on line 95
[04-Jun-2026 03:08:20 UTC] PHP Warning:  Undefined array key "src" in /home/alamstor/public_html/wp-content/plugins/elementor/core/page-assets/loader.php on line 95
[04-Jun-2026 03:08:20 UTC] PHP Warning:  Undefined array key "dependencies" in /home/alamstor/public_html/wp-content/plugins/elementor/core/page-assets/loader.php on line 95
[04-Jun-2026 03:08:20 UTC] PHP Warning:  Undefined array key "version" in /home/alamstor/public_html/wp-content/plugins/elementor/core/page-assets/loader.php on line 95
[04-Jun-2026 03:08:21 UTC] PHP Warning:  Undefined array key "src" in /home/alamstor/public_html/wp-content/plugins/elementor/core/page-assets/loader.php on line 95
[04-Jun-2026 03:08:21 UTC] PHP Warning:  Undefined array key "dependencies" in /home/alamstor/public_html/wp-content/plugins/elementor/core/page-assets/loader.php on line 95
[04-Jun-2026 03:08:21 UTC] PHP Warning:  Undefined array key "version" in /home/alamstor/public_html/wp-content/plugins/elementor/core/page-assets/loader.php on line 95
[04-Jun-2026 03:08:21 UTC] PHP Warning:  Undefined array key "src" in /home/alamstor/public_html/wp-content/plugins/elementor/core/page-assets/loader.php on line 95
[04-Jun-2026 03:08:21 UTC] PHP Warning:  Undefined array key "dependencies" in /home/alamstor/public_html/wp-content/plugins/elementor/core/page-assets/loader.php on line 95
[04-Jun-2026 03:08:21 UTC] PHP Warning:  Undefined array key "version" in /home/alamstor/public_html/wp-content/plugins/elementor/core/page-assets/loader.php on line 95
[04-Jun-2026 03:08:22 UTC] PHP Warning:  Undefined array key "src" in /home/alamstor/public_html/wp-content/plugins/elementor/core/page-assets/loader.php on line 95
[04-Jun-2026 03:08:22 UTC] PHP Warning:  Undefined array key "dependencies" in /home/alamstor/public_html/wp-content/plugins/elementor/core/page-assets/loader.php on line 95
[04-Jun-2026 03:08:22 UTC] PHP Warning:  Undefined array key "version" in /home/alamstor/public_html/wp-content/plugins/elementor/core/page-assets/loader.php on line 95
[04-Jun-2026 03:08:22 UTC] PHP Warning:  Undefined array key "src" in /home/alamstor/public_html/wp-content/plugins/elementor/core/page-assets/loader.php on line 95
[04-Jun-2026 03:08:22 UTC] PHP Warning:  Undefined array key "dependencies" in /home/alamstor/public_html/wp-content/plugins/elementor/core/page-assets/loader.php on line 95
[04-Jun-2026 03:08:22 UTC] PHP Warning:  Undefined array key "version" in /home/alamstor/public_html/wp-content/plugins/elementor/core/page-assets/loader.php on line 95
[04-Jun-2026 03:08:23 UTC] PHP Warning:  Undefined array key "src" in /home/alamstor/public_html/wp-content/plugins/elementor/core/page-assets/loader.php on line 95
[04-Jun-2026 03:08:23 UTC] PHP Warning:  Undefined array key "dependencies" in /home/alamstor/public_html/wp-content/plugins/elementor/core/page-assets/loader.php on line 95
[04-Jun-2026 03:08:23 UTC] PHP Warning:  Undefined array key "version" in /home/alamstor/public_html/wp-content/plugins/elementor/core/page-assets/loader.php on line 95
[04-Jun-2026 03:08:23 UTC] PHP Warning:  Undefined array key "src" in /home/alamstor/public_html/wp-content/plugins/elementor/core/page-assets/loader.php on line 95
[04-Jun-2026 03:08:23 UTC] PHP Warning:  Undefined array key "dependencies" in /home/alamstor/public_html/wp-content/plugins/elementor/core/page-assets/loader.php on line 95
[04-Jun-2026 03:08:23 UTC] PHP Warning:  Undefined array key "version" in /home/alamstor/public_html/wp-content/plugins/elementor/core/page-assets/loader.php on line 95
[04-Jun-2026 03:08:24 UTC] PHP Warning:  Undefined array key "src" in /home/alamstor/public_html/wp-content/plugins/elementor/core/page-assets/loader.php on line 95
[04-Jun-2026 03:08:24 UTC] PHP Warning:  Undefined array key "dependencies" in /home/alamstor/public_html/wp-content/plugins/elementor/core/page-assets/loader.php on line 95
[04-Jun-2026 03:08:24 UTC] PHP Warning:  Undefined array key "version" in /home/alamstor/public_html/wp-content/plugins/elementor/core/page-assets/loader.php on line 95
[04-Jun-2026 03:08:24 UTC] PHP Warning:  Undefined array key "src" in /home/alamstor/public_html/wp-content/plugins/elementor/core/page-assets/loader.php on line 95
[04-Jun-2026 03:08:24 UTC] PHP Warning:  Undefined array key "dependencies" in /home/alamstor/public_html/wp-content/plugins/elementor/core/page-assets/loader.php on line 95
[04-Jun-2026 03:08:24 UTC] PHP Warning:  Undefined array key "version" in /home/alamstor/public_html/wp-content/plugins/elementor/core/page-assets/loader.php on line 95
[04-Jun-2026 03:08:25 UTC] PHP Warning:  Undefined array key "src" in /home/alamstor/public_html/wp-content/plugins/elementor/core/page-assets/loader.php on line 95
[04-Jun-2026 03:08:25 UTC] PHP Warning:  Undefined array key "dependencies" in /home/alamstor/public_html/wp-content/plugins/elementor/core/page-assets/loader.php on line 95
[04-Jun-2026 03:08:25 UTC] PHP Warning:  Undefined array key "version" in /home/alamstor/public_html/wp-content/plugins/elementor/core/page-assets/loader.php on line 95
[04-Jun-2026 03:08:25 UTC] PHP Warning:  Undefined array key "src" in /home/alamstor/public_html/wp-content/plugins/elementor/core/page-assets/loader.php on line 95
[04-Jun-2026 03:08:25 UTC] PHP Warning:  Undefined array key "dependencies" in /home/alamstor/public_html/wp-content/plugins/elementor/core/page-assets/loader.php on line 95
[04-Jun-2026 03:08:25 UTC] PHP Warning:  Undefined array key "version" in /home/alamstor/public_html/wp-content/plugins/elementor/core/page-assets/loader.php on line 95
[04-Jun-2026 03:08:26 UTC] PHP Warning:  Undefined array key "src" in /home/alamstor/public_html/wp-content/plugins/elementor/core/page-assets/loader.php on line 95
[04-Jun-2026 03:08:26 UTC] PHP Warning:  Undefined array key "dependencies" in /home/alamstor/public_html/wp-content/plugins/elementor/core/page-assets/loader.php on line 95
[04-Jun-2026 03:08:26 UTC] PHP Warning:  Undefined array key "version" in /home/alamstor/public_html/wp-content/plugins/elementor/core/page-assets/loader.php on line 95
[04-Jun-2026 03:08:26 UTC] PHP Warning:  Undefined array key "src" in /home/alamstor/public_html/wp-content/plugins/elementor/core/page-assets/loader.php on line 95
[04-Jun-2026 03:08:26 UTC] PHP Warning:  Undefined array key "dependencies" in /home/alamstor/public_html/wp-content/plugins/elementor/core/page-assets/loader.php on line 95
[04-Jun-2026 03:08:26 UTC] PHP Warning:  Undefined array key "version" in /home/alamstor/public_html/wp-content/plugins/elementor/core/page-assets/loader.php on line 95
[04-Jun-2026 03:08:28 UTC] PHP Warning:  Undefined array key "src" in /home/alamstor/public_html/wp-content/plugins/elementor/core/page-assets/loader.php on line 95
[04-Jun-2026 03:08:28 UTC] PHP Warning:  Undefined array key "dependencies" in /home/alamstor/public_html/wp-content/plugins/elementor/core/page-assets/loader.php on line 95
[04-Jun-2026 03:08:28 UTC] PHP Warning:  Undefined array key "version" in /home/alamstor/public_html/wp-content/plugins/elementor/core/page-assets/loader.php on line 95
[04-Jun-2026 03:08:28 UTC] PHP Warning:  Undefined array key "src" in /home/alamstor/public_html/wp-content/plugins/elementor/core/page-assets/loader.php on line 95
[04-Jun-2026 03:08:28 UTC] PHP Warning:  Undefined array key "dependencies" in /home/alamstor/public_html/wp-content/plugins/elementor/core/page-assets/loader.php on line 95
[04-Jun-2026 03:08:28 UTC] PHP Warning:  Undefined array key "version" in /home/alamstor/public_html/wp-content/plugins/elementor/core/page-assets/loader.php on line 95
[04-Jun-2026 03:08:29 UTC] PHP Warning:  Undefined array key "src" in /home/alamstor/public_html/wp-content/plugins/elementor/core/page-assets/loader.php on line 95
[04-Jun-2026 03:08:29 UTC] PHP Warning:  Undefined array key "dependencies" in /home/alamstor/public_html/wp-content/plugins/elementor/core/page-assets/loader.php on line 95
[04-Jun-2026 03:08:29 UTC] PHP Warning:  Undefined array key "version" in /home/alamstor/public_html/wp-content/plugins/elementor/core/page-assets/loader.php on line 95
[04-Jun-2026 03:08:29 UTC] PHP Warning:  Undefined array key "src" in /home/alamstor/public_html/wp-content/plugins/elementor/core/page-assets/loader.php on line 95
[04-Jun-2026 03:08:29 UTC] PHP Warning:  Undefined array key "dependencies" in /home/alamstor/public_html/wp-content/plugins/elementor/core/page-assets/loader.php on line 95
[04-Jun-2026 03:08:29 UTC] PHP Warning:  Undefined array key "version" in /home/alamstor/public_html/wp-content/plugins/elementor/core/page-assets/loader.php on line 95
[04-Jun-2026 03:08:29 UTC] PHP Warning:  Undefined array key "src" in /home/alamstor/public_html/wp-content/plugins/elementor/core/page-assets/loader.php on line 95
[04-Jun-2026 03:08:29 UTC] PHP Warning:  Undefined array key "dependencies" in /home/alamstor/public_html/wp-content/plugins/elementor/core/page-assets/loader.php on line 95
[04-Jun-2026 03:08:29 UTC] PHP Warning:  Undefined array key "version" in /home/alamstor/public_html/wp-content/plugins/elementor/core/page-assets/loader.php on line 95
[04-Jun-2026 03:08:29 UTC] PHP Warning:  Undefined array key "src" in /home/alamstor/public_html/wp-content/plugins/elementor/core/page-assets/loader.php on line 95
[04-Jun-2026 03:08:29 UTC] PHP Warning:  Undefined array key "dependencies" in /home/alamstor/public_html/wp-content/plugins/elementor/core/page-assets/loader.php on line 95
[04-Jun-2026 03:08:29 UTC] PHP Warning:  Undefined array key "version" in /home/alamstor/public_html/wp-content/plugins/elementor/core/page-assets/loader.php on line 95
[04-Jun-2026 03:08:31 UTC] PHP Warning:  Undefined array key "src" in /home/alamstor/public_html/wp-content/plugins/elementor/core/page-assets/loader.php on line 95
[04-Jun-2026 03:08:31 UTC] PHP Warning:  Undefined array key "dependencies" in /home/alamstor/public_html/wp-content/plugins/elementor/core/page-assets/loader.php on line 95
[04-Jun-2026 03:08:31 UTC] PHP Warning:  Undefined array key "version" in /home/alamstor/public_html/wp-content/plugins/elementor/core/page-assets/loader.php on line 95
[04-Jun-2026 03:08:31 UTC] PHP Warning:  Undefined array key "src" in /home/alamstor/public_html/wp-content/plugins/elementor/core/page-assets/loader.php on line 95
[04-Jun-2026 03:08:31 UTC] PHP Warning:  Undefined array key "dependencies" in /home/alamstor/public_html/wp-content/plugins/elementor/core/page-assets/loader.php on line 95
[04-Jun-2026 03:08:31 UTC] PHP Warning:  Undefined array key "version" in /home/alamstor/public_html/wp-content/plugins/elementor/core/page-assets/loader.php on line 95
[04-Jun-2026 03:08:31 UTC] PHP Warning:  Undefined array key "src" in /home/alamstor/public_html/wp-content/plugins/elementor/core/page-assets/loader.php on line 95
[04-Jun-2026 03:08:31 UTC] PHP Warning:  Undefined array key "dependencies" in /home/alamstor/public_html/wp-content/plugins/elementor/core/page-assets/loader.php on line 95
[04-Jun-2026 03:08:31 UTC] PHP Warning:  Undefined array key "version" in /home/alamstor/public_html/wp-content/plugins/elementor/core/page-assets/loader.php on line 95
[04-Jun-2026 03:08:31 UTC] PHP Warning:  Undefined array key "src" in /home/alamstor/public_html/wp-content/plugins/elementor/core/page-assets/loader.php on line 95
[04-Jun-2026 03:08:31 UTC] PHP Warning:  Undefined array key "dependencies" in /home/alamstor/public_html/wp-content/plugins/elementor/core/page-assets/loader.php on line 95
[04-Jun-2026 03:08:31 UTC] PHP Warning:  Undefined array key "version" in /home/alamstor/public_html/wp-content/plugins/elementor/core/page-assets/loader.php on line 95
[04-Jun-2026 03:08:32 UTC] PHP Warning:  Undefined array key "src" in /home/alamstor/public_html/wp-content/plugins/elementor/core/page-assets/loader.php on line 95
[04-Jun-2026 03:08:32 UTC] PHP Warning:  Undefined array key "dependencies" in /home/alamstor/public_html/wp-content/plugins/elementor/core/page-assets/loader.php on line 95
[04-Jun-2026 03:08:32 UTC] PHP Warning:  Undefined array key "version" in /home/alamstor/public_html/wp-content/plugins/elementor/core/page-assets/loader.php on line 95
[04-Jun-2026 03:08:32 UTC] PHP Warning:  Undefined array key "src" in /home/alamstor/public_html/wp-content/plugins/elementor/core/page-assets/loader.php on line 95
[04-Jun-2026 03:08:32 UTC] PHP Warning:  Undefined array key "dependencies" in /home/alamstor/public_html/wp-content/plugins/elementor/core/page-assets/loader.php on line 95
[04-Jun-2026 03:08:32 UTC] PHP Warning:  Undefined array key "version" in /home/alamstor/public_html/wp-content/plugins/elementor/core/page-assets/loader.php on line 95
[04-Jun-2026 03:08:33 UTC] PHP Warning:  Undefined array key "src" in /home/alamstor/public_html/wp-content/plugins/elementor/core/page-assets/loader.php on line 95
[04-Jun-2026 03:08:33 UTC] PHP Warning:  Undefined array key "dependencies" in /home/alamstor/public_html/wp-content/plugins/elementor/core/page-assets/loader.php on line 95
[04-Jun-2026 03:08:33 UTC] PHP Warning:  Undefined array key "version" in /home/alamstor/public_html/wp-content/plugins/elementor/core/page-assets/loader.php on line 95
[04-Jun-2026 03:08:33 UTC] PHP Warning:  Undefined array key "src" in /home/alamstor/public_html/wp-content/plugins/elementor/core/page-assets/loader.php on line 95
[04-Jun-2026 03:08:33 UTC] PHP Warning:  Undefined array key "dependencies" in /home/alamstor/public_html/wp-content/plugins/elementor/core/page-assets/loader.php on line 95
[04-Jun-2026 03:08:33 UTC] PHP Warning:  Undefined array key "version" in /home/alamstor/public_html/wp-content/plugins/elementor/core/page-assets/loader.php on line 95
[04-Jun-2026 03:08:34 UTC] PHP Warning:  Undefined array key "src" in /home/alamstor/public_html/wp-content/plugins/elementor/core/page-assets/loader.php on line 95
[04-Jun-2026 03:08:34 UTC] PHP Warning:  Undefined array key "dependencies" in /home/alamstor/public_html/wp-content/plugins/elementor/core/page-assets/loader.php on line 95
[04-Jun-2026 03:08:34 UTC] PHP Warning:  Undefined array key "version" in /home/alamstor/public_html/wp-content/plugins/elementor/core/page-assets/loader.php on line 95
[04-Jun-2026 03:08:34 UTC] PHP Warning:  Undefined array key "src" in /home/alamstor/public_html/wp-content/plugins/elementor/core/page-assets/loader.php on line 95
[04-Jun-2026 03:08:34 UTC] PHP Warning:  Undefined array key "dependencies" in /home/alamstor/public_html/wp-content/plugins/elementor/core/page-assets/loader.php on line 95
[04-Jun-2026 03:08:34 UTC] PHP Warning:  Undefined array key "version" in /home/alamstor/public_html/wp-content/plugins/elementor/core/page-assets/loader.php on line 95
[04-Jun-2026 03:08:35 UTC] PHP Warning:  Undefined array key "src" in /home/alamstor/public_html/wp-content/plugins/elementor/core/page-assets/loader.php on line 95
[04-Jun-2026 03:08:35 UTC] PHP Warning:  Undefined array key "dependencies" in /home/alamstor/public_html/wp-content/plugins/elementor/core/page-assets/loader.php on line 95
[04-Jun-2026 03:08:35 UTC] PHP Warning:  Undefined array key "version" in /home/alamstor/public_html/wp-content/plugins/elementor/core/page-assets/loader.php on line 95
[04-Jun-2026 03:08:35 UTC] PHP Warning:  Undefined array key "src" in /home/alamstor/public_html/wp-content/plugins/elementor/core/page-assets/loader.php on line 95
[04-Jun-2026 03:08:35 UTC] PHP Warning:  Undefined array key "dependencies" in /home/alamstor/public_html/wp-content/plugins/elementor/core/page-assets/loader.php on line 95
[04-Jun-2026 03:08:35 UTC] PHP Warning:  Undefined array key "version" in /home/alamstor/public_html/wp-content/plugins/elementor/core/page-assets/loader.php on line 95
[04-Jun-2026 03:08:36 UTC] PHP Warning:  Undefined array key "src" in /home/alamstor/public_html/wp-content/plugins/elementor/core/page-assets/loader.php on line 95
[04-Jun-2026 03:08:36 UTC] PHP Warning:  Undefined array key "dependencies" in /home/alamstor/public_html/wp-content/plugins/elementor/core/page-assets/loader.php on line 95
[04-Jun-2026 03:08:36 UTC] PHP Warning:  Undefined array key "version" in /home/alamstor/public_html/wp-content/plugins/elementor/core/page-assets/loader.php on line 95
[04-Jun-2026 03:08:36 UTC] PHP Warning:  Undefined array key "src" in /home/alamstor/public_html/wp-content/plugins/elementor/core/page-assets/loader.php on line 95
[04-Jun-2026 03:08:36 UTC] PHP Warning:  Undefined array key "dependencies" in /home/alamstor/public_html/wp-content/plugins/elementor/core/page-assets/loader.php on line 95
[04-Jun-2026 03:08:36 UTC] PHP Warning:  Undefined array key "version" in /home/alamstor/public_html/wp-content/plugins/elementor/core/page-assets/loader.php on line 95
[04-Jun-2026 03:08:36 UTC] PHP Warning:  Undefined array key "src" in /home/alamstor/public_html/wp-content/plugins/elementor/core/page-assets/loader.php on line 95
[04-Jun-2026 03:08:36 UTC] PHP Warning:  Undefined array key "dependencies" in /home/alamstor/public_html/wp-content/plugins/elementor/core/page-assets/loader.php on line 95
[04-Jun-2026 03:08:36 UTC] PHP Warning:  Undefined array key "version" in /home/alamstor/public_html/wp-content/plugins/elementor/core/page-assets/loader.php on line 95
[04-Jun-2026 03:08:36 UTC] PHP Warning:  Undefined array key "src" in /home/alamstor/public_html/wp-content/plugins/elementor/core/page-assets/loader.php on line 95
[04-Jun-2026 03:08:36 UTC] PHP Warning:  Undefined array key "dependencies" in /home/alamstor/public_html/wp-content/plugins/elementor/core/page-assets/loader.php on line 95
[04-Jun-2026 03:08:36 UTC] PHP Warning:  Undefined array key "version" in /home/alamstor/public_html/wp-content/plugins/elementor/core/page-assets/loader.php on line 95
[04-Jun-2026 03:08:37 UTC] PHP Warning:  Undefined array key "src" in /home/alamstor/public_html/wp-content/plugins/elementor/core/page-assets/loader.php on line 95
[04-Jun-2026 03:08:37 UTC] PHP Warning:  Undefined array key "dependencies" in /home/alamstor/public_html/wp-content/plugins/elementor/core/page-assets/loader.php on line 95
[04-Jun-2026 03:08:37 UTC] PHP Warning:  Undefined array key "version" in /home/alamstor/public_html/wp-content/plugins/elementor/core/page-assets/loader.php on line 95
[04-Jun-2026 03:08:37 UTC] PHP Warning:  Undefined array key "src" in /home/alamstor/public_html/wp-content/plugins/elementor/core/page-assets/loader.php on line 95
[04-Jun-2026 03:08:37 UTC] PHP Warning:  Undefined array key "dependencies" in /home/alamstor/public_html/wp-content/plugins/elementor/core/page-assets/loader.php on line 95
[04-Jun-2026 03:08:37 UTC] PHP Warning:  Undefined array key "version" in /home/alamstor/public_html/wp-content/plugins/elementor/core/page-assets/loader.php on line 95
[04-Jun-2026 03:08:37 UTC] PHP Warning:  Undefined array key "src" in /home/alamstor/public_html/wp-content/plugins/elementor/core/page-assets/loader.php on line 95
[04-Jun-2026 03:08:37 UTC] PHP Warning:  Undefined array key "dependencies" in /home/alamstor/public_html/wp-content/plugins/elementor/core/page-assets/loader.php on line 95
[04-Jun-2026 03:08:37 UTC] PHP Warning:  Undefined array key "version" in /home/alamstor/public_html/wp-content/plugins/elementor/core/page-assets/loader.php on line 95
[04-Jun-2026 03:08:37 UTC] PHP Warning:  Undefined array key "src" in /home/alamstor/public_html/wp-content/plugins/elementor/core/page-assets/loader.php on line 95
[04-Jun-2026 03:08:37 UTC] PHP Warning:  Undefined array key "dependencies" in /home/alamstor/public_html/wp-content/plugins/elementor/core/page-assets/loader.php on line 95
[04-Jun-2026 03:08:37 UTC] PHP Warning:  Undefined array key "version" in /home/alamstor/public_html/wp-content/plugins/elementor/core/page-assets/loader.php on line 95
[04-Jun-2026 03:08:38 UTC] PHP Warning:  Undefined array key "src" in /home/alamstor/public_html/wp-content/plugins/elementor/core/page-assets/loader.php on line 95
[04-Jun-2026 03:08:38 UTC] PHP Warning:  Undefined array key "dependencies" in /home/alamstor/public_html/wp-content/plugins/elementor/core/page-assets/loader.php on line 95
[04-Jun-2026 03:08:38 UTC] PHP Warning:  Undefined array key "version" in /home/alamstor/public_html/wp-content/plugins/elementor/core/page-assets/loader.php on line 95
[04-Jun-2026 03:08:38 UTC] PHP Warning:  Undefined array key "src" in /home/alamstor/public_html/wp-content/plugins/elementor/core/page-assets/loader.php on line 95
[04-Jun-2026 03:08:38 UTC] PHP Warning:  Undefined array key "dependencies" in /home/alamstor/public_html/wp-content/plugins/elementor/core/page-assets/loader.php on line 95
[04-Jun-2026 03:08:38 UTC] PHP Warning:  Undefined array key "version" in /home/alamstor/public_html/wp-content/plugins/elementor/core/page-assets/loader.php on line 95
[04-Jun-2026 03:08:39 UTC] PHP Warning:  Undefined array key "src" in /home/alamstor/public_html/wp-content/plugins/elementor/core/page-assets/loader.php on line 95
[04-Jun-2026 03:08:39 UTC] PHP Warning:  Undefined array key "dependencies" in /home/alamstor/public_html/wp-content/plugins/elementor/core/page-assets/loader.php on line 95
[04-Jun-2026 03:08:39 UTC] PHP Warning:  Undefined array key "version" in /home/alamstor/public_html/wp-content/plugins/elementor/core/page-assets/loader.php on line 95
[04-Jun-2026 03:08:39 UTC] PHP Warning:  Undefined array key "src" in /home/alamstor/public_html/wp-content/plugins/elementor/core/page-assets/loader.php on line 95
[04-Jun-2026 03:08:39 UTC] PHP Warning:  Undefined array key "dependencies" in /home/alamstor/public_html/wp-content/plugins/elementor/core/page-assets/loader.php on line 95
[04-Jun-2026 03:08:39 UTC] PHP Warning:  Undefined array key "version" in /home/alamstor/public_html/wp-content/plugins/elementor/core/page-assets/loader.php on line 95
[04-Jun-2026 03:08:40 UTC] PHP Warning:  Undefined array key "src" in /home/alamstor/public_html/wp-content/plugins/elementor/core/page-assets/loader.php on line 95
[04-Jun-2026 03:08:40 UTC] PHP Warning:  Undefined array key "dependencies" in /home/alamstor/public_html/wp-content/plugins/elementor/core/page-assets/loader.php on line 95
[04-Jun-2026 03:08:40 UTC] PHP Warning:  Undefined array key "version" in /home/alamstor/public_html/wp-content/plugins/elementor/core/page-assets/loader.php on line 95
[04-Jun-2026 03:08:40 UTC] PHP Warning:  Undefined array key "src" in /home/alamstor/public_html/wp-content/plugins/elementor/core/page-assets/loader.php on line 95
[04-Jun-2026 03:08:40 UTC] PHP Warning:  Undefined array key "dependencies" in /home/alamstor/public_html/wp-content/plugins/elementor/core/page-assets/loader.php on line 95
[04-Jun-2026 03:08:40 UTC] PHP Warning:  Undefined array key "version" in /home/alamstor/public_html/wp-content/plugins/elementor/core/page-assets/loader.php on line 95
[04-Jun-2026 03:08:40 UTC] PHP Warning:  Undefined array key "src" in /home/alamstor/public_html/wp-content/plugins/elementor/core/page-assets/loader.php on line 95
[04-Jun-2026 03:08:40 UTC] PHP Warning:  Undefined array key "dependencies" in /home/alamstor/public_html/wp-content/plugins/elementor/core/page-assets/loader.php on line 95
[04-Jun-2026 03:08:40 UTC] PHP Warning:  Undefined array key "version" in /home/alamstor/public_html/wp-content/plugins/elementor/core/page-assets/loader.php on line 95
[04-Jun-2026 03:08:40 UTC] PHP Warning:  Undefined array key "src" in /home/alamstor/public_html/wp-content/plugins/elementor/core/page-assets/loader.php on line 95
[04-Jun-2026 03:08:40 UTC] PHP Warning:  Undefined array key "dependencies" in /home/alamstor/public_html/wp-content/plugins/elementor/core/page-assets/loader.php on line 95
[04-Jun-2026 03:08:40 UTC] PHP Warning:  Undefined array key "version" in /home/alamstor/public_html/wp-content/plugins/elementor/core/page-assets/loader.php on line 95
[04-Jun-2026 03:08:41 UTC] PHP Warning:  Undefined array key "src" in /home/alamstor/public_html/wp-content/plugins/elementor/core/page-assets/loader.php on line 95
[04-Jun-2026 03:08:41 UTC] PHP Warning:  Undefined array key "dependencies" in /home/alamstor/public_html/wp-content/plugins/elementor/core/page-assets/loader.php on line 95
[04-Jun-2026 03:08:41 UTC] PHP Warning:  Undefined array key "version" in /home/alamstor/public_html/wp-content/plugins/elementor/core/page-assets/loader.php on line 95
[04-Jun-2026 03:08:41 UTC] PHP Warning:  Undefined array key "src" in /home/alamstor/public_html/wp-content/plugins/elementor/core/page-assets/loader.php on line 95
[04-Jun-2026 03:08:41 UTC] PHP Warning:  Undefined array key "dependencies" in /home/alamstor/public_html/wp-content/plugins/elementor/core/page-assets/loader.php on line 95
[04-Jun-2026 03:08:41 UTC] PHP Warning:  Undefined array key "version" in /home/alamstor/public_html/wp-content/plugins/elementor/core/page-assets/loader.php on line 95
[04-Jun-2026 03:08:42 UTC] PHP Warning:  Undefined array key "src" in /home/alamstor/public_html/wp-content/plugins/elementor/core/page-assets/loader.php on line 95
[04-Jun-2026 03:08:42 UTC] PHP Warning:  Undefined array key "dependencies" in /home/alamstor/public_html/wp-content/plugins/elementor/core/page-assets/loader.php on line 95
[04-Jun-2026 03:08:42 UTC] PHP Warning:  Undefined array key "version" in /home/alamstor/public_html/wp-content/plugins/elementor/core/page-assets/loader.php on line 95
[04-Jun-2026 03:08:42 UTC] PHP Warning:  Undefined array key "src" in /home/alamstor/public_html/wp-content/plugins/elementor/core/page-assets/loader.php on line 95
[04-Jun-2026 03:08:42 UTC] PHP Warning:  Undefined array key "dependencies" in /home/alamstor/public_html/wp-content/plugins/elementor/core/page-assets/loader.php on line 95
[04-Jun-2026 03:08:42 UTC] PHP Warning:  Undefined array key "version" in /home/alamstor/public_html/wp-content/plugins/elementor/core/page-assets/loader.php on line 95
[04-Jun-2026 03:08:43 UTC] PHP Warning:  Undefined array key "src" in /home/alamstor/public_html/wp-content/plugins/elementor/core/page-assets/loader.php on line 95
[04-Jun-2026 03:08:43 UTC] PHP Warning:  Undefined array key "dependencies" in /home/alamstor/public_html/wp-content/plugins/elementor/core/page-assets/loader.php on line 95
[04-Jun-2026 03:08:43 UTC] PHP Warning:  Undefined array key "version" in /home/alamstor/public_html/wp-content/plugins/elementor/core/page-assets/loader.php on line 95
[04-Jun-2026 03:08:43 UTC] PHP Warning:  Undefined array key "src" in /home/alamstor/public_html/wp-content/plugins/elementor/core/page-assets/loader.php on line 95
[04-Jun-2026 03:08:43 UTC] PHP Warning:  Undefined array key "dependencies" in /home/alamstor/public_html/wp-content/plugins/elementor/core/page-assets/loader.php on line 95
[04-Jun-2026 03:08:43 UTC] PHP Warning:  Undefined array key "version" in /home/alamstor/public_html/wp-content/plugins/elementor/core/page-assets/loader.php on line 95
[04-Jun-2026 03:08:44 UTC] PHP Warning:  Undefined array key "src" in /home/alamstor/public_html/wp-content/plugins/elementor/core/page-assets/loader.php on line 95
[04-Jun-2026 03:08:44 UTC] PHP Warning:  Undefined array key "dependencies" in /home/alamstor/public_html/wp-content/plugins/elementor/core/page-assets/loader.php on line 95
[04-Jun-2026 03:08:44 UTC] PHP Warning:  Undefined array key "version" in /home/alamstor/public_html/wp-content/plugins/elementor/core/page-assets/loader.php on line 95
[04-Jun-2026 03:08:44 UTC] PHP Warning:  Undefined array key "src" in /home/alamstor/public_html/wp-content/plugins/elementor/core/page-assets/loader.php on line 95
[04-Jun-2026 03:08:44 UTC] PHP Warning:  Undefined array key "dependencies" in /home/alamstor/public_html/wp-content/plugins/elementor/core/page-assets/loader.php on line 95
[04-Jun-2026 03:08:44 UTC] PHP Warning:  Undefined array key "version" in /home/alamstor/public_html/wp-content/plugins/elementor/core/page-assets/loader.php on line 95
[04-Jun-2026 03:08:45 UTC] PHP Warning:  Undefined array key "src" in /home/alamstor/public_html/wp-content/plugins/elementor/core/page-assets/loader.php on line 95
[04-Jun-2026 03:08:45 UTC] PHP Warning:  Undefined array key "dependencies" in /home/alamstor/public_html/wp-content/plugins/elementor/core/page-assets/loader.php on line 95
[04-Jun-2026 03:08:45 UTC] PHP Warning:  Undefined array key "version" in /home/alamstor/public_html/wp-content/plugins/elementor/core/page-assets/loader.php on line 95
[04-Jun-2026 03:08:45 UTC] PHP Warning:  Undefined array key "src" in /home/alamstor/public_html/wp-content/plugins/elementor/core/page-assets/loader.php on line 95
[04-Jun-2026 03:08:45 UTC] PHP Warning:  Undefined array key "dependencies" in /home/alamstor/public_html/wp-content/plugins/elementor/core/page-assets/loader.php on line 95
[04-Jun-2026 03:08:45 UTC] PHP Warning:  Undefined array key "version" in /home/alamstor/public_html/wp-content/plugins/elementor/core/page-assets/loader.php on line 95
[04-Jun-2026 03:08:47 UTC] PHP Warning:  Undefined array key "src" in /home/alamstor/public_html/wp-content/plugins/elementor/core/page-assets/loader.php on line 95
[04-Jun-2026 03:08:47 UTC] PHP Warning:  Undefined array key "dependencies" in /home/alamstor/public_html/wp-content/plugins/elementor/core/page-assets/loader.php on line 95
[04-Jun-2026 03:08:47 UTC] PHP Warning:  Undefined array key "version" in /home/alamstor/public_html/wp-content/plugins/elementor/core/page-assets/loader.php on line 95
[04-Jun-2026 03:08:47 UTC] PHP Warning:  Undefined array key "src" in /home/alamstor/public_html/wp-content/plugins/elementor/core/page-assets/loader.php on line 95
[04-Jun-2026 03:08:47 UTC] PHP Warning:  Undefined array key "dependencies" in /home/alamstor/public_html/wp-content/plugins/elementor/core/page-assets/loader.php on line 95
[04-Jun-2026 03:08:47 UTC] PHP Warning:  Undefined array key "version" in /home/alamstor/public_html/wp-content/plugins/elementor/core/page-assets/loader.php on line 95
[04-Jun-2026 03:08:48 UTC] PHP Warning:  Undefined array key "src" in /home/alamstor/public_html/wp-content/plugins/elementor/core/page-assets/loader.php on line 95
[04-Jun-2026 03:08:48 UTC] PHP Warning:  Undefined array key "dependencies" in /home/alamstor/public_html/wp-content/plugins/elementor/core/page-assets/loader.php on line 95
[04-Jun-2026 03:08:48 UTC] PHP Warning:  Undefined array key "version" in /home/alamstor/public_html/wp-content/plugins/elementor/core/page-assets/loader.php on line 95
[04-Jun-2026 03:08:48 UTC] PHP Warning:  Undefined array key "src" in /home/alamstor/public_html/wp-content/plugins/elementor/core/page-assets/loader.php on line 95
[04-Jun-2026 03:08:48 UTC] PHP Warning:  Undefined array key "dependencies" in /home/alamstor/public_html/wp-content/plugins/elementor/core/page-assets/loader.php on line 95
[04-Jun-2026 03:08:48 UTC] PHP Warning:  Undefined array key "version" in /home/alamstor/public_html/wp-content/plugins/elementor/core/page-assets/loader.php on line 95
[04-Jun-2026 03:08:48 UTC] PHP Warning:  Undefined array key "src" in /home/alamstor/public_html/wp-content/plugins/elementor/core/page-assets/loader.php on line 95
[04-Jun-2026 03:08:48 UTC] PHP Warning:  Undefined array key "dependencies" in /home/alamstor/public_html/wp-content/plugins/elementor/core/page-assets/loader.php on line 95
[04-Jun-2026 03:08:48 UTC] PHP Warning:  Undefined array key "version" in /home/alamstor/public_html/wp-content/plugins/elementor/core/page-assets/loader.php on line 95
[04-Jun-2026 03:08:48 UTC] PHP Warning:  Undefined array key "src" in /home/alamstor/public_html/wp-content/plugins/elementor/core/page-assets/loader.php on line 95
[04-Jun-2026 03:08:48 UTC] PHP Warning:  Undefined array key "dependencies" in /home/alamstor/public_html/wp-content/plugins/elementor/core/page-assets/loader.php on line 95
[04-Jun-2026 03:08:48 UTC] PHP Warning:  Undefined array key "version" in /home/alamstor/public_html/wp-content/plugins/elementor/core/page-assets/loader.php on line 95
[04-Jun-2026 03:08:49 UTC] PHP Warning:  Undefined array key "src" in /home/alamstor/public_html/wp-content/plugins/elementor/core/page-assets/loader.php on line 95
[04-Jun-2026 03:08:49 UTC] PHP Warning:  Undefined array key "dependencies" in /home/alamstor/public_html/wp-content/plugins/elementor/core/page-assets/loader.php on line 95
[04-Jun-2026 03:08:49 UTC] PHP Warning:  Undefined array key "version" in /home/alamstor/public_html/wp-content/plugins/elementor/core/page-assets/loader.php on line 95
[04-Jun-2026 03:08:49 UTC] PHP Warning:  Undefined array key "src" in /home/alamstor/public_html/wp-content/plugins/elementor/core/page-assets/loader.php on line 95
[04-Jun-2026 03:08:49 UTC] PHP Warning:  Undefined array key "dependencies" in /home/alamstor/public_html/wp-content/plugins/elementor/core/page-assets/loader.php on line 95
[04-Jun-2026 03:08:49 UTC] PHP Warning:  Undefined array key "version" in /home/alamstor/public_html/wp-content/plugins/elementor/core/page-assets/loader.php on line 95
[04-Jun-2026 03:08:50 UTC] PHP Warning:  Undefined array key "src" in /home/alamstor/public_html/wp-content/plugins/elementor/core/page-assets/loader.php on line 95
[04-Jun-2026 03:08:50 UTC] PHP Warning:  Undefined array key "dependencies" in /home/alamstor/public_html/wp-content/plugins/elementor/core/page-assets/loader.php on line 95
[04-Jun-2026 03:08:50 UTC] PHP Warning:  Undefined array key "version" in /home/alamstor/public_html/wp-content/plugins/elementor/core/page-assets/loader.php on line 95
[04-Jun-2026 03:08:50 UTC] PHP Warning:  Undefined array key "src" in /home/alamstor/public_html/wp-content/plugins/elementor/core/page-assets/loader.php on line 95
[04-Jun-2026 03:08:50 UTC] PHP Warning:  Undefined array key "dependencies" in /home/alamstor/public_html/wp-content/plugins/elementor/core/page-assets/loader.php on line 95
[04-Jun-2026 03:08:50 UTC] PHP Warning:  Undefined array key "version" in /home/alamstor/public_html/wp-content/plugins/elementor/core/page-assets/loader.php on line 95
[04-Jun-2026 03:08:52 UTC] PHP Warning:  Undefined array key "src" in /home/alamstor/public_html/wp-content/plugins/elementor/core/page-assets/loader.php on line 95
[04-Jun-2026 03:08:52 UTC] PHP Warning:  Undefined array key "dependencies" in /home/alamstor/public_html/wp-content/plugins/elementor/core/page-assets/loader.php on line 95
[04-Jun-2026 03:08:52 UTC] PHP Warning:  Undefined array key "version" in /home/alamstor/public_html/wp-content/plugins/elementor/core/page-assets/loader.php on line 95
[04-Jun-2026 03:08:52 UTC] PHP Warning:  Undefined array key "src" in /home/alamstor/public_html/wp-content/plugins/elementor/core/page-assets/loader.php on line 95
[04-Jun-2026 03:08:52 UTC] PHP Warning:  Undefined array key "dependencies" in /home/alamstor/public_html/wp-content/plugins/elementor/core/page-assets/loader.php on line 95
[04-Jun-2026 03:08:52 UTC] PHP Warning:  Undefined array key "version" in /home/alamstor/public_html/wp-content/plugins/elementor/core/page-assets/loader.php on line 95
[04-Jun-2026 03:08:53 UTC] PHP Warning:  Undefined array key "src" in /home/alamstor/public_html/wp-content/plugins/elementor/core/page-assets/loader.php on line 95
[04-Jun-2026 03:08:53 UTC] PHP Warning:  Undefined array key "dependencies" in /home/alamstor/public_html/wp-content/plugins/elementor/core/page-assets/loader.php on line 95
[04-Jun-2026 03:08:53 UTC] PHP Warning:  Undefined array key "version" in /home/alamstor/public_html/wp-content/plugins/elementor/core/page-assets/loader.php on line 95
[04-Jun-2026 03:08:53 UTC] PHP Warning:  Undefined array key "src" in /home/alamstor/public_html/wp-content/plugins/elementor/core/page-assets/loader.php on line 95
[04-Jun-2026 03:08:53 UTC] PHP Warning:  Undefined array key "dependencies" in /home/alamstor/public_html/wp-content/plugins/elementor/core/page-assets/loader.php on line 95
[04-Jun-2026 03:08:53 UTC] PHP Warning:  Undefined array key "version" in /home/alamstor/public_html/wp-content/plugins/elementor/core/page-assets/loader.php on line 95
[04-Jun-2026 03:08:53 UTC] PHP Warning:  Undefined array key "src" in /home/alamstor/public_html/wp-content/plugins/elementor/core/page-assets/loader.php on line 95
[04-Jun-2026 03:08:53 UTC] PHP Warning:  Undefined array key "dependencies" in /home/alamstor/public_html/wp-content/plugins/elementor/core/page-assets/loader.php on line 95
[04-Jun-2026 03:08:53 UTC] PHP Warning:  Undefined array key "version" in /home/alamstor/public_html/wp-content/plugins/elementor/core/page-assets/loader.php on line 95
[04-Jun-2026 03:08:53 UTC] PHP Warning:  Undefined array key "src" in /home/alamstor/public_html/wp-content/plugins/elementor/core/page-assets/loader.php on line 95
[04-Jun-2026 03:08:53 UTC] PHP Warning:  Undefined array key "dependencies" in /home/alamstor/public_html/wp-content/plugins/elementor/core/page-assets/loader.php on line 95
[04-Jun-2026 03:08:53 UTC] PHP Warning:  Undefined array key "version" in /home/alamstor/public_html/wp-content/plugins/elementor/core/page-assets/loader.php on line 95
[04-Jun-2026 03:08:54 UTC] PHP Warning:  Undefined array key "src" in /home/alamstor/public_html/wp-content/plugins/elementor/core/page-assets/loader.php on line 95
[04-Jun-2026 03:08:54 UTC] PHP Warning:  Undefined array key "dependencies" in /home/alamstor/public_html/wp-content/plugins/elementor/core/page-assets/loader.php on line 95
[04-Jun-2026 03:08:54 UTC] PHP Warning:  Undefined array key "version" in /home/alamstor/public_html/wp-content/plugins/elementor/core/page-assets/loader.php on line 95
[04-Jun-2026 03:08:54 UTC] PHP Warning:  Undefined array key "src" in /home/alamstor/public_html/wp-content/plugins/elementor/core/page-assets/loader.php on line 95
[04-Jun-2026 03:08:54 UTC] PHP Warning:  Undefined array key "dependencies" in /home/alamstor/public_html/wp-content/plugins/elementor/core/page-assets/loader.php on line 95
[04-Jun-2026 03:08:54 UTC] PHP Warning:  Undefined array key "version" in /home/alamstor/public_html/wp-content/plugins/elementor/core/page-assets/loader.php on line 95
[04-Jun-2026 03:08:55 UTC] PHP Warning:  Undefined array key "src" in /home/alamstor/public_html/wp-content/plugins/elementor/core/page-assets/loader.php on line 95
[04-Jun-2026 03:08:55 UTC] PHP Warning:  Undefined array key "dependencies" in /home/alamstor/public_html/wp-content/plugins/elementor/core/page-assets/loader.php on line 95
[04-Jun-2026 03:08:55 UTC] PHP Warning:  Undefined array key "version" in /home/alamstor/public_html/wp-content/plugins/elementor/core/page-assets/loader.php on line 95
[04-Jun-2026 03:08:55 UTC] PHP Warning:  Undefined array key "src" in /home/alamstor/public_html/wp-content/plugins/elementor/core/page-assets/loader.php on line 95
[04-Jun-2026 03:08:55 UTC] PHP Warning:  Undefined array key "dependencies" in /home/alamstor/public_html/wp-content/plugins/elementor/core/page-assets/loader.php on line 95
[04-Jun-2026 03:08:55 UTC] PHP Warning:  Undefined array key "version" in /home/alamstor/public_html/wp-content/plugins/elementor/core/page-assets/loader.php on line 95
[04-Jun-2026 03:08:56 UTC] PHP Warning:  Undefined array key "src" in /home/alamstor/public_html/wp-content/plugins/elementor/core/page-assets/loader.php on line 95
[04-Jun-2026 03:08:56 UTC] PHP Warning:  Undefined array key "dependencies" in /home/alamstor/public_html/wp-content/plugins/elementor/core/page-assets/loader.php on line 95
[04-Jun-2026 03:08:56 UTC] PHP Warning:  Undefined array key "version" in /home/alamstor/public_html/wp-content/plugins/elementor/core/page-assets/loader.php on line 95
[04-Jun-2026 03:08:56 UTC] PHP Warning:  Undefined array key "src" in /home/alamstor/public_html/wp-content/plugins/elementor/core/page-assets/loader.php on line 95
[04-Jun-2026 03:08:56 UTC] PHP Warning:  Undefined array key "dependencies" in /home/alamstor/public_html/wp-content/plugins/elementor/core/page-assets/loader.php on line 95
[04-Jun-2026 03:08:56 UTC] PHP Warning:  Undefined array key "version" in /home/alamstor/public_html/wp-content/plugins/elementor/core/page-assets/loader.php on line 95
[04-Jun-2026 03:08:57 UTC] PHP Warning:  Undefined array key "src" in /home/alamstor/public_html/wp-content/plugins/elementor/core/page-assets/loader.php on line 95
[04-Jun-2026 03:08:57 UTC] PHP Warning:  Undefined array key "dependencies" in /home/alamstor/public_html/wp-content/plugins/elementor/core/page-assets/loader.php on line 95
[04-Jun-2026 03:08:57 UTC] PHP Warning:  Undefined array key "version" in /home/alamstor/public_html/wp-content/plugins/elementor/core/page-assets/loader.php on line 95
[04-Jun-2026 03:08:57 UTC] PHP Warning:  Undefined array key "src" in /home/alamstor/public_html/wp-content/plugins/elementor/core/page-assets/loader.php on line 95
[04-Jun-2026 03:08:57 UTC] PHP Warning:  Undefined array key "dependencies" in /home/alamstor/public_html/wp-content/plugins/elementor/core/page-assets/loader.php on line 95
[04-Jun-2026 03:08:57 UTC] PHP Warning:  Undefined array key "version" in /home/alamstor/public_html/wp-content/plugins/elementor/core/page-assets/loader.php on line 95
[04-Jun-2026 03:10:06 UTC] PHP Warning:  Undefined array key "src" in /home/alamstor/public_html/wp-content/plugins/elementor/core/page-assets/loader.php on line 95
[04-Jun-2026 03:10:06 UTC] PHP Warning:  Undefined array key "dependencies" in /home/alamstor/public_html/wp-content/plugins/elementor/core/page-assets/loader.php on line 95
[04-Jun-2026 03:10:06 UTC] PHP Warning:  Undefined array key "version" in /home/alamstor/public_html/wp-content/plugins/elementor/core/page-assets/loader.php on line 95
[04-Jun-2026 03:10:06 UTC] PHP Warning:  Undefined array key "src" in /home/alamstor/public_html/wp-content/plugins/elementor/core/page-assets/loader.php on line 95
[04-Jun-2026 03:10:06 UTC] PHP Warning:  Undefined array key "dependencies" in /home/alamstor/public_html/wp-content/plugins/elementor/core/page-assets/loader.php on line 95
[04-Jun-2026 03:10:06 UTC] PHP Warning:  Undefined array key "version" in /home/alamstor/public_html/wp-content/plugins/elementor/core/page-assets/loader.php on line 95
[04-Jun-2026 03:10:10 UTC] PHP Warning:  Undefined array key "src" in /home/alamstor/public_html/wp-content/plugins/elementor/core/page-assets/loader.php on line 95
[04-Jun-2026 03:10:10 UTC] PHP Warning:  Undefined array key "dependencies" in /home/alamstor/public_html/wp-content/plugins/elementor/core/page-assets/loader.php on line 95
[04-Jun-2026 03:10:10 UTC] PHP Warning:  Undefined array key "version" in /home/alamstor/public_html/wp-content/plugins/elementor/core/page-assets/loader.php on line 95
[04-Jun-2026 03:10:10 UTC] PHP Warning:  Undefined array key "src" in /home/alamstor/public_html/wp-content/plugins/elementor/core/page-assets/loader.php on line 95
[04-Jun-2026 03:10:10 UTC] PHP Warning:  Undefined array key "dependencies" in /home/alamstor/public_html/wp-content/plugins/elementor/core/page-assets/loader.php on line 95
[04-Jun-2026 03:10:10 UTC] PHP Warning:  Undefined array key "version" in /home/alamstor/public_html/wp-content/plugins/elementor/core/page-assets/loader.php on line 95
[04-Jun-2026 03:19:02 UTC] PHP Warning:  Undefined array key "src" in /home/alamstor/public_html/wp-content/plugins/elementor/core/page-assets/loader.php on line 95
[04-Jun-2026 03:19:02 UTC] PHP Warning:  Undefined array key "dependencies" in /home/alamstor/public_html/wp-content/plugins/elementor/core/page-assets/loader.php on line 95
[04-Jun-2026 03:19:02 UTC] PHP Warning:  Undefined array key "version" in /home/alamstor/public_html/wp-content/plugins/elementor/core/page-assets/loader.php on line 95
[04-Jun-2026 03:19:02 UTC] PHP Warning:  Undefined array key "src" in /home/alamstor/public_html/wp-content/plugins/elementor/core/page-assets/loader.php on line 95
[04-Jun-2026 03:19:02 UTC] PHP Warning:  Undefined array key "dependencies" in /home/alamstor/public_html/wp-content/plugins/elementor/core/page-assets/loader.php on line 95
[04-Jun-2026 03:19:02 UTC] PHP Warning:  Undefined array key "version" in /home/alamstor/public_html/wp-content/plugins/elementor/core/page-assets/loader.php on line 95
[04-Jun-2026 03:30:42 UTC] PHP Warning:  Undefined array key "src" in /home/alamstor/public_html/wp-content/plugins/elementor/core/page-assets/loader.php on line 95
[04-Jun-2026 03:30:42 UTC] PHP Warning:  Undefined array key "dependencies" in /home/alamstor/public_html/wp-content/plugins/elementor/core/page-assets/loader.php on line 95
[04-Jun-2026 03:30:42 UTC] PHP Warning:  Undefined array key "version" in /home/alamstor/public_html/wp-content/plugins/elementor/core/page-assets/loader.php on line 95
[04-Jun-2026 03:30:42 UTC] PHP Warning:  Undefined array key "src" in /home/alamstor/public_html/wp-content/plugins/elementor/core/page-assets/loader.php on line 95
[04-Jun-2026 03:30:42 UTC] PHP Warning:  Undefined array key "dependencies" in /home/alamstor/public_html/wp-content/plugins/elementor/core/page-assets/loader.php on line 95
[04-Jun-2026 03:30:42 UTC] PHP Warning:  Undefined array key "version" in /home/alamstor/public_html/wp-content/plugins/elementor/core/page-assets/loader.php on line 95
[04-Jun-2026 03:42:24 UTC] PHP Warning:  Undefined array key "src" in /home/alamstor/public_html/wp-content/plugins/elementor/core/page-assets/loader.php on line 95
[04-Jun-2026 03:42:24 UTC] PHP Warning:  Undefined array key "dependencies" in /home/alamstor/public_html/wp-content/plugins/elementor/core/page-assets/loader.php on line 95
[04-Jun-2026 03:42:24 UTC] PHP Warning:  Undefined array key "version" in /home/alamstor/public_html/wp-content/plugins/elementor/core/page-assets/loader.php on line 95
[04-Jun-2026 03:42:24 UTC] PHP Warning:  Undefined array key "src" in /home/alamstor/public_html/wp-content/plugins/elementor/core/page-assets/loader.php on line 95
[04-Jun-2026 03:42:24 UTC] PHP Warning:  Undefined array key "dependencies" in /home/alamstor/public_html/wp-content/plugins/elementor/core/page-assets/loader.php on line 95
[04-Jun-2026 03:42:24 UTC] PHP Warning:  Undefined array key "version" in /home/alamstor/public_html/wp-content/plugins/elementor/core/page-assets/loader.php on line 95
[04-Jun-2026 03:42:30 UTC] PHP Warning:  Undefined array key "src" in /home/alamstor/public_html/wp-content/plugins/elementor/core/page-assets/loader.php on line 95
[04-Jun-2026 03:42:30 UTC] PHP Warning:  Undefined array key "dependencies" in /home/alamstor/public_html/wp-content/plugins/elementor/core/page-assets/loader.php on line 95
[04-Jun-2026 03:42:30 UTC] PHP Warning:  Undefined array key "version" in /home/alamstor/public_html/wp-content/plugins/elementor/core/page-assets/loader.php on line 95
[04-Jun-2026 03:42:30 UTC] PHP Warning:  Undefined array key "src" in /home/alamstor/public_html/wp-content/plugins/elementor/core/page-assets/loader.php on line 95
[04-Jun-2026 03:42:30 UTC] PHP Warning:  Undefined array key "dependencies" in /home/alamstor/public_html/wp-content/plugins/elementor/core/page-assets/loader.php on line 95
[04-Jun-2026 03:42:30 UTC] PHP Warning:  Undefined array key "version" in /home/alamstor/public_html/wp-content/plugins/elementor/core/page-assets/loader.php on line 95
[04-Jun-2026 03:42:35 UTC] PHP Warning:  Undefined array key "src" in /home/alamstor/public_html/wp-content/plugins/elementor/core/page-assets/loader.php on line 95
[04-Jun-2026 03:42:35 UTC] PHP Warning:  Undefined array key "dependencies" in /home/alamstor/public_html/wp-content/plugins/elementor/core/page-assets/loader.php on line 95
[04-Jun-2026 03:42:35 UTC] PHP Warning:  Undefined array key "version" in /home/alamstor/public_html/wp-content/plugins/elementor/core/page-assets/loader.php on line 95
[04-Jun-2026 03:42:35 UTC] PHP Warning:  Undefined array key "src" in /home/alamstor/public_html/wp-content/plugins/elementor/core/page-assets/loader.php on line 95
[04-Jun-2026 03:42:35 UTC] PHP Warning:  Undefined array key "dependencies" in /home/alamstor/public_html/wp-content/plugins/elementor/core/page-assets/loader.php on line 95
[04-Jun-2026 03:42:35 UTC] PHP Warning:  Undefined array key "version" in /home/alamstor/public_html/wp-content/plugins/elementor/core/page-assets/loader.php on line 95
[04-Jun-2026 03:56:05 UTC] PHP Warning:  Undefined array key "src" in /home/alamstor/public_html/wp-content/plugins/elementor/core/page-assets/loader.php on line 95
[04-Jun-2026 03:56:05 UTC] PHP Warning:  Undefined array key "dependencies" in /home/alamstor/public_html/wp-content/plugins/elementor/core/page-assets/loader.php on line 95
[04-Jun-2026 03:56:05 UTC] PHP Warning:  Undefined array key "version" in /home/alamstor/public_html/wp-content/plugins/elementor/core/page-assets/loader.php on line 95
[04-Jun-2026 03:56:05 UTC] PHP Warning:  Undefined array key "src" in /home/alamstor/public_html/wp-content/plugins/elementor/core/page-assets/loader.php on line 95
[04-Jun-2026 03:56:05 UTC] PHP Warning:  Undefined array key "dependencies" in /home/alamstor/public_html/wp-content/plugins/elementor/core/page-assets/loader.php on line 95
[04-Jun-2026 03:56:05 UTC] PHP Warning:  Undefined array key "version" in /home/alamstor/public_html/wp-content/plugins/elementor/core/page-assets/loader.php on line 95
[04-Jun-2026 04:03:42 UTC] PHP Warning:  Undefined array key "src" in /home/alamstor/public_html/wp-content/plugins/elementor/core/page-assets/loader.php on line 95
[04-Jun-2026 04:03:42 UTC] PHP Warning:  Undefined array key "dependencies" in /home/alamstor/public_html/wp-content/plugins/elementor/core/page-assets/loader.php on line 95
[04-Jun-2026 04:03:42 UTC] PHP Warning:  Undefined array key "version" in /home/alamstor/public_html/wp-content/plugins/elementor/core/page-assets/loader.php on line 95
[04-Jun-2026 04:03:42 UTC] PHP Warning:  Undefined array key "src" in /home/alamstor/public_html/wp-content/plugins/elementor/core/page-assets/loader.php on line 95
[04-Jun-2026 04:03:42 UTC] PHP Warning:  Undefined array key "dependencies" in /home/alamstor/public_html/wp-content/plugins/elementor/core/page-assets/loader.php on line 95
[04-Jun-2026 04:03:42 UTC] PHP Warning:  Undefined array key "version" in /home/alamstor/public_html/wp-content/plugins/elementor/core/page-assets/loader.php on line 95
[04-Jun-2026 04:03:42 UTC] PHP Warning:  Undefined array key "src" in /home/alamstor/public_html/wp-content/plugins/elementor/core/page-assets/loader.php on line 95
[04-Jun-2026 04:03:42 UTC] PHP Warning:  Undefined array key "dependencies" in /home/alamstor/public_html/wp-content/plugins/elementor/core/page-assets/loader.php on line 95
[04-Jun-2026 04:03:42 UTC] PHP Warning:  Undefined array key "version" in /home/alamstor/public_html/wp-content/plugins/elementor/core/page-assets/loader.php on line 95
[04-Jun-2026 04:03:42 UTC] PHP Warning:  Undefined array key "src" in /home/alamstor/public_html/wp-content/plugins/elementor/core/page-assets/loader.php on line 95
[04-Jun-2026 04:03:42 UTC] PHP Warning:  Undefined array key "dependencies" in /home/alamstor/public_html/wp-content/plugins/elementor/core/page-assets/loader.php on line 95
[04-Jun-2026 04:03:42 UTC] PHP Warning:  Undefined array key "version" in /home/alamstor/public_html/wp-content/plugins/elementor/core/page-assets/loader.php on line 95
[04-Jun-2026 04:03:42 UTC] PHP Warning:  Undefined array key "src" in /home/alamstor/public_html/wp-content/plugins/elementor/core/page-assets/loader.php on line 95
[04-Jun-2026 04:03:42 UTC] PHP Warning:  Undefined array key "dependencies" in /home/alamstor/public_html/wp-content/plugins/elementor/core/page-assets/loader.php on line 95
[04-Jun-2026 04:03:42 UTC] PHP Warning:  Undefined array key "version" in /home/alamstor/public_html/wp-content/plugins/elementor/core/page-assets/loader.php on line 95
[04-Jun-2026 04:03:42 UTC] PHP Warning:  Undefined array key "src" in /home/alamstor/public_html/wp-content/plugins/elementor/core/page-assets/loader.php on line 95
[04-Jun-2026 04:03:42 UTC] PHP Warning:  Undefined array key "dependencies" in /home/alamstor/public_html/wp-content/plugins/elementor/core/page-assets/loader.php on line 95
[04-Jun-2026 04:03:42 UTC] PHP Warning:  Undefined array key "version" in /home/alamstor/public_html/wp-content/plugins/elementor/core/page-assets/loader.php on line 95
[04-Jun-2026 04:03:43 UTC] PHP Warning:  Undefined array key "src" in /home/alamstor/public_html/wp-content/plugins/elementor/core/page-assets/loader.php on line 95
[04-Jun-2026 04:03:43 UTC] PHP Warning:  Undefined array key "dependencies" in /home/alamstor/public_html/wp-content/plugins/elementor/core/page-assets/loader.php on line 95
[04-Jun-2026 04:03:43 UTC] PHP Warning:  Undefined array key "version" in /home/alamstor/public_html/wp-content/plugins/elementor/core/page-assets/loader.php on line 95
[04-Jun-2026 04:03:43 UTC] PHP Warning:  Undefined array key "src" in /home/alamstor/public_html/wp-content/plugins/elementor/core/page-assets/loader.php on line 95
[04-Jun-2026 04:03:43 UTC] PHP Warning:  Undefined array key "dependencies" in /home/alamstor/public_html/wp-content/plugins/elementor/core/page-assets/loader.php on line 95
[04-Jun-2026 04:03:43 UTC] PHP Warning:  Undefined array key "version" in /home/alamstor/public_html/wp-content/plugins/elementor/core/page-assets/loader.php on line 95
[04-Jun-2026 04:03:43 UTC] PHP Warning:  Undefined array key "src" in /home/alamstor/public_html/wp-content/plugins/elementor/core/page-assets/loader.php on line 95
[04-Jun-2026 04:03:43 UTC] PHP Warning:  Undefined array key "dependencies" in /home/alamstor/public_html/wp-content/plugins/elementor/core/page-assets/loader.php on line 95
[04-Jun-2026 04:03:43 UTC] PHP Warning:  Undefined array key "version" in /home/alamstor/public_html/wp-content/plugins/elementor/core/page-assets/loader.php on line 95
[04-Jun-2026 04:03:43 UTC] PHP Warning:  Undefined array key "src" in /home/alamstor/public_html/wp-content/plugins/elementor/core/page-assets/loader.php on line 95
[04-Jun-2026 04:03:43 UTC] PHP Warning:  Undefined array key "dependencies" in /home/alamstor/public_html/wp-content/plugins/elementor/core/page-assets/loader.php on line 95
[04-Jun-2026 04:03:43 UTC] PHP Warning:  Undefined array key "version" in /home/alamstor/public_html/wp-content/plugins/elementor/core/page-assets/loader.php on line 95
[04-Jun-2026 04:03:44 UTC] PHP Warning:  Undefined array key "src" in /home/alamstor/public_html/wp-content/plugins/elementor/core/page-assets/loader.php on line 95
[04-Jun-2026 04:03:44 UTC] PHP Warning:  Undefined array key "dependencies" in /home/alamstor/public_html/wp-content/plugins/elementor/core/page-assets/loader.php on line 95
[04-Jun-2026 04:03:44 UTC] PHP Warning:  Undefined array key "version" in /home/alamstor/public_html/wp-content/plugins/elementor/core/page-assets/loader.php on line 95
[04-Jun-2026 04:03:44 UTC] PHP Warning:  Undefined array key "src" in /home/alamstor/public_html/wp-content/plugins/elementor/core/page-assets/loader.php on line 95
[04-Jun-2026 04:03:44 UTC] PHP Warning:  Undefined array key "dependencies" in /home/alamstor/public_html/wp-content/plugins/elementor/core/page-assets/loader.php on line 95
[04-Jun-2026 04:03:44 UTC] PHP Warning:  Undefined array key "version" in /home/alamstor/public_html/wp-content/plugins/elementor/core/page-assets/loader.php on line 95
[04-Jun-2026 04:03:44 UTC] PHP Warning:  Undefined array key "src" in /home/alamstor/public_html/wp-content/plugins/elementor/core/page-assets/loader.php on line 95
[04-Jun-2026 04:03:44 UTC] PHP Warning:  Undefined array key "dependencies" in /home/alamstor/public_html/wp-content/plugins/elementor/core/page-assets/loader.php on line 95
[04-Jun-2026 04:03:44 UTC] PHP Warning:  Undefined array key "version" in /home/alamstor/public_html/wp-content/plugins/elementor/core/page-assets/loader.php on line 95
[04-Jun-2026 04:03:44 UTC] PHP Warning:  Undefined array key "src" in /home/alamstor/public_html/wp-content/plugins/elementor/core/page-assets/loader.php on line 95
[04-Jun-2026 04:03:44 UTC] PHP Warning:  Undefined array key "dependencies" in /home/alamstor/public_html/wp-content/plugins/elementor/core/page-assets/loader.php on line 95
[04-Jun-2026 04:03:44 UTC] PHP Warning:  Undefined array key "version" in /home/alamstor/public_html/wp-content/plugins/elementor/core/page-assets/loader.php on line 95
[04-Jun-2026 04:03:44 UTC] PHP Warning:  Undefined array key "src" in /home/alamstor/public_html/wp-content/plugins/elementor/core/page-assets/loader.php on line 95
[04-Jun-2026 04:03:44 UTC] PHP Warning:  Undefined array key "dependencies" in /home/alamstor/public_html/wp-content/plugins/elementor/core/page-assets/loader.php on line 95
[04-Jun-2026 04:03:44 UTC] PHP Warning:  Undefined array key "version" in /home/alamstor/public_html/wp-content/plugins/elementor/core/page-assets/loader.php on line 95
[04-Jun-2026 04:03:44 UTC] PHP Warning:  Undefined array key "src" in /home/alamstor/public_html/wp-content/plugins/elementor/core/page-assets/loader.php on line 95
[04-Jun-2026 04:03:44 UTC] PHP Warning:  Undefined array key "dependencies" in /home/alamstor/public_html/wp-content/plugins/elementor/core/page-assets/loader.php on line 95
[04-Jun-2026 04:03:44 UTC] PHP Warning:  Undefined array key "version" in /home/alamstor/public_html/wp-content/plugins/elementor/core/page-assets/loader.php on line 95
[04-Jun-2026 04:03:45 UTC] PHP Warning:  Undefined array key "src" in /home/alamstor/public_html/wp-content/plugins/elementor/core/page-assets/loader.php on line 95
[04-Jun-2026 04:03:45 UTC] PHP Warning:  Undefined array key "dependencies" in /home/alamstor/public_html/wp-content/plugins/elementor/core/page-assets/loader.php on line 95
[04-Jun-2026 04:03:45 UTC] PHP Warning:  Undefined array key "version" in /home/alamstor/public_html/wp-content/plugins/elementor/core/page-assets/loader.php on line 95
[04-Jun-2026 04:03:45 UTC] PHP Warning:  Undefined array key "src" in /home/alamstor/public_html/wp-content/plugins/elementor/core/page-assets/loader.php on line 95
[04-Jun-2026 04:03:45 UTC] PHP Warning:  Undefined array key "dependencies" in /home/alamstor/public_html/wp-content/plugins/elementor/core/page-assets/loader.php on line 95
[04-Jun-2026 04:03:45 UTC] PHP Warning:  Undefined array key "version" in /home/alamstor/public_html/wp-content/plugins/elementor/core/page-assets/loader.php on line 95
[04-Jun-2026 04:03:45 UTC] PHP Warning:  Undefined array key "src" in /home/alamstor/public_html/wp-content/plugins/elementor/core/page-assets/loader.php on line 95
[04-Jun-2026 04:03:45 UTC] PHP Warning:  Undefined array key "dependencies" in /home/alamstor/public_html/wp-content/plugins/elementor/core/page-assets/loader.php on line 95
[04-Jun-2026 04:03:45 UTC] PHP Warning:  Undefined array key "version" in /home/alamstor/public_html/wp-content/plugins/elementor/core/page-assets/loader.php on line 95
[04-Jun-2026 04:03:45 UTC] PHP Warning:  Undefined array key "src" in /home/alamstor/public_html/wp-content/plugins/elementor/core/page-assets/loader.php on line 95
[04-Jun-2026 04:03:45 UTC] PHP Warning:  Undefined array key "dependencies" in /home/alamstor/public_html/wp-content/plugins/elementor/core/page-assets/loader.php on line 95
[04-Jun-2026 04:03:45 UTC] PHP Warning:  Undefined array key "version" in /home/alamstor/public_html/wp-content/plugins/elementor/core/page-assets/loader.php on line 95
[04-Jun-2026 04:03:45 UTC] PHP Warning:  Undefined array key "src" in /home/alamstor/public_html/wp-content/plugins/elementor/core/page-assets/loader.php on line 95
[04-Jun-2026 04:03:45 UTC] PHP Warning:  Undefined array key "dependencies" in /home/alamstor/public_html/wp-content/plugins/elementor/core/page-assets/loader.php on line 95
[04-Jun-2026 04:03:45 UTC] PHP Warning:  Undefined array key "version" in /home/alamstor/public_html/wp-content/plugins/elementor/core/page-assets/loader.php on line 95
[04-Jun-2026 04:03:45 UTC] PHP Warning:  Undefined array key "src" in /home/alamstor/public_html/wp-content/plugins/elementor/core/page-assets/loader.php on line 95
[04-Jun-2026 04:03:45 UTC] PHP Warning:  Undefined array key "dependencies" in /home/alamstor/public_html/wp-content/plugins/elementor/core/page-assets/loader.php on line 95
[04-Jun-2026 04:03:45 UTC] PHP Warning:  Undefined array key "version" in /home/alamstor/public_html/wp-content/plugins/elementor/core/page-assets/loader.php on line 95
[04-Jun-2026 04:03:46 UTC] PHP Warning:  Undefined array key "src" in /home/alamstor/public_html/wp-content/plugins/elementor/core/page-assets/loader.php on line 95
[04-Jun-2026 04:03:46 UTC] PHP Warning:  Undefined array key "dependencies" in /home/alamstor/public_html/wp-content/plugins/elementor/core/page-assets/loader.php on line 95
[04-Jun-2026 04:03:46 UTC] PHP Warning:  Undefined array key "version" in /home/alamstor/public_html/wp-content/plugins/elementor/core/page-assets/loader.php on line 95
[04-Jun-2026 04:03:46 UTC] PHP Warning:  Undefined array key "src" in /home/alamstor/public_html/wp-content/plugins/elementor/core/page-assets/loader.php on line 95
[04-Jun-2026 04:03:46 UTC] PHP Warning:  Undefined array key "dependencies" in /home/alamstor/public_html/wp-content/plugins/elementor/core/page-assets/loader.php on line 95
[04-Jun-2026 04:03:46 UTC] PHP Warning:  Undefined array key "version" in /home/alamstor/public_html/wp-content/plugins/elementor/core/page-assets/loader.php on line 95
[04-Jun-2026 04:03:46 UTC] PHP Warning:  Undefined array key "src" in /home/alamstor/public_html/wp-content/plugins/elementor/core/page-assets/loader.php on line 95
[04-Jun-2026 04:03:46 UTC] PHP Warning:  Undefined array key "dependencies" in /home/alamstor/public_html/wp-content/plugins/elementor/core/page-assets/loader.php on line 95
[04-Jun-2026 04:03:46 UTC] PHP Warning:  Undefined array key "version" in /home/alamstor/public_html/wp-content/plugins/elementor/core/page-assets/loader.php on line 95
[04-Jun-2026 04:03:46 UTC] PHP Warning:  Undefined array key "src" in /home/alamstor/public_html/wp-content/plugins/elementor/core/page-assets/loader.php on line 95
[04-Jun-2026 04:03:46 UTC] PHP Warning:  Undefined array key "dependencies" in /home/alamstor/public_html/wp-content/plugins/elementor/core/page-assets/loader.php on line 95
[04-Jun-2026 04:03:46 UTC] PHP Warning:  Undefined array key "version" in /home/alamstor/public_html/wp-content/plugins/elementor/core/page-assets/loader.php on line 95
[04-Jun-2026 04:03:46 UTC] PHP Warning:  Undefined array key "src" in /home/alamstor/public_html/wp-content/plugins/elementor/core/page-assets/loader.php on line 95
[04-Jun-2026 04:03:46 UTC] PHP Warning:  Undefined array key "dependencies" in /home/alamstor/public_html/wp-content/plugins/elementor/core/page-assets/loader.php on line 95
[04-Jun-2026 04:03:46 UTC] PHP Warning:  Undefined array key "version" in /home/alamstor/public_html/wp-content/plugins/elementor/core/page-assets/loader.php on line 95
[04-Jun-2026 04:03:46 UTC] PHP Warning:  Undefined array key "src" in /home/alamstor/public_html/wp-content/plugins/elementor/core/page-assets/loader.php on line 95
[04-Jun-2026 04:03:46 UTC] PHP Warning:  Undefined array key "dependencies" in /home/alamstor/public_html/wp-content/plugins/elementor/core/page-assets/loader.php on line 95
[04-Jun-2026 04:03:46 UTC] PHP Warning:  Undefined array key "version" in /home/alamstor/public_html/wp-content/plugins/elementor/core/page-assets/loader.php on line 95
[04-Jun-2026 04:03:47 UTC] PHP Warning:  Undefined array key "src" in /home/alamstor/public_html/wp-content/plugins/elementor/core/page-assets/loader.php on line 95
[04-Jun-2026 04:03:47 UTC] PHP Warning:  Undefined array key "dependencies" in /home/alamstor/public_html/wp-content/plugins/elementor/core/page-assets/loader.php on line 95
[04-Jun-2026 04:03:47 UTC] PHP Warning:  Undefined array key "version" in /home/alamstor/public_html/wp-content/plugins/elementor/core/page-assets/loader.php on line 95
[04-Jun-2026 04:03:47 UTC] PHP Warning:  Undefined array key "src" in /home/alamstor/public_html/wp-content/plugins/elementor/core/page-assets/loader.php on line 95
[04-Jun-2026 04:03:47 UTC] PHP Warning:  Undefined array key "dependencies" in /home/alamstor/public_html/wp-content/plugins/elementor/core/page-assets/loader.php on line 95
[04-Jun-2026 04:03:47 UTC] PHP Warning:  Undefined array key "version" in /home/alamstor/public_html/wp-content/plugins/elementor/core/page-assets/loader.php on line 95
[04-Jun-2026 04:03:47 UTC] PHP Warning:  Undefined array key "src" in /home/alamstor/public_html/wp-content/plugins/elementor/core/page-assets/loader.php on line 95
[04-Jun-2026 04:03:47 UTC] PHP Warning:  Undefined array key "dependencies" in /home/alamstor/public_html/wp-content/plugins/elementor/core/page-assets/loader.php on line 95
[04-Jun-2026 04:03:47 UTC] PHP Warning:  Undefined array key "version" in /home/alamstor/public_html/wp-content/plugins/elementor/core/page-assets/loader.php on line 95
[04-Jun-2026 04:03:47 UTC] PHP Warning:  Undefined array key "src" in /home/alamstor/public_html/wp-content/plugins/elementor/core/page-assets/loader.php on line 95
[04-Jun-2026 04:03:47 UTC] PHP Warning:  Undefined array key "dependencies" in /home/alamstor/public_html/wp-content/plugins/elementor/core/page-assets/loader.php on line 95
[04-Jun-2026 04:03:47 UTC] PHP Warning:  Undefined array key "version" in /home/alamstor/public_html/wp-content/plugins/elementor/core/page-assets/loader.php on line 95
[04-Jun-2026 04:03:47 UTC] PHP Warning:  Undefined array key "src" in /home/alamstor/public_html/wp-content/plugins/elementor/core/page-assets/loader.php on line 95
[04-Jun-2026 04:03:47 UTC] PHP Warning:  Undefined array key "dependencies" in /home/alamstor/public_html/wp-content/plugins/elementor/core/page-assets/loader.php on line 95
[04-Jun-2026 04:03:47 UTC] PHP Warning:  Undefined array key "version" in /home/alamstor/public_html/wp-content/plugins/elementor/core/page-assets/loader.php on line 95
[04-Jun-2026 04:03:47 UTC] PHP Warning:  Undefined array key "src" in /home/alamstor/public_html/wp-content/plugins/elementor/core/page-assets/loader.php on line 95
[04-Jun-2026 04:03:47 UTC] PHP Warning:  Undefined array key "dependencies" in /home/alamstor/public_html/wp-content/plugins/elementor/core/page-assets/loader.php on line 95
[04-Jun-2026 04:03:47 UTC] PHP Warning:  Undefined array key "version" in /home/alamstor/public_html/wp-content/plugins/elementor/core/page-assets/loader.php on line 95
[04-Jun-2026 04:03:48 UTC] PHP Warning:  Undefined array key "src" in /home/alamstor/public_html/wp-content/plugins/elementor/core/page-assets/loader.php on line 95
[04-Jun-2026 04:03:48 UTC] PHP Warning:  Undefined array key "dependencies" in /home/alamstor/public_html/wp-content/plugins/elementor/core/page-assets/loader.php on line 95
[04-Jun-2026 04:03:48 UTC] PHP Warning:  Undefined array key "version" in /home/alamstor/public_html/wp-content/plugins/elementor/core/page-assets/loader.php on line 95
[04-Jun-2026 04:03:48 UTC] PHP Warning:  Undefined array key "src" in /home/alamstor/public_html/wp-content/plugins/elementor/core/page-assets/loader.php on line 95
[04-Jun-2026 04:03:48 UTC] PHP Warning:  Undefined array key "dependencies" in /home/alamstor/public_html/wp-content/plugins/elementor/core/page-assets/loader.php on line 95
[04-Jun-2026 04:03:48 UTC] PHP Warning:  Undefined array key "version" in /home/alamstor/public_html/wp-content/plugins/elementor/core/page-assets/loader.php on line 95
[04-Jun-2026 04:03:48 UTC] PHP Warning:  Undefined array key "src" in /home/alamstor/public_html/wp-content/plugins/elementor/core/page-assets/loader.php on line 95
[04-Jun-2026 04:03:48 UTC] PHP Warning:  Undefined array key "dependencies" in /home/alamstor/public_html/wp-content/plugins/elementor/core/page-assets/loader.php on line 95
[04-Jun-2026 04:03:48 UTC] PHP Warning:  Undefined array key "version" in /home/alamstor/public_html/wp-content/plugins/elementor/core/page-assets/loader.php on line 95
[04-Jun-2026 04:03:48 UTC] PHP Warning:  Undefined array key "src" in /home/alamstor/public_html/wp-content/plugins/elementor/core/page-assets/loader.php on line 95
[04-Jun-2026 04:03:48 UTC] PHP Warning:  Undefined array key "dependencies" in /home/alamstor/public_html/wp-content/plugins/elementor/core/page-assets/loader.php on line 95
[04-Jun-2026 04:03:48 UTC] PHP Warning:  Undefined array key "version" in /home/alamstor/public_html/wp-content/plugins/elementor/core/page-assets/loader.php on line 95
[04-Jun-2026 04:03:48 UTC] PHP Warning:  Undefined array key "src" in /home/alamstor/public_html/wp-content/plugins/elementor/core/page-assets/loader.php on line 95
[04-Jun-2026 04:03:48 UTC] PHP Warning:  Undefined array key "dependencies" in /home/alamstor/public_html/wp-content/plugins/elementor/core/page-assets/loader.php on line 95
[04-Jun-2026 04:03:48 UTC] PHP Warning:  Undefined array key "version" in /home/alamstor/public_html/wp-content/plugins/elementor/core/page-assets/loader.php on line 95
[04-Jun-2026 04:03:48 UTC] PHP Warning:  Undefined array key "src" in /home/alamstor/public_html/wp-content/plugins/elementor/core/page-assets/loader.php on line 95
[04-Jun-2026 04:03:48 UTC] PHP Warning:  Undefined array key "dependencies" in /home/alamstor/public_html/wp-content/plugins/elementor/core/page-assets/loader.php on line 95
[04-Jun-2026 04:03:48 UTC] PHP Warning:  Undefined array key "version" in /home/alamstor/public_html/wp-content/plugins/elementor/core/page-assets/loader.php on line 95
[04-Jun-2026 04:03:49 UTC] PHP Warning:  Undefined array key "src" in /home/alamstor/public_html/wp-content/plugins/elementor/core/page-assets/loader.php on line 95
[04-Jun-2026 04:03:49 UTC] PHP Warning:  Undefined array key "dependencies" in /home/alamstor/public_html/wp-content/plugins/elementor/core/page-assets/loader.php on line 95
[04-Jun-2026 04:03:49 UTC] PHP Warning:  Undefined array key "version" in /home/alamstor/public_html/wp-content/plugins/elementor/core/page-assets/loader.php on line 95
[04-Jun-2026 04:03:49 UTC] PHP Warning:  Undefined array key "src" in /home/alamstor/public_html/wp-content/plugins/elementor/core/page-assets/loader.php on line 95
[04-Jun-2026 04:03:49 UTC] PHP Warning:  Undefined array key "dependencies" in /home/alamstor/public_html/wp-content/plugins/elementor/core/page-assets/loader.php on line 95
[04-Jun-2026 04:03:49 UTC] PHP Warning:  Undefined array key "version" in /home/alamstor/public_html/wp-content/plugins/elementor/core/page-assets/loader.php on line 95
[04-Jun-2026 04:03:49 UTC] PHP Warning:  Undefined array key "src" in /home/alamstor/public_html/wp-content/plugins/elementor/core/page-assets/loader.php on line 95
[04-Jun-2026 04:03:49 UTC] PHP Warning:  Undefined array key "dependencies" in /home/alamstor/public_html/wp-content/plugins/elementor/core/page-assets/loader.php on line 95
[04-Jun-2026 04:03:49 UTC] PHP Warning:  Undefined array key "version" in /home/alamstor/public_html/wp-content/plugins/elementor/core/page-assets/loader.php on line 95
[04-Jun-2026 04:03:49 UTC] PHP Warning:  Undefined array key "src" in /home/alamstor/public_html/wp-content/plugins/elementor/core/page-assets/loader.php on line 95
[04-Jun-2026 04:03:49 UTC] PHP Warning:  Undefined array key "dependencies" in /home/alamstor/public_html/wp-content/plugins/elementor/core/page-assets/loader.php on line 95
[04-Jun-2026 04:03:49 UTC] PHP Warning:  Undefined array key "version" in /home/alamstor/public_html/wp-content/plugins/elementor/core/page-assets/loader.php on line 95
[04-Jun-2026 04:03:49 UTC] PHP Warning:  Undefined array key "src" in /home/alamstor/public_html/wp-content/plugins/elementor/core/page-assets/loader.php on line 95
[04-Jun-2026 04:03:49 UTC] PHP Warning:  Undefined array key "dependencies" in /home/alamstor/public_html/wp-content/plugins/elementor/core/page-assets/loader.php on line 95
[04-Jun-2026 04:03:49 UTC] PHP Warning:  Undefined array key "version" in /home/alamstor/public_html/wp-content/plugins/elementor/core/page-assets/loader.php on line 95
[04-Jun-2026 04:03:49 UTC] PHP Warning:  Undefined array key "src" in /home/alamstor/public_html/wp-content/plugins/elementor/core/page-assets/loader.php on line 95
[04-Jun-2026 04:03:49 UTC] PHP Warning:  Undefined array key "dependencies" in /home/alamstor/public_html/wp-content/plugins/elementor/core/page-assets/loader.php on line 95
[04-Jun-2026 04:03:49 UTC] PHP Warning:  Undefined array key "version" in /home/alamstor/public_html/wp-content/plugins/elementor/core/page-assets/loader.php on line 95
[04-Jun-2026 04:03:50 UTC] PHP Warning:  Undefined array key "src" in /home/alamstor/public_html/wp-content/plugins/elementor/core/page-assets/loader.php on line 95
[04-Jun-2026 04:03:50 UTC] PHP Warning:  Undefined array key "dependencies" in /home/alamstor/public_html/wp-content/plugins/elementor/core/page-assets/loader.php on line 95
[04-Jun-2026 04:03:50 UTC] PHP Warning:  Undefined array key "version" in /home/alamstor/public_html/wp-content/plugins/elementor/core/page-assets/loader.php on line 95
[04-Jun-2026 04:03:50 UTC] PHP Warning:  Undefined array key "src" in /home/alamstor/public_html/wp-content/plugins/elementor/core/page-assets/loader.php on line 95
[04-Jun-2026 04:03:50 UTC] PHP Warning:  Undefined array key "dependencies" in /home/alamstor/public_html/wp-content/plugins/elementor/core/page-assets/loader.php on line 95
[04-Jun-2026 04:03:50 UTC] PHP Warning:  Undefined array key "version" in /home/alamstor/public_html/wp-content/plugins/elementor/core/page-assets/loader.php on line 95
[04-Jun-2026 04:03:50 UTC] PHP Warning:  Undefined array key "src" in /home/alamstor/public_html/wp-content/plugins/elementor/core/page-assets/loader.php on line 95
[04-Jun-2026 04:03:50 UTC] PHP Warning:  Undefined array key "dependencies" in /home/alamstor/public_html/wp-content/plugins/elementor/core/page-assets/loader.php on line 95
[04-Jun-2026 04:03:50 UTC] PHP Warning:  Undefined array key "version" in /home/alamstor/public_html/wp-content/plugins/elementor/core/page-assets/loader.php on line 95
[04-Jun-2026 04:03:50 UTC] PHP Warning:  Undefined array key "src" in /home/alamstor/public_html/wp-content/plugins/elementor/core/page-assets/loader.php on line 95
[04-Jun-2026 04:03:50 UTC] PHP Warning:  Undefined array key "dependencies" in /home/alamstor/public_html/wp-content/plugins/elementor/core/page-assets/loader.php on line 95
[04-Jun-2026 04:03:50 UTC] PHP Warning:  Undefined array key "version" in /home/alamstor/public_html/wp-content/plugins/elementor/core/page-assets/loader.php on line 95
[04-Jun-2026 04:03:50 UTC] PHP Warning:  Undefined array key "src" in /home/alamstor/public_html/wp-content/plugins/elementor/core/page-assets/loader.php on line 95
[04-Jun-2026 04:03:50 UTC] PHP Warning:  Undefined array key "dependencies" in /home/alamstor/public_html/wp-content/plugins/elementor/core/page-assets/loader.php on line 95
[04-Jun-2026 04:03:50 UTC] PHP Warning:  Undefined array key "version" in /home/alamstor/public_html/wp-content/plugins/elementor/core/page-assets/loader.php on line 95
[04-Jun-2026 04:03:50 UTC] PHP Warning:  Undefined array key "src" in /home/alamstor/public_html/wp-content/plugins/elementor/core/page-assets/loader.php on line 95
[04-Jun-2026 04:03:50 UTC] PHP Warning:  Undefined array key "dependencies" in /home/alamstor/public_html/wp-content/plugins/elementor/core/page-assets/loader.php on line 95
[04-Jun-2026 04:03:50 UTC] PHP Warning:  Undefined array key "version" in /home/alamstor/public_html/wp-content/plugins/elementor/core/page-assets/loader.php on line 95
[04-Jun-2026 04:03:51 UTC] PHP Warning:  Undefined array key "src" in /home/alamstor/public_html/wp-content/plugins/elementor/core/page-assets/loader.php on line 95
[04-Jun-2026 04:03:51 UTC] PHP Warning:  Undefined array key "dependencies" in /home/alamstor/public_html/wp-content/plugins/elementor/core/page-assets/loader.php on line 95
[04-Jun-2026 04:03:51 UTC] PHP Warning:  Undefined array key "version" in /home/alamstor/public_html/wp-content/plugins/elementor/core/page-assets/loader.php on line 95
[04-Jun-2026 04:03:51 UTC] PHP Warning:  Undefined array key "src" in /home/alamstor/public_html/wp-content/plugins/elementor/core/page-assets/loader.php on line 95
[04-Jun-2026 04:03:51 UTC] PHP Warning:  Undefined array key "dependencies" in /home/alamstor/public_html/wp-content/plugins/elementor/core/page-assets/loader.php on line 95
[04-Jun-2026 04:03:51 UTC] PHP Warning:  Undefined array key "version" in /home/alamstor/public_html/wp-content/plugins/elementor/core/page-assets/loader.php on line 95
[04-Jun-2026 04:03:51 UTC] PHP Warning:  Undefined array key "src" in /home/alamstor/public_html/wp-content/plugins/elementor/core/page-assets/loader.php on line 95
[04-Jun-2026 04:03:51 UTC] PHP Warning:  Undefined array key "dependencies" in /home/alamstor/public_html/wp-content/plugins/elementor/core/page-assets/loader.php on line 95
[04-Jun-2026 04:03:51 UTC] PHP Warning:  Undefined array key "version" in /home/alamstor/public_html/wp-content/plugins/elementor/core/page-assets/loader.php on line 95
[04-Jun-2026 04:03:51 UTC] PHP Warning:  Undefined array key "src" in /home/alamstor/public_html/wp-content/plugins/elementor/core/page-assets/loader.php on line 95
[04-Jun-2026 04:03:51 UTC] PHP Warning:  Undefined array key "dependencies" in /home/alamstor/public_html/wp-content/plugins/elementor/core/page-assets/loader.php on line 95
[04-Jun-2026 04:03:51 UTC] PHP Warning:  Undefined array key "version" in /home/alamstor/public_html/wp-content/plugins/elementor/core/page-assets/loader.php on line 95
[04-Jun-2026 04:03:51 UTC] PHP Warning:  Undefined array key "src" in /home/alamstor/public_html/wp-content/plugins/elementor/core/page-assets/loader.php on line 95
[04-Jun-2026 04:03:51 UTC] PHP Warning:  Undefined array key "dependencies" in /home/alamstor/public_html/wp-content/plugins/elementor/core/page-assets/loader.php on line 95
[04-Jun-2026 04:03:51 UTC] PHP Warning:  Undefined array key "version" in /home/alamstor/public_html/wp-content/plugins/elementor/core/page-assets/loader.php on line 95
[04-Jun-2026 04:03:51 UTC] PHP Warning:  Undefined array key "src" in /home/alamstor/public_html/wp-content/plugins/elementor/core/page-assets/loader.php on line 95
[04-Jun-2026 04:03:51 UTC] PHP Warning:  Undefined array key "dependencies" in /home/alamstor/public_html/wp-content/plugins/elementor/core/page-assets/loader.php on line 95
[04-Jun-2026 04:03:51 UTC] PHP Warning:  Undefined array key "version" in /home/alamstor/public_html/wp-content/plugins/elementor/core/page-assets/loader.php on line 95
[04-Jun-2026 04:03:52 UTC] PHP Warning:  Undefined array key "src" in /home/alamstor/public_html/wp-content/plugins/elementor/core/page-assets/loader.php on line 95
[04-Jun-2026 04:03:52 UTC] PHP Warning:  Undefined array key "dependencies" in /home/alamstor/public_html/wp-content/plugins/elementor/core/page-assets/loader.php on line 95
[04-Jun-2026 04:03:52 UTC] PHP Warning:  Undefined array key "version" in /home/alamstor/public_html/wp-content/plugins/elementor/core/page-assets/loader.php on line 95
[04-Jun-2026 04:03:52 UTC] PHP Warning:  Undefined array key "src" in /home/alamstor/public_html/wp-content/plugins/elementor/core/page-assets/loader.php on line 95
[04-Jun-2026 04:03:52 UTC] PHP Warning:  Undefined array key "dependencies" in /home/alamstor/public_html/wp-content/plugins/elementor/core/page-assets/loader.php on line 95
[04-Jun-2026 04:03:52 UTC] PHP Warning:  Undefined array key "version" in /home/alamstor/public_html/wp-content/plugins/elementor/core/page-assets/loader.php on line 95
[04-Jun-2026 04:04:01 UTC] PHP Warning:  Undefined array key "src" in /home/alamstor/public_html/wp-content/plugins/elementor/core/page-assets/loader.php on line 95
[04-Jun-2026 04:04:01 UTC] PHP Warning:  Undefined array key "dependencies" in /home/alamstor/public_html/wp-content/plugins/elementor/core/page-assets/loader.php on line 95
[04-Jun-2026 04:04:01 UTC] PHP Warning:  Undefined array key "version" in /home/alamstor/public_html/wp-content/plugins/elementor/core/page-assets/loader.php on line 95
[04-Jun-2026 04:04:01 UTC] PHP Warning:  Undefined array key "src" in /home/alamstor/public_html/wp-content/plugins/elementor/core/page-assets/loader.php on line 95
[04-Jun-2026 04:04:01 UTC] PHP Warning:  Undefined array key "dependencies" in /home/alamstor/public_html/wp-content/plugins/elementor/core/page-assets/loader.php on line 95
[04-Jun-2026 04:04:01 UTC] PHP Warning:  Undefined array key "version" in /home/alamstor/public_html/wp-content/plugins/elementor/core/page-assets/loader.php on line 95
[04-Jun-2026 04:04:02 UTC] PHP Warning:  Undefined array key "src" in /home/alamstor/public_html/wp-content/plugins/elementor/core/page-assets/loader.php on line 95
[04-Jun-2026 04:04:02 UTC] PHP Warning:  Undefined array key "dependencies" in /home/alamstor/public_html/wp-content/plugins/elementor/core/page-assets/loader.php on line 95
[04-Jun-2026 04:04:02 UTC] PHP Warning:  Undefined array key "version" in /home/alamstor/public_html/wp-content/plugins/elementor/core/page-assets/loader.php on line 95
[04-Jun-2026 04:04:02 UTC] PHP Warning:  Undefined array key "src" in /home/alamstor/public_html/wp-content/plugins/elementor/core/page-assets/loader.php on line 95
[04-Jun-2026 04:04:02 UTC] PHP Warning:  Undefined array key "dependencies" in /home/alamstor/public_html/wp-content/plugins/elementor/core/page-assets/loader.php on line 95
[04-Jun-2026 04:04:02 UTC] PHP Warning:  Undefined array key "version" in /home/alamstor/public_html/wp-content/plugins/elementor/core/page-assets/loader.php on line 95
[04-Jun-2026 04:04:07 UTC] PHP Warning:  Undefined array key "src" in /home/alamstor/public_html/wp-content/plugins/elementor/core/page-assets/loader.php on line 95
[04-Jun-2026 04:04:07 UTC] PHP Warning:  Undefined array key "dependencies" in /home/alamstor/public_html/wp-content/plugins/elementor/core/page-assets/loader.php on line 95
[04-Jun-2026 04:04:07 UTC] PHP Warning:  Undefined array key "version" in /home/alamstor/public_html/wp-content/plugins/elementor/core/page-assets/loader.php on line 95
[04-Jun-2026 04:04:07 UTC] PHP Warning:  Undefined array key "src" in /home/alamstor/public_html/wp-content/plugins/elementor/core/page-assets/loader.php on line 95
[04-Jun-2026 04:04:07 UTC] PHP Warning:  Undefined array key "dependencies" in /home/alamstor/public_html/wp-content/plugins/elementor/core/page-assets/loader.php on line 95
[04-Jun-2026 04:04:07 UTC] PHP Warning:  Undefined array key "version" in /home/alamstor/public_html/wp-content/plugins/elementor/core/page-assets/loader.php on line 95
[04-Jun-2026 04:04:08 UTC] PHP Warning:  Undefined array key "src" in /home/alamstor/public_html/wp-content/plugins/elementor/core/page-assets/loader.php on line 95
[04-Jun-2026 04:04:08 UTC] PHP Warning:  Undefined array key "dependencies" in /home/alamstor/public_html/wp-content/plugins/elementor/core/page-assets/loader.php on line 95
[04-Jun-2026 04:04:08 UTC] PHP Warning:  Undefined array key "version" in /home/alamstor/public_html/wp-content/plugins/elementor/core/page-assets/loader.php on line 95
[04-Jun-2026 04:04:08 UTC] PHP Warning:  Undefined array key "src" in /home/alamstor/public_html/wp-content/plugins/elementor/core/page-assets/loader.php on line 95
[04-Jun-2026 04:04:08 UTC] PHP Warning:  Undefined array key "dependencies" in /home/alamstor/public_html/wp-content/plugins/elementor/core/page-assets/loader.php on line 95
[04-Jun-2026 04:04:08 UTC] PHP Warning:  Undefined array key "version" in /home/alamstor/public_html/wp-content/plugins/elementor/core/page-assets/loader.php on line 95
[04-Jun-2026 04:04:08 UTC] PHP Warning:  Undefined array key "src" in /home/alamstor/public_html/wp-content/plugins/elementor/core/page-assets/loader.php on line 95
[04-Jun-2026 04:04:08 UTC] PHP Warning:  Undefined array key "dependencies" in /home/alamstor/public_html/wp-content/plugins/elementor/core/page-assets/loader.php on line 95
[04-Jun-2026 04:04:08 UTC] PHP Warning:  Undefined array key "version" in /home/alamstor/public_html/wp-content/plugins/elementor/core/page-assets/loader.php on line 95
[04-Jun-2026 04:04:08 UTC] PHP Warning:  Undefined array key "src" in /home/alamstor/public_html/wp-content/plugins/elementor/core/page-assets/loader.php on line 95
[04-Jun-2026 04:04:08 UTC] PHP Warning:  Undefined array key "dependencies" in /home/alamstor/public_html/wp-content/plugins/elementor/core/page-assets/loader.php on line 95
[04-Jun-2026 04:04:08 UTC] PHP Warning:  Undefined array key "version" in /home/alamstor/public_html/wp-content/plugins/elementor/core/page-assets/loader.php on line 95
[04-Jun-2026 04:04:08 UTC] PHP Warning:  Undefined array key "src" in /home/alamstor/public_html/wp-content/plugins/elementor/core/page-assets/loader.php on line 95
[04-Jun-2026 04:04:08 UTC] PHP Warning:  Undefined array key "dependencies" in /home/alamstor/public_html/wp-content/plugins/elementor/core/page-assets/loader.php on line 95
[04-Jun-2026 04:04:08 UTC] PHP Warning:  Undefined array key "version" in /home/alamstor/public_html/wp-content/plugins/elementor/core/page-assets/loader.php on line 95
[04-Jun-2026 04:04:08 UTC] PHP Warning:  Undefined array key "src" in /home/alamstor/public_html/wp-content/plugins/elementor/core/page-assets/loader.php on line 95
[04-Jun-2026 04:04:08 UTC] PHP Warning:  Undefined array key "dependencies" in /home/alamstor/public_html/wp-content/plugins/elementor/core/page-assets/loader.php on line 95
[04-Jun-2026 04:04:08 UTC] PHP Warning:  Undefined array key "version" in /home/alamstor/public_html/wp-content/plugins/elementor/core/page-assets/loader.php on line 95
[04-Jun-2026 04:04:09 UTC] PHP Warning:  Undefined array key "src" in /home/alamstor/public_html/wp-content/plugins/elementor/core/page-assets/loader.php on line 95
[04-Jun-2026 04:04:09 UTC] PHP Warning:  Undefined array key "dependencies" in /home/alamstor/public_html/wp-content/plugins/elementor/core/page-assets/loader.php on line 95
[04-Jun-2026 04:04:09 UTC] PHP Warning:  Undefined array key "version" in /home/alamstor/public_html/wp-content/plugins/elementor/core/page-assets/loader.php on line 95
[04-Jun-2026 04:04:09 UTC] PHP Warning:  Undefined array key "src" in /home/alamstor/public_html/wp-content/plugins/elementor/core/page-assets/loader.php on line 95
[04-Jun-2026 04:04:09 UTC] PHP Warning:  Undefined array key "dependencies" in /home/alamstor/public_html/wp-content/plugins/elementor/core/page-assets/loader.php on line 95
[04-Jun-2026 04:04:09 UTC] PHP Warning:  Undefined array key "version" in /home/alamstor/public_html/wp-content/plugins/elementor/core/page-assets/loader.php on line 95
[04-Jun-2026 04:04:09 UTC] PHP Warning:  Undefined array key "src" in /home/alamstor/public_html/wp-content/plugins/elementor/core/page-assets/loader.php on line 95
[04-Jun-2026 04:04:09 UTC] PHP Warning:  Undefined array key "dependencies" in /home/alamstor/public_html/wp-content/plugins/elementor/core/page-assets/loader.php on line 95
[04-Jun-2026 04:04:09 UTC] PHP Warning:  Undefined array key "version" in /home/alamstor/public_html/wp-content/plugins/elementor/core/page-assets/loader.php on line 95
[04-Jun-2026 04:04:09 UTC] PHP Warning:  Undefined array key "src" in /home/alamstor/public_html/wp-content/plugins/elementor/core/page-assets/loader.php on line 95
[04-Jun-2026 04:04:09 UTC] PHP Warning:  Undefined array key "dependencies" in /home/alamstor/public_html/wp-content/plugins/elementor/core/page-assets/loader.php on line 95
[04-Jun-2026 04:04:09 UTC] PHP Warning:  Undefined array key "version" in /home/alamstor/public_html/wp-content/plugins/elementor/core/page-assets/loader.php on line 95
[04-Jun-2026 04:04:09 UTC] PHP Warning:  Undefined array key "src" in /home/alamstor/public_html/wp-content/plugins/elementor/core/page-assets/loader.php on line 95
[04-Jun-2026 04:04:09 UTC] PHP Warning:  Undefined array key "dependencies" in /home/alamstor/public_html/wp-content/plugins/elementor/core/page-assets/loader.php on line 95
[04-Jun-2026 04:04:09 UTC] PHP Warning:  Undefined array key "version" in /home/alamstor/public_html/wp-content/plugins/elementor/core/page-assets/loader.php on line 95
[04-Jun-2026 04:04:09 UTC] PHP Warning:  Undefined array key "src" in /home/alamstor/public_html/wp-content/plugins/elementor/core/page-assets/loader.php on line 95
[04-Jun-2026 04:04:09 UTC] PHP Warning:  Undefined array key "dependencies" in /home/alamstor/public_html/wp-content/plugins/elementor/core/page-assets/loader.php on line 95
[04-Jun-2026 04:04:09 UTC] PHP Warning:  Undefined array key "version" in /home/alamstor/public_html/wp-content/plugins/elementor/core/page-assets/loader.php on line 95
[04-Jun-2026 04:04:10 UTC] PHP Warning:  Undefined array key "src" in /home/alamstor/public_html/wp-content/plugins/elementor/core/page-assets/loader.php on line 95
[04-Jun-2026 04:04:10 UTC] PHP Warning:  Undefined array key "dependencies" in /home/alamstor/public_html/wp-content/plugins/elementor/core/page-assets/loader.php on line 95
[04-Jun-2026 04:04:10 UTC] PHP Warning:  Undefined array key "version" in /home/alamstor/public_html/wp-content/plugins/elementor/core/page-assets/loader.php on line 95
[04-Jun-2026 04:04:10 UTC] PHP Warning:  Undefined array key "src" in /home/alamstor/public_html/wp-content/plugins/elementor/core/page-assets/loader.php on line 95
[04-Jun-2026 04:04:10 UTC] PHP Warning:  Undefined array key "dependencies" in /home/alamstor/public_html/wp-content/plugins/elementor/core/page-assets/loader.php on line 95
[04-Jun-2026 04:04:10 UTC] PHP Warning:  Undefined array key "version" in /home/alamstor/public_html/wp-content/plugins/elementor/core/page-assets/loader.php on line 95
[04-Jun-2026 04:04:10 UTC] PHP Warning:  Undefined array key "src" in /home/alamstor/public_html/wp-content/plugins/elementor/core/page-assets/loader.php on line 95
[04-Jun-2026 04:04:10 UTC] PHP Warning:  Undefined array key "dependencies" in /home/alamstor/public_html/wp-content/plugins/elementor/core/page-assets/loader.php on line 95
[04-Jun-2026 04:04:10 UTC] PHP Warning:  Undefined array key "version" in /home/alamstor/public_html/wp-content/plugins/elementor/core/page-assets/loader.php on line 95
[04-Jun-2026 04:04:10 UTC] PHP Warning:  Undefined array key "src" in /home/alamstor/public_html/wp-content/plugins/elementor/core/page-assets/loader.php on line 95
[04-Jun-2026 04:04:10 UTC] PHP Warning:  Undefined array key "dependencies" in /home/alamstor/public_html/wp-content/plugins/elementor/core/page-assets/loader.php on line 95
[04-Jun-2026 04:04:10 UTC] PHP Warning:  Undefined array key "version" in /home/alamstor/public_html/wp-content/plugins/elementor/core/page-assets/loader.php on line 95
[04-Jun-2026 04:04:11 UTC] PHP Warning:  Undefined array key "src" in /home/alamstor/public_html/wp-content/plugins/elementor/core/page-assets/loader.php on line 95
[04-Jun-2026 04:04:11 UTC] PHP Warning:  Undefined array key "dependencies" in /home/alamstor/public_html/wp-content/plugins/elementor/core/page-assets/loader.php on line 95
[04-Jun-2026 04:04:11 UTC] PHP Warning:  Undefined array key "version" in /home/alamstor/public_html/wp-content/plugins/elementor/core/page-assets/loader.php on line 95
[04-Jun-2026 04:04:11 UTC] PHP Warning:  Undefined array key "src" in /home/alamstor/public_html/wp-content/plugins/elementor/core/page-assets/loader.php on line 95
[04-Jun-2026 04:04:11 UTC] PHP Warning:  Undefined array key "dependencies" in /home/alamstor/public_html/wp-content/plugins/elementor/core/page-assets/loader.php on line 95
[04-Jun-2026 04:04:11 UTC] PHP Warning:  Undefined array key "version" in /home/alamstor/public_html/wp-content/plugins/elementor/core/page-assets/loader.php on line 95
[04-Jun-2026 04:04:11 UTC] PHP Warning:  Undefined array key "src" in /home/alamstor/public_html/wp-content/plugins/elementor/core/page-assets/loader.php on line 95
[04-Jun-2026 04:04:11 UTC] PHP Warning:  Undefined array key "dependencies" in /home/alamstor/public_html/wp-content/plugins/elementor/core/page-assets/loader.php on line 95
[04-Jun-2026 04:04:11 UTC] PHP Warning:  Undefined array key "version" in /home/alamstor/public_html/wp-content/plugins/elementor/core/page-assets/loader.php on line 95
[04-Jun-2026 04:04:11 UTC] PHP Warning:  Undefined array key "src" in /home/alamstor/public_html/wp-content/plugins/elementor/core/page-assets/loader.php on line 95
[04-Jun-2026 04:04:11 UTC] PHP Warning:  Undefined array key "dependencies" in /home/alamstor/public_html/wp-content/plugins/elementor/core/page-assets/loader.php on line 95
[04-Jun-2026 04:04:11 UTC] PHP Warning:  Undefined array key "version" in /home/alamstor/public_html/wp-content/plugins/elementor/core/page-assets/loader.php on line 95
[04-Jun-2026 04:04:11 UTC] PHP Warning:  Undefined array key "src" in /home/alamstor/public_html/wp-content/plugins/elementor/core/page-assets/loader.php on line 95
[04-Jun-2026 04:04:11 UTC] PHP Warning:  Undefined array key "dependencies" in /home/alamstor/public_html/wp-content/plugins/elementor/core/page-assets/loader.php on line 95
[04-Jun-2026 04:04:11 UTC] PHP Warning:  Undefined array key "version" in /home/alamstor/public_html/wp-content/plugins/elementor/core/page-assets/loader.php on line 95
[04-Jun-2026 04:04:11 UTC] PHP Warning:  Undefined array key "src" in /home/alamstor/public_html/wp-content/plugins/elementor/core/page-assets/loader.php on line 95
[04-Jun-2026 04:04:11 UTC] PHP Warning:  Undefined array key "dependencies" in /home/alamstor/public_html/wp-content/plugins/elementor/core/page-assets/loader.php on line 95
[04-Jun-2026 04:04:11 UTC] PHP Warning:  Undefined array key "version" in /home/alamstor/public_html/wp-content/plugins/elementor/core/page-assets/loader.php on line 95
[04-Jun-2026 04:04:12 UTC] PHP Warning:  Undefined array key "src" in /home/alamstor/public_html/wp-content/plugins/elementor/core/page-assets/loader.php on line 95
[04-Jun-2026 04:04:12 UTC] PHP Warning:  Undefined array key "dependencies" in /home/alamstor/public_html/wp-content/plugins/elementor/core/page-assets/loader.php on line 95
[04-Jun-2026 04:04:12 UTC] PHP Warning:  Undefined array key "version" in /home/alamstor/public_html/wp-content/plugins/elementor/core/page-assets/loader.php on line 95
[04-Jun-2026 04:04:12 UTC] PHP Warning:  Undefined array key "src" in /home/alamstor/public_html/wp-content/plugins/elementor/core/page-assets/loader.php on line 95
[04-Jun-2026 04:04:12 UTC] PHP Warning:  Undefined array key "dependencies" in /home/alamstor/public_html/wp-content/plugins/elementor/core/page-assets/loader.php on line 95
[04-Jun-2026 04:04:12 UTC] PHP Warning:  Undefined array key "version" in /home/alamstor/public_html/wp-content/plugins/elementor/core/page-assets/loader.php on line 95
[04-Jun-2026 04:04:12 UTC] PHP Warning:  Undefined array key "src" in /home/alamstor/public_html/wp-content/plugins/elementor/core/page-assets/loader.php on line 95
[04-Jun-2026 04:04:12 UTC] PHP Warning:  Undefined array key "dependencies" in /home/alamstor/public_html/wp-content/plugins/elementor/core/page-assets/loader.php on line 95
[04-Jun-2026 04:04:12 UTC] PHP Warning:  Undefined array key "version" in /home/alamstor/public_html/wp-content/plugins/elementor/core/page-assets/loader.php on line 95
[04-Jun-2026 04:04:12 UTC] PHP Warning:  Undefined array key "src" in /home/alamstor/public_html/wp-content/plugins/elementor/core/page-assets/loader.php on line 95
[04-Jun-2026 04:04:12 UTC] PHP Warning:  Undefined array key "dependencies" in /home/alamstor/public_html/wp-content/plugins/elementor/core/page-assets/loader.php on line 95
[04-Jun-2026 04:04:12 UTC] PHP Warning:  Undefined array key "version" in /home/alamstor/public_html/wp-content/plugins/elementor/core/page-assets/loader.php on line 95
[04-Jun-2026 04:04:12 UTC] PHP Warning:  Undefined array key "src" in /home/alamstor/public_html/wp-content/plugins/elementor/core/page-assets/loader.php on line 95
[04-Jun-2026 04:04:12 UTC] PHP Warning:  Undefined array key "dependencies" in /home/alamstor/public_html/wp-content/plugins/elementor/core/page-assets/loader.php on line 95
[04-Jun-2026 04:04:12 UTC] PHP Warning:  Undefined array key "version" in /home/alamstor/public_html/wp-content/plugins/elementor/core/page-assets/loader.php on line 95
[04-Jun-2026 04:04:12 UTC] PHP Warning:  Undefined array key "src" in /home/alamstor/public_html/wp-content/plugins/elementor/core/page-assets/loader.php on line 95
[04-Jun-2026 04:04:12 UTC] PHP Warning:  Undefined array key "dependencies" in /home/alamstor/public_html/wp-content/plugins/elementor/core/page-assets/loader.php on line 95
[04-Jun-2026 04:04:12 UTC] PHP Warning:  Undefined array key "version" in /home/alamstor/public_html/wp-content/plugins/elementor/core/page-assets/loader.php on line 95
[04-Jun-2026 04:04:13 UTC] PHP Warning:  Undefined array key "src" in /home/alamstor/public_html/wp-content/plugins/elementor/core/page-assets/loader.php on line 95
[04-Jun-2026 04:04:13 UTC] PHP Warning:  Undefined array key "dependencies" in /home/alamstor/public_html/wp-content/plugins/elementor/core/page-assets/loader.php on line 95
[04-Jun-2026 04:04:13 UTC] PHP Warning:  Undefined array key "version" in /home/alamstor/public_html/wp-content/plugins/elementor/core/page-assets/loader.php on line 95
[04-Jun-2026 04:04:13 UTC] PHP Warning:  Undefined array key "src" in /home/alamstor/public_html/wp-content/plugins/elementor/core/page-assets/loader.php on line 95
[04-Jun-2026 04:04:13 UTC] PHP Warning:  Undefined array key "dependencies" in /home/alamstor/public_html/wp-content/plugins/elementor/core/page-assets/loader.php on line 95
[04-Jun-2026 04:04:13 UTC] PHP Warning:  Undefined array key "version" in /home/alamstor/public_html/wp-content/plugins/elementor/core/page-assets/loader.php on line 95
[04-Jun-2026 04:04:13 UTC] PHP Warning:  Undefined array key "src" in /home/alamstor/public_html/wp-content/plugins/elementor/core/page-assets/loader.php on line 95
[04-Jun-2026 04:04:13 UTC] PHP Warning:  Undefined array key "dependencies" in /home/alamstor/public_html/wp-content/plugins/elementor/core/page-assets/loader.php on line 95
[04-Jun-2026 04:04:13 UTC] PHP Warning:  Undefined array key "version" in /home/alamstor/public_html/wp-content/plugins/elementor/core/page-assets/loader.php on line 95
[04-Jun-2026 04:04:13 UTC] PHP Warning:  Undefined array key "src" in /home/alamstor/public_html/wp-content/plugins/elementor/core/page-assets/loader.php on line 95
[04-Jun-2026 04:04:13 UTC] PHP Warning:  Undefined array key "dependencies" in /home/alamstor/public_html/wp-content/plugins/elementor/core/page-assets/loader.php on line 95
[04-Jun-2026 04:04:13 UTC] PHP Warning:  Undefined array key "version" in /home/alamstor/public_html/wp-content/plugins/elementor/core/page-assets/loader.php on line 95
[04-Jun-2026 04:04:13 UTC] PHP Warning:  Undefined array key "src" in /home/alamstor/public_html/wp-content/plugins/elementor/core/page-assets/loader.php on line 95
[04-Jun-2026 04:04:13 UTC] PHP Warning:  Undefined array key "dependencies" in /home/alamstor/public_html/wp-content/plugins/elementor/core/page-assets/loader.php on line 95
[04-Jun-2026 04:04:13 UTC] PHP Warning:  Undefined array key "version" in /home/alamstor/public_html/wp-content/plugins/elementor/core/page-assets/loader.php on line 95
[04-Jun-2026 04:04:13 UTC] PHP Warning:  Undefined array key "src" in /home/alamstor/public_html/wp-content/plugins/elementor/core/page-assets/loader.php on line 95
[04-Jun-2026 04:04:13 UTC] PHP Warning:  Undefined array key "dependencies" in /home/alamstor/public_html/wp-content/plugins/elementor/core/page-assets/loader.php on line 95
[04-Jun-2026 04:04:13 UTC] PHP Warning:  Undefined array key "version" in /home/alamstor/public_html/wp-content/plugins/elementor/core/page-assets/loader.php on line 95
[04-Jun-2026 04:04:14 UTC] PHP Warning:  Undefined array key "src" in /home/alamstor/public_html/wp-content/plugins/elementor/core/page-assets/loader.php on line 95
[04-Jun-2026 04:04:14 UTC] PHP Warning:  Undefined array key "dependencies" in /home/alamstor/public_html/wp-content/plugins/elementor/core/page-assets/loader.php on line 95
[04-Jun-2026 04:04:14 UTC] PHP Warning:  Undefined array key "version" in /home/alamstor/public_html/wp-content/plugins/elementor/core/page-assets/loader.php on line 95
[04-Jun-2026 04:04:14 UTC] PHP Warning:  Undefined array key "src" in /home/alamstor/public_html/wp-content/plugins/elementor/core/page-assets/loader.php on line 95
[04-Jun-2026 04:04:14 UTC] PHP Warning:  Undefined array key "dependencies" in /home/alamstor/public_html/wp-content/plugins/elementor/core/page-assets/loader.php on line 95
[04-Jun-2026 04:04:14 UTC] PHP Warning:  Undefined array key "version" in /home/alamstor/public_html/wp-content/plugins/elementor/core/page-assets/loader.php on line 95
[04-Jun-2026 04:04:14 UTC] PHP Warning:  Undefined array key "src" in /home/alamstor/public_html/wp-content/plugins/elementor/core/page-assets/loader.php on line 95
[04-Jun-2026 04:04:14 UTC] PHP Warning:  Undefined array key "dependencies" in /home/alamstor/public_html/wp-content/plugins/elementor/core/page-assets/loader.php on line 95
[04-Jun-2026 04:04:14 UTC] PHP Warning:  Undefined array key "version" in /home/alamstor/public_html/wp-content/plugins/elementor/core/page-assets/loader.php on line 95
[04-Jun-2026 04:04:14 UTC] PHP Warning:  Undefined array key "src" in /home/alamstor/public_html/wp-content/plugins/elementor/core/page-assets/loader.php on line 95
[04-Jun-2026 04:04:14 UTC] PHP Warning:  Undefined array key "dependencies" in /home/alamstor/public_html/wp-content/plugins/elementor/core/page-assets/loader.php on line 95
[04-Jun-2026 04:04:14 UTC] PHP Warning:  Undefined array key "version" in /home/alamstor/public_html/wp-content/plugins/elementor/core/page-assets/loader.php on line 95
[04-Jun-2026 04:04:14 UTC] PHP Warning:  Undefined array key "src" in /home/alamstor/public_html/wp-content/plugins/elementor/core/page-assets/loader.php on line 95
[04-Jun-2026 04:04:14 UTC] PHP Warning:  Undefined array key "dependencies" in /home/alamstor/public_html/wp-content/plugins/elementor/core/page-assets/loader.php on line 95
[04-Jun-2026 04:04:14 UTC] PHP Warning:  Undefined array key "version" in /home/alamstor/public_html/wp-content/plugins/elementor/core/page-assets/loader.php on line 95
[04-Jun-2026 04:04:14 UTC] PHP Warning:  Undefined array key "src" in /home/alamstor/public_html/wp-content/plugins/elementor/core/page-assets/loader.php on line 95
[04-Jun-2026 04:04:14 UTC] PHP Warning:  Undefined array key "dependencies" in /home/alamstor/public_html/wp-content/plugins/elementor/core/page-assets/loader.php on line 95
[04-Jun-2026 04:04:14 UTC] PHP Warning:  Undefined array key "version" in /home/alamstor/public_html/wp-content/plugins/elementor/core/page-assets/loader.php on line 95
[04-Jun-2026 04:04:15 UTC] PHP Warning:  Undefined array key "src" in /home/alamstor/public_html/wp-content/plugins/elementor/core/page-assets/loader.php on line 95
[04-Jun-2026 04:04:15 UTC] PHP Warning:  Undefined array key "dependencies" in /home/alamstor/public_html/wp-content/plugins/elementor/core/page-assets/loader.php on line 95
[04-Jun-2026 04:04:15 UTC] PHP Warning:  Undefined array key "version" in /home/alamstor/public_html/wp-content/plugins/elementor/core/page-assets/loader.php on line 95
[04-Jun-2026 04:04:15 UTC] PHP Warning:  Undefined array key "src" in /home/alamstor/public_html/wp-content/plugins/elementor/core/page-assets/loader.php on line 95
[04-Jun-2026 04:04:15 UTC] PHP Warning:  Undefined array key "dependencies" in /home/alamstor/public_html/wp-content/plugins/elementor/core/page-assets/loader.php on line 95
[04-Jun-2026 04:04:15 UTC] PHP Warning:  Undefined array key "version" in /home/alamstor/public_html/wp-content/plugins/elementor/core/page-assets/loader.php on line 95
[04-Jun-2026 04:04:15 UTC] PHP Warning:  Undefined array key "src" in /home/alamstor/public_html/wp-content/plugins/elementor/core/page-assets/loader.php on line 95
[04-Jun-2026 04:04:15 UTC] PHP Warning:  Undefined array key "dependencies" in /home/alamstor/public_html/wp-content/plugins/elementor/core/page-assets/loader.php on line 95
[04-Jun-2026 04:04:15 UTC] PHP Warning:  Undefined array key "version" in /home/alamstor/public_html/wp-content/plugins/elementor/core/page-assets/loader.php on line 95
[04-Jun-2026 04:04:15 UTC] PHP Warning:  Undefined array key "src" in /home/alamstor/public_html/wp-content/plugins/elementor/core/page-assets/loader.php on line 95
[04-Jun-2026 04:04:15 UTC] PHP Warning:  Undefined array key "dependencies" in /home/alamstor/public_html/wp-content/plugins/elementor/core/page-assets/loader.php on line 95
[04-Jun-2026 04:04:15 UTC] PHP Warning:  Undefined array key "version" in /home/alamstor/public_html/wp-content/plugins/elementor/core/page-assets/loader.php on line 95
[04-Jun-2026 04:04:16 UTC] PHP Warning:  Undefined array key "src" in /home/alamstor/public_html/wp-content/plugins/elementor/core/page-assets/loader.php on line 95
[04-Jun-2026 04:04:16 UTC] PHP Warning:  Undefined array key "dependencies" in /home/alamstor/public_html/wp-content/plugins/elementor/core/page-assets/loader.php on line 95
[04-Jun-2026 04:04:16 UTC] PHP Warning:  Undefined array key "version" in /home/alamstor/public_html/wp-content/plugins/elementor/core/page-assets/loader.php on line 95
[04-Jun-2026 04:04:16 UTC] PHP Warning:  Undefined array key "src" in /home/alamstor/public_html/wp-content/plugins/elementor/core/page-assets/loader.php on line 95
[04-Jun-2026 04:04:16 UTC] PHP Warning:  Undefined array key "dependencies" in /home/alamstor/public_html/wp-content/plugins/elementor/core/page-assets/loader.php on line 95
[04-Jun-2026 04:04:16 UTC] PHP Warning:  Undefined array key "version" in /home/alamstor/public_html/wp-content/plugins/elementor/core/page-assets/loader.php on line 95
[04-Jun-2026 04:04:16 UTC] PHP Warning:  Undefined array key "src" in /home/alamstor/public_html/wp-content/plugins/elementor/core/page-assets/loader.php on line 95
[04-Jun-2026 04:04:16 UTC] PHP Warning:  Undefined array key "dependencies" in /home/alamstor/public_html/wp-content/plugins/elementor/core/page-assets/loader.php on line 95
[04-Jun-2026 04:04:16 UTC] PHP Warning:  Undefined array key "version" in /home/alamstor/public_html/wp-content/plugins/elementor/core/page-assets/loader.php on line 95
[04-Jun-2026 04:04:16 UTC] PHP Warning:  Undefined array key "src" in /home/alamstor/public_html/wp-content/plugins/elementor/core/page-assets/loader.php on line 95
[04-Jun-2026 04:04:16 UTC] PHP Warning:  Undefined array key "dependencies" in /home/alamstor/public_html/wp-content/plugins/elementor/core/page-assets/loader.php on line 95
[04-Jun-2026 04:04:16 UTC] PHP Warning:  Undefined array key "version" in /home/alamstor/public_html/wp-content/plugins/elementor/core/page-assets/loader.php on line 95
[04-Jun-2026 04:04:17 UTC] PHP Warning:  Undefined array key "src" in /home/alamstor/public_html/wp-content/plugins/elementor/core/page-assets/loader.php on line 95
[04-Jun-2026 04:04:17 UTC] PHP Warning:  Undefined array key "dependencies" in /home/alamstor/public_html/wp-content/plugins/elementor/core/page-assets/loader.php on line 95
[04-Jun-2026 04:04:17 UTC] PHP Warning:  Undefined array key "version" in /home/alamstor/public_html/wp-content/plugins/elementor/core/page-assets/loader.php on line 95
[04-Jun-2026 04:04:17 UTC] PHP Warning:  Undefined array key "src" in /home/alamstor/public_html/wp-content/plugins/elementor/core/page-assets/loader.php on line 95
[04-Jun-2026 04:04:17 UTC] PHP Warning:  Undefined array key "dependencies" in /home/alamstor/public_html/wp-content/plugins/elementor/core/page-assets/loader.php on line 95
[04-Jun-2026 04:04:17 UTC] PHP Warning:  Undefined array key "version" in /home/alamstor/public_html/wp-content/plugins/elementor/core/page-assets/loader.php on line 95
[04-Jun-2026 04:04:17 UTC] PHP Warning:  Undefined array key "src" in /home/alamstor/public_html/wp-content/plugins/elementor/core/page-assets/loader.php on line 95
[04-Jun-2026 04:04:17 UTC] PHP Warning:  Undefined array key "dependencies" in /home/alamstor/public_html/wp-content/plugins/elementor/core/page-assets/loader.php on line 95
[04-Jun-2026 04:04:17 UTC] PHP Warning:  Undefined array key "version" in /home/alamstor/public_html/wp-content/plugins/elementor/core/page-assets/loader.php on line 95
[04-Jun-2026 04:04:17 UTC] PHP Warning:  Undefined array key "src" in /home/alamstor/public_html/wp-content/plugins/elementor/core/page-assets/loader.php on line 95
[04-Jun-2026 04:04:17 UTC] PHP Warning:  Undefined array key "dependencies" in /home/alamstor/public_html/wp-content/plugins/elementor/core/page-assets/loader.php on line 95
[04-Jun-2026 04:04:17 UTC] PHP Warning:  Undefined array key "version" in /home/alamstor/public_html/wp-content/plugins/elementor/core/page-assets/loader.php on line 95
[04-Jun-2026 04:04:18 UTC] PHP Warning:  Undefined array key "src" in /home/alamstor/public_html/wp-content/plugins/elementor/core/page-assets/loader.php on line 95
[04-Jun-2026 04:04:18 UTC] PHP Warning:  Undefined array key "dependencies" in /home/alamstor/public_html/wp-content/plugins/elementor/core/page-assets/loader.php on line 95
[04-Jun-2026 04:04:18 UTC] PHP Warning:  Undefined array key "version" in /home/alamstor/public_html/wp-content/plugins/elementor/core/page-assets/loader.php on line 95
[04-Jun-2026 04:04:18 UTC] PHP Warning:  Undefined array key "src" in /home/alamstor/public_html/wp-content/plugins/elementor/core/page-assets/loader.php on line 95
[04-Jun-2026 04:04:18 UTC] PHP Warning:  Undefined array key "dependencies" in /home/alamstor/public_html/wp-content/plugins/elementor/core/page-assets/loader.php on line 95
[04-Jun-2026 04:04:18 UTC] PHP Warning:  Undefined array key "version" in /home/alamstor/public_html/wp-content/plugins/elementor/core/page-assets/loader.php on line 95
[04-Jun-2026 04:04:18 UTC] PHP Warning:  Undefined array key "src" in /home/alamstor/public_html/wp-content/plugins/elementor/core/page-assets/loader.php on line 95
[04-Jun-2026 04:04:18 UTC] PHP Warning:  Undefined array key "dependencies" in /home/alamstor/public_html/wp-content/plugins/elementor/core/page-assets/loader.php on line 95
[04-Jun-2026 04:04:18 UTC] PHP Warning:  Undefined array key "version" in /home/alamstor/public_html/wp-content/plugins/elementor/core/page-assets/loader.php on line 95
[04-Jun-2026 04:04:18 UTC] PHP Warning:  Undefined array key "src" in /home/alamstor/public_html/wp-content/plugins/elementor/core/page-assets/loader.php on line 95
[04-Jun-2026 04:04:18 UTC] PHP Warning:  Undefined array key "dependencies" in /home/alamstor/public_html/wp-content/plugins/elementor/core/page-assets/loader.php on line 95
[04-Jun-2026 04:04:18 UTC] PHP Warning:  Undefined array key "version" in /home/alamstor/public_html/wp-content/plugins/elementor/core/page-assets/loader.php on line 95
[04-Jun-2026 04:04:19 UTC] PHP Warning:  Undefined array key "src" in /home/alamstor/public_html/wp-content/plugins/elementor/core/page-assets/loader.php on line 95
[04-Jun-2026 04:04:19 UTC] PHP Warning:  Undefined array key "dependencies" in /home/alamstor/public_html/wp-content/plugins/elementor/core/page-assets/loader.php on line 95
[04-Jun-2026 04:04:19 UTC] PHP Warning:  Undefined array key "version" in /home/alamstor/public_html/wp-content/plugins/elementor/core/page-assets/loader.php on line 95
[04-Jun-2026 04:04:19 UTC] PHP Warning:  Undefined array key "src" in /home/alamstor/public_html/wp-content/plugins/elementor/core/page-assets/loader.php on line 95
[04-Jun-2026 04:04:19 UTC] PHP Warning:  Undefined array key "dependencies" in /home/alamstor/public_html/wp-content/plugins/elementor/core/page-assets/loader.php on line 95
[04-Jun-2026 04:04:19 UTC] PHP Warning:  Undefined array key "version" in /home/alamstor/public_html/wp-content/plugins/elementor/core/page-assets/loader.php on line 95
[04-Jun-2026 04:04:19 UTC] PHP Warning:  Undefined array key "src" in /home/alamstor/public_html/wp-content/plugins/elementor/core/page-assets/loader.php on line 95
[04-Jun-2026 04:04:19 UTC] PHP Warning:  Undefined array key "dependencies" in /home/alamstor/public_html/wp-content/plugins/elementor/core/page-assets/loader.php on line 95
[04-Jun-2026 04:04:19 UTC] PHP Warning:  Undefined array key "version" in /home/alamstor/public_html/wp-content/plugins/elementor/core/page-assets/loader.php on line 95
[04-Jun-2026 04:04:19 UTC] PHP Warning:  Undefined array key "src" in /home/alamstor/public_html/wp-content/plugins/elementor/core/page-assets/loader.php on line 95
[04-Jun-2026 04:04:19 UTC] PHP Warning:  Undefined array key "dependencies" in /home/alamstor/public_html/wp-content/plugins/elementor/core/page-assets/loader.php on line 95
[04-Jun-2026 04:04:19 UTC] PHP Warning:  Undefined array key "version" in /home/alamstor/public_html/wp-content/plugins/elementor/core/page-assets/loader.php on line 95
[04-Jun-2026 04:04:19 UTC] PHP Warning:  Undefined array key "src" in /home/alamstor/public_html/wp-content/plugins/elementor/core/page-assets/loader.php on line 95
[04-Jun-2026 04:04:19 UTC] PHP Warning:  Undefined array key "dependencies" in /home/alamstor/public_html/wp-content/plugins/elementor/core/page-assets/loader.php on line 95
[04-Jun-2026 04:04:19 UTC] PHP Warning:  Undefined array key "version" in /home/alamstor/public_html/wp-content/plugins/elementor/core/page-assets/loader.php on line 95
[04-Jun-2026 04:04:19 UTC] PHP Warning:  Undefined array key "src" in /home/alamstor/public_html/wp-content/plugins/elementor/core/page-assets/loader.php on line 95
[04-Jun-2026 04:04:19 UTC] PHP Warning:  Undefined array key "dependencies" in /home/alamstor/public_html/wp-content/plugins/elementor/core/page-assets/loader.php on line 95
[04-Jun-2026 04:04:19 UTC] PHP Warning:  Undefined array key "version" in /home/alamstor/public_html/wp-content/plugins/elementor/core/page-assets/loader.php on line 95
[04-Jun-2026 04:04:20 UTC] PHP Warning:  Undefined array key "src" in /home/alamstor/public_html/wp-content/plugins/elementor/core/page-assets/loader.php on line 95
[04-Jun-2026 04:04:20 UTC] PHP Warning:  Undefined array key "dependencies" in /home/alamstor/public_html/wp-content/plugins/elementor/core/page-assets/loader.php on line 95
[04-Jun-2026 04:04:20 UTC] PHP Warning:  Undefined array key "version" in /home/alamstor/public_html/wp-content/plugins/elementor/core/page-assets/loader.php on line 95
[04-Jun-2026 04:04:20 UTC] PHP Warning:  Undefined array key "src" in /home/alamstor/public_html/wp-content/plugins/elementor/core/page-assets/loader.php on line 95
[04-Jun-2026 04:04:20 UTC] PHP Warning:  Undefined array key "dependencies" in /home/alamstor/public_html/wp-content/plugins/elementor/core/page-assets/loader.php on line 95
[04-Jun-2026 04:04:20 UTC] PHP Warning:  Undefined array key "version" in /home/alamstor/public_html/wp-content/plugins/elementor/core/page-assets/loader.php on line 95
[04-Jun-2026 04:04:20 UTC] PHP Warning:  Undefined array key "src" in /home/alamstor/public_html/wp-content/plugins/elementor/core/page-assets/loader.php on line 95
[04-Jun-2026 04:04:20 UTC] PHP Warning:  Undefined array key "dependencies" in /home/alamstor/public_html/wp-content/plugins/elementor/core/page-assets/loader.php on line 95
[04-Jun-2026 04:04:20 UTC] PHP Warning:  Undefined array key "version" in /home/alamstor/public_html/wp-content/plugins/elementor/core/page-assets/loader.php on line 95
[04-Jun-2026 04:04:20 UTC] PHP Warning:  Undefined array key "src" in /home/alamstor/public_html/wp-content/plugins/elementor/core/page-assets/loader.php on line 95
[04-Jun-2026 04:04:20 UTC] PHP Warning:  Undefined array key "dependencies" in /home/alamstor/public_html/wp-content/plugins/elementor/core/page-assets/loader.php on line 95
[04-Jun-2026 04:04:20 UTC] PHP Warning:  Undefined array key "version" in /home/alamstor/public_html/wp-content/plugins/elementor/core/page-assets/loader.php on line 95
[04-Jun-2026 04:04:21 UTC] PHP Warning:  Undefined array key "src" in /home/alamstor/public_html/wp-content/plugins/elementor/core/page-assets/loader.php on line 95
[04-Jun-2026 04:04:21 UTC] PHP Warning:  Undefined array key "dependencies" in /home/alamstor/public_html/wp-content/plugins/elementor/core/page-assets/loader.php on line 95
[04-Jun-2026 04:04:21 UTC] PHP Warning:  Undefined array key "version" in /home/alamstor/public_html/wp-content/plugins/elementor/core/page-assets/loader.php on line 95
[04-Jun-2026 04:04:21 UTC] PHP Warning:  Undefined array key "src" in /home/alamstor/public_html/wp-content/plugins/elementor/core/page-assets/loader.php on line 95
[04-Jun-2026 04:04:21 UTC] PHP Warning:  Undefined array key "dependencies" in /home/alamstor/public_html/wp-content/plugins/elementor/core/page-assets/loader.php on line 95
[04-Jun-2026 04:04:21 UTC] PHP Warning:  Undefined array key "version" in /home/alamstor/public_html/wp-content/plugins/elementor/core/page-assets/loader.php on line 95
[04-Jun-2026 04:04:21 UTC] PHP Warning:  Undefined array key "src" in /home/alamstor/public_html/wp-content/plugins/elementor/core/page-assets/loader.php on line 95
[04-Jun-2026 04:04:21 UTC] PHP Warning:  Undefined array key "dependencies" in /home/alamstor/public_html/wp-content/plugins/elementor/core/page-assets/loader.php on line 95
[04-Jun-2026 04:04:21 UTC] PHP Warning:  Undefined array key "version" in /home/alamstor/public_html/wp-content/plugins/elementor/core/page-assets/loader.php on line 95
[04-Jun-2026 04:04:21 UTC] PHP Warning:  Undefined array key "src" in /home/alamstor/public_html/wp-content/plugins/elementor/core/page-assets/loader.php on line 95
[04-Jun-2026 04:04:21 UTC] PHP Warning:  Undefined array key "dependencies" in /home/alamstor/public_html/wp-content/plugins/elementor/core/page-assets/loader.php on line 95
[04-Jun-2026 04:04:21 UTC] PHP Warning:  Undefined array key "version" in /home/alamstor/public_html/wp-content/plugins/elementor/core/page-assets/loader.php on line 95
[04-Jun-2026 04:04:22 UTC] PHP Warning:  Undefined array key "src" in /home/alamstor/public_html/wp-content/plugins/elementor/core/page-assets/loader.php on line 95
[04-Jun-2026 04:04:22 UTC] PHP Warning:  Undefined array key "dependencies" in /home/alamstor/public_html/wp-content/plugins/elementor/core/page-assets/loader.php on line 95
[04-Jun-2026 04:04:22 UTC] PHP Warning:  Undefined array key "version" in /home/alamstor/public_html/wp-content/plugins/elementor/core/page-assets/loader.php on line 95
[04-Jun-2026 04:04:22 UTC] PHP Warning:  Undefined array key "src" in /home/alamstor/public_html/wp-content/plugins/elementor/core/page-assets/loader.php on line 95
[04-Jun-2026 04:04:22 UTC] PHP Warning:  Undefined array key "dependencies" in /home/alamstor/public_html/wp-content/plugins/elementor/core/page-assets/loader.php on line 95
[04-Jun-2026 04:04:22 UTC] PHP Warning:  Undefined array key "version" in /home/alamstor/public_html/wp-content/plugins/elementor/core/page-assets/loader.php on line 95
[04-Jun-2026 04:04:22 UTC] PHP Warning:  Undefined array key "src" in /home/alamstor/public_html/wp-content/plugins/elementor/core/page-assets/loader.php on line 95
[04-Jun-2026 04:04:22 UTC] PHP Warning:  Undefined array key "dependencies" in /home/alamstor/public_html/wp-content/plugins/elementor/core/page-assets/loader.php on line 95
[04-Jun-2026 04:04:22 UTC] PHP Warning:  Undefined array key "version" in /home/alamstor/public_html/wp-content/plugins/elementor/core/page-assets/loader.php on line 95
[04-Jun-2026 04:04:22 UTC] PHP Warning:  Undefined array key "src" in /home/alamstor/public_html/wp-content/plugins/elementor/core/page-assets/loader.php on line 95
[04-Jun-2026 04:04:22 UTC] PHP Warning:  Undefined array key "dependencies" in /home/alamstor/public_html/wp-content/plugins/elementor/core/page-assets/loader.php on line 95
[04-Jun-2026 04:04:22 UTC] PHP Warning:  Undefined array key "version" in /home/alamstor/public_html/wp-content/plugins/elementor/core/page-assets/loader.php on line 95
[04-Jun-2026 04:04:22 UTC] PHP Warning:  Undefined array key "src" in /home/alamstor/public_html/wp-content/plugins/elementor/core/page-assets/loader.php on line 95
[04-Jun-2026 04:04:22 UTC] PHP Warning:  Undefined array key "dependencies" in /home/alamstor/public_html/wp-content/plugins/elementor/core/page-assets/loader.php on line 95
[04-Jun-2026 04:04:22 UTC] PHP Warning:  Undefined array key "version" in /home/alamstor/public_html/wp-content/plugins/elementor/core/page-assets/loader.php on line 95
[04-Jun-2026 04:04:22 UTC] PHP Warning:  Undefined array key "src" in /home/alamstor/public_html/wp-content/plugins/elementor/core/page-assets/loader.php on line 95
[04-Jun-2026 04:04:22 UTC] PHP Warning:  Undefined array key "dependencies" in /home/alamstor/public_html/wp-content/plugins/elementor/core/page-assets/loader.php on line 95
[04-Jun-2026 04:04:22 UTC] PHP Warning:  Undefined array key "version" in /home/alamstor/public_html/wp-content/plugins/elementor/core/page-assets/loader.php on line 95
[04-Jun-2026 04:04:23 UTC] PHP Warning:  Undefined array key "src" in /home/alamstor/public_html/wp-content/plugins/elementor/core/page-assets/loader.php on line 95
[04-Jun-2026 04:04:23 UTC] PHP Warning:  Undefined array key "dependencies" in /home/alamstor/public_html/wp-content/plugins/elementor/core/page-assets/loader.php on line 95
[04-Jun-2026 04:04:23 UTC] PHP Warning:  Undefined array key "version" in /home/alamstor/public_html/wp-content/plugins/elementor/core/page-assets/loader.php on line 95
[04-Jun-2026 04:04:23 UTC] PHP Warning:  Undefined array key "src" in /home/alamstor/public_html/wp-content/plugins/elementor/core/page-assets/loader.php on line 95
[04-Jun-2026 04:04:23 UTC] PHP Warning:  Undefined array key "dependencies" in /home/alamstor/public_html/wp-content/plugins/elementor/core/page-assets/loader.php on line 95
[04-Jun-2026 04:04:23 UTC] PHP Warning:  Undefined array key "version" in /home/alamstor/public_html/wp-content/plugins/elementor/core/page-assets/loader.php on line 95
[04-Jun-2026 04:04:23 UTC] PHP Warning:  Undefined array key "src" in /home/alamstor/public_html/wp-content/plugins/elementor/core/page-assets/loader.php on line 95
[04-Jun-2026 04:04:23 UTC] PHP Warning:  Undefined array key "dependencies" in /home/alamstor/public_html/wp-content/plugins/elementor/core/page-assets/loader.php on line 95
[04-Jun-2026 04:04:23 UTC] PHP Warning:  Undefined array key "version" in /home/alamstor/public_html/wp-content/plugins/elementor/core/page-assets/loader.php on line 95
[04-Jun-2026 04:04:23 UTC] PHP Warning:  Undefined array key "src" in /home/alamstor/public_html/wp-content/plugins/elementor/core/page-assets/loader.php on line 95
[04-Jun-2026 04:04:23 UTC] PHP Warning:  Undefined array key "dependencies" in /home/alamstor/public_html/wp-content/plugins/elementor/core/page-assets/loader.php on line 95
[04-Jun-2026 04:04:23 UTC] PHP Warning:  Undefined array key "version" in /home/alamstor/public_html/wp-content/plugins/elementor/core/page-assets/loader.php on line 95
[04-Jun-2026 04:04:24 UTC] PHP Warning:  Undefined array key "src" in /home/alamstor/public_html/wp-content/plugins/elementor/core/page-assets/loader.php on line 95
[04-Jun-2026 04:04:24 UTC] PHP Warning:  Undefined array key "dependencies" in /home/alamstor/public_html/wp-content/plugins/elementor/core/page-assets/loader.php on line 95
[04-Jun-2026 04:04:24 UTC] PHP Warning:  Undefined array key "version" in /home/alamstor/public_html/wp-content/plugins/elementor/core/page-assets/loader.php on line 95
[04-Jun-2026 04:04:24 UTC] PHP Warning:  Undefined array key "src" in /home/alamstor/public_html/wp-content/plugins/elementor/core/page-assets/loader.php on line 95
[04-Jun-2026 04:04:24 UTC] PHP Warning:  Undefined array key "dependencies" in /home/alamstor/public_html/wp-content/plugins/elementor/core/page-assets/loader.php on line 95
[04-Jun-2026 04:04:24 UTC] PHP Warning:  Undefined array key "version" in /home/alamstor/public_html/wp-content/plugins/elementor/core/page-assets/loader.php on line 95
[04-Jun-2026 04:04:24 UTC] PHP Warning:  Undefined array key "src" in /home/alamstor/public_html/wp-content/plugins/elementor/core/page-assets/loader.php on line 95
[04-Jun-2026 04:04:24 UTC] PHP Warning:  Undefined array key "dependencies" in /home/alamstor/public_html/wp-content/plugins/elementor/core/page-assets/loader.php on line 95
[04-Jun-2026 04:04:24 UTC] PHP Warning:  Undefined array key "version" in /home/alamstor/public_html/wp-content/plugins/elementor/core/page-assets/loader.php on line 95
[04-Jun-2026 04:04:24 UTC] PHP Warning:  Undefined array key "src" in /home/alamstor/public_html/wp-content/plugins/elementor/core/page-assets/loader.php on line 95
[04-Jun-2026 04:04:24 UTC] PHP Warning:  Undefined array key "dependencies" in /home/alamstor/public_html/wp-content/plugins/elementor/core/page-assets/loader.php on line 95
[04-Jun-2026 04:04:24 UTC] PHP Warning:  Undefined array key "version" in /home/alamstor/public_html/wp-content/plugins/elementor/core/page-assets/loader.php on line 95
[04-Jun-2026 04:04:25 UTC] PHP Warning:  Undefined array key "src" in /home/alamstor/public_html/wp-content/plugins/elementor/core/page-assets/loader.php on line 95
[04-Jun-2026 04:04:25 UTC] PHP Warning:  Undefined array key "dependencies" in /home/alamstor/public_html/wp-content/plugins/elementor/core/page-assets/loader.php on line 95
[04-Jun-2026 04:04:25 UTC] PHP Warning:  Undefined array key "version" in /home/alamstor/public_html/wp-content/plugins/elementor/core/page-assets/loader.php on line 95
[04-Jun-2026 04:04:25 UTC] PHP Warning:  Undefined array key "src" in /home/alamstor/public_html/wp-content/plugins/elementor/core/page-assets/loader.php on line 95
[04-Jun-2026 04:04:25 UTC] PHP Warning:  Undefined array key "dependencies" in /home/alamstor/public_html/wp-content/plugins/elementor/core/page-assets/loader.php on line 95
[04-Jun-2026 04:04:25 UTC] PHP Warning:  Undefined array key "version" in /home/alamstor/public_html/wp-content/plugins/elementor/core/page-assets/loader.php on line 95
[04-Jun-2026 04:04:25 UTC] PHP Warning:  Undefined array key "src" in /home/alamstor/public_html/wp-content/plugins/elementor/core/page-assets/loader.php on line 95
[04-Jun-2026 04:04:25 UTC] PHP Warning:  Undefined array key "dependencies" in /home/alamstor/public_html/wp-content/plugins/elementor/core/page-assets/loader.php on line 95
[04-Jun-2026 04:04:25 UTC] PHP Warning:  Undefined array key "version" in /home/alamstor/public_html/wp-content/plugins/elementor/core/page-assets/loader.php on line 95
[04-Jun-2026 04:04:25 UTC] PHP Warning:  Undefined array key "src" in /home/alamstor/public_html/wp-content/plugins/elementor/core/page-assets/loader.php on line 95
[04-Jun-2026 04:04:25 UTC] PHP Warning:  Undefined array key "dependencies" in /home/alamstor/public_html/wp-content/plugins/elementor/core/page-assets/loader.php on line 95
[04-Jun-2026 04:04:25 UTC] PHP Warning:  Undefined array key "version" in /home/alamstor/public_html/wp-content/plugins/elementor/core/page-assets/loader.php on line 95
[04-Jun-2026 04:04:25 UTC] PHP Warning:  Undefined array key "src" in /home/alamstor/public_html/wp-content/plugins/elementor/core/page-assets/loader.php on line 95
[04-Jun-2026 04:04:25 UTC] PHP Warning:  Undefined array key "dependencies" in /home/alamstor/public_html/wp-content/plugins/elementor/core/page-assets/loader.php on line 95
[04-Jun-2026 04:04:25 UTC] PHP Warning:  Undefined array key "version" in /home/alamstor/public_html/wp-content/plugins/elementor/core/page-assets/loader.php on line 95
[04-Jun-2026 04:04:25 UTC] PHP Warning:  Undefined array key "src" in /home/alamstor/public_html/wp-content/plugins/elementor/core/page-assets/loader.php on line 95
[04-Jun-2026 04:04:25 UTC] PHP Warning:  Undefined array key "dependencies" in /home/alamstor/public_html/wp-content/plugins/elementor/core/page-assets/loader.php on line 95
[04-Jun-2026 04:04:25 UTC] PHP Warning:  Undefined array key "version" in /home/alamstor/public_html/wp-content/plugins/elementor/core/page-assets/loader.php on line 95
[04-Jun-2026 04:04:26 UTC] PHP Warning:  Undefined array key "src" in /home/alamstor/public_html/wp-content/plugins/elementor/core/page-assets/loader.php on line 95
[04-Jun-2026 04:04:26 UTC] PHP Warning:  Undefined array key "dependencies" in /home/alamstor/public_html/wp-content/plugins/elementor/core/page-assets/loader.php on line 95
[04-Jun-2026 04:04:26 UTC] PHP Warning:  Undefined array key "version" in /home/alamstor/public_html/wp-content/plugins/elementor/core/page-assets/loader.php on line 95
[04-Jun-2026 04:04:26 UTC] PHP Warning:  Undefined array key "src" in /home/alamstor/public_html/wp-content/plugins/elementor/core/page-assets/loader.php on line 95
[04-Jun-2026 04:04:26 UTC] PHP Warning:  Undefined array key "dependencies" in /home/alamstor/public_html/wp-content/plugins/elementor/core/page-assets/loader.php on line 95
[04-Jun-2026 04:04:26 UTC] PHP Warning:  Undefined array key "version" in /home/alamstor/public_html/wp-content/plugins/elementor/core/page-assets/loader.php on line 95
[04-Jun-2026 04:04:26 UTC] PHP Warning:  Undefined array key "src" in /home/alamstor/public_html/wp-content/plugins/elementor/core/page-assets/loader.php on line 95
[04-Jun-2026 04:04:26 UTC] PHP Warning:  Undefined array key "dependencies" in /home/alamstor/public_html/wp-content/plugins/elementor/core/page-assets/loader.php on line 95
[04-Jun-2026 04:04:26 UTC] PHP Warning:  Undefined array key "version" in /home/alamstor/public_html/wp-content/plugins/elementor/core/page-assets/loader.php on line 95
[04-Jun-2026 04:04:26 UTC] PHP Warning:  Undefined array key "src" in /home/alamstor/public_html/wp-content/plugins/elementor/core/page-assets/loader.php on line 95
[04-Jun-2026 04:04:26 UTC] PHP Warning:  Undefined array key "dependencies" in /home/alamstor/public_html/wp-content/plugins/elementor/core/page-assets/loader.php on line 95
[04-Jun-2026 04:04:26 UTC] PHP Warning:  Undefined array key "version" in /home/alamstor/public_html/wp-content/plugins/elementor/core/page-assets/loader.php on line 95
[04-Jun-2026 04:04:27 UTC] PHP Warning:  Undefined array key "src" in /home/alamstor/public_html/wp-content/plugins/elementor/core/page-assets/loader.php on line 95
[04-Jun-2026 04:04:27 UTC] PHP Warning:  Undefined array key "dependencies" in /home/alamstor/public_html/wp-content/plugins/elementor/core/page-assets/loader.php on line 95
[04-Jun-2026 04:04:27 UTC] PHP Warning:  Undefined array key "version" in /home/alamstor/public_html/wp-content/plugins/elementor/core/page-assets/loader.php on line 95
[04-Jun-2026 04:04:27 UTC] PHP Warning:  Undefined array key "src" in /home/alamstor/public_html/wp-content/plugins/elementor/core/page-assets/loader.php on line 95
[04-Jun-2026 04:04:27 UTC] PHP Warning:  Undefined array key "dependencies" in /home/alamstor/public_html/wp-content/plugins/elementor/core/page-assets/loader.php on line 95
[04-Jun-2026 04:04:27 UTC] PHP Warning:  Undefined array key "version" in /home/alamstor/public_html/wp-content/plugins/elementor/core/page-assets/loader.php on line 95
[04-Jun-2026 04:04:27 UTC] PHP Warning:  Undefined array key "src" in /home/alamstor/public_html/wp-content/plugins/elementor/core/page-assets/loader.php on line 95
[04-Jun-2026 04:04:27 UTC] PHP Warning:  Undefined array key "dependencies" in /home/alamstor/public_html/wp-content/plugins/elementor/core/page-assets/loader.php on line 95
[04-Jun-2026 04:04:27 UTC] PHP Warning:  Undefined array key "version" in /home/alamstor/public_html/wp-content/plugins/elementor/core/page-assets/loader.php on line 95
[04-Jun-2026 04:04:27 UTC] PHP Warning:  Undefined array key "src" in /home/alamstor/public_html/wp-content/plugins/elementor/core/page-assets/loader.php on line 95
[04-Jun-2026 04:04:27 UTC] PHP Warning:  Undefined array key "dependencies" in /home/alamstor/public_html/wp-content/plugins/elementor/core/page-assets/loader.php on line 95
[04-Jun-2026 04:04:27 UTC] PHP Warning:  Undefined array key "version" in /home/alamstor/public_html/wp-content/plugins/elementor/core/page-assets/loader.php on line 95
[04-Jun-2026 04:04:28 UTC] PHP Warning:  Undefined array key "src" in /home/alamstor/public_html/wp-content/plugins/elementor/core/page-assets/loader.php on line 95
[04-Jun-2026 04:04:28 UTC] PHP Warning:  Undefined array key "dependencies" in /home/alamstor/public_html/wp-content/plugins/elementor/core/page-assets/loader.php on line 95
[04-Jun-2026 04:04:28 UTC] PHP Warning:  Undefined array key "version" in /home/alamstor/public_html/wp-content/plugins/elementor/core/page-assets/loader.php on line 95
[04-Jun-2026 04:04:28 UTC] PHP Warning:  Undefined array key "src" in /home/alamstor/public_html/wp-content/plugins/elementor/core/page-assets/loader.php on line 95
[04-Jun-2026 04:04:28 UTC] PHP Warning:  Undefined array key "dependencies" in /home/alamstor/public_html/wp-content/plugins/elementor/core/page-assets/loader.php on line 95
[04-Jun-2026 04:04:28 UTC] PHP Warning:  Undefined array key "version" in /home/alamstor/public_html/wp-content/plugins/elementor/core/page-assets/loader.php on line 95
[04-Jun-2026 04:04:28 UTC] PHP Warning:  Undefined array key "src" in /home/alamstor/public_html/wp-content/plugins/elementor/core/page-assets/loader.php on line 95
[04-Jun-2026 04:04:28 UTC] PHP Warning:  Undefined array key "dependencies" in /home/alamstor/public_html/wp-content/plugins/elementor/core/page-assets/loader.php on line 95
[04-Jun-2026 04:04:28 UTC] PHP Warning:  Undefined array key "version" in /home/alamstor/public_html/wp-content/plugins/elementor/core/page-assets/loader.php on line 95
[04-Jun-2026 04:04:28 UTC] PHP Warning:  Undefined array key "src" in /home/alamstor/public_html/wp-content/plugins/elementor/core/page-assets/loader.php on line 95
[04-Jun-2026 04:04:28 UTC] PHP Warning:  Undefined array key "dependencies" in /home/alamstor/public_html/wp-content/plugins/elementor/core/page-assets/loader.php on line 95
[04-Jun-2026 04:04:28 UTC] PHP Warning:  Undefined array key "version" in /home/alamstor/public_html/wp-content/plugins/elementor/core/page-assets/loader.php on line 95
[04-Jun-2026 04:04:28 UTC] PHP Warning:  Undefined array key "src" in /home/alamstor/public_html/wp-content/plugins/elementor/core/page-assets/loader.php on line 95
[04-Jun-2026 04:04:28 UTC] PHP Warning:  Undefined array key "dependencies" in /home/alamstor/public_html/wp-content/plugins/elementor/core/page-assets/loader.php on line 95
[04-Jun-2026 04:04:28 UTC] PHP Warning:  Undefined array key "version" in /home/alamstor/public_html/wp-content/plugins/elementor/core/page-assets/loader.php on line 95
[04-Jun-2026 04:04:28 UTC] PHP Warning:  Undefined array key "src" in /home/alamstor/public_html/wp-content/plugins/elementor/core/page-assets/loader.php on line 95
[04-Jun-2026 04:04:28 UTC] PHP Warning:  Undefined array key "dependencies" in /home/alamstor/public_html/wp-content/plugins/elementor/core/page-assets/loader.php on line 95
[04-Jun-2026 04:04:28 UTC] PHP Warning:  Undefined array key "version" in /home/alamstor/public_html/wp-content/plugins/elementor/core/page-assets/loader.php on line 95
[04-Jun-2026 04:04:29 UTC] PHP Warning:  Undefined array key "src" in /home/alamstor/public_html/wp-content/plugins/elementor/core/page-assets/loader.php on line 95
[04-Jun-2026 04:04:29 UTC] PHP Warning:  Undefined array key "dependencies" in /home/alamstor/public_html/wp-content/plugins/elementor/core/page-assets/loader.php on line 95
[04-Jun-2026 04:04:29 UTC] PHP Warning:  Undefined array key "version" in /home/alamstor/public_html/wp-content/plugins/elementor/core/page-assets/loader.php on line 95
[04-Jun-2026 04:04:29 UTC] PHP Warning:  Undefined array key "src" in /home/alamstor/public_html/wp-content/plugins/elementor/core/page-assets/loader.php on line 95
[04-Jun-2026 04:04:29 UTC] PHP Warning:  Undefined array key "dependencies" in /home/alamstor/public_html/wp-content/plugins/elementor/core/page-assets/loader.php on line 95
[04-Jun-2026 04:04:29 UTC] PHP Warning:  Undefined array key "version" in /home/alamstor/public_html/wp-content/plugins/elementor/core/page-assets/loader.php on line 95
[04-Jun-2026 04:04:29 UTC] PHP Warning:  Undefined array key "src" in /home/alamstor/public_html/wp-content/plugins/elementor/core/page-assets/loader.php on line 95
[04-Jun-2026 04:04:29 UTC] PHP Warning:  Undefined array key "dependencies" in /home/alamstor/public_html/wp-content/plugins/elementor/core/page-assets/loader.php on line 95
[04-Jun-2026 04:04:29 UTC] PHP Warning:  Undefined array key "version" in /home/alamstor/public_html/wp-content/plugins/elementor/core/page-assets/loader.php on line 95
[04-Jun-2026 04:04:29 UTC] PHP Warning:  Undefined array key "src" in /home/alamstor/public_html/wp-content/plugins/elementor/core/page-assets/loader.php on line 95
[04-Jun-2026 04:04:29 UTC] PHP Warning:  Undefined array key "dependencies" in /home/alamstor/public_html/wp-content/plugins/elementor/core/page-assets/loader.php on line 95
[04-Jun-2026 04:04:29 UTC] PHP Warning:  Undefined array key "version" in /home/alamstor/public_html/wp-content/plugins/elementor/core/page-assets/loader.php on line 95
[04-Jun-2026 04:04:30 UTC] PHP Warning:  Undefined array key "src" in /home/alamstor/public_html/wp-content/plugins/elementor/core/page-assets/loader.php on line 95
[04-Jun-2026 04:04:30 UTC] PHP Warning:  Undefined array key "dependencies" in /home/alamstor/public_html/wp-content/plugins/elementor/core/page-assets/loader.php on line 95
[04-Jun-2026 04:04:30 UTC] PHP Warning:  Undefined array key "version" in /home/alamstor/public_html/wp-content/plugins/elementor/core/page-assets/loader.php on line 95
[04-Jun-2026 04:04:30 UTC] PHP Warning:  Undefined array key "src" in /home/alamstor/public_html/wp-content/plugins/elementor/core/page-assets/loader.php on line 95
[04-Jun-2026 04:04:30 UTC] PHP Warning:  Undefined array key "dependencies" in /home/alamstor/public_html/wp-content/plugins/elementor/core/page-assets/loader.php on line 95
[04-Jun-2026 04:04:30 UTC] PHP Warning:  Undefined array key "version" in /home/alamstor/public_html/wp-content/plugins/elementor/core/page-assets/loader.php on line 95
[04-Jun-2026 04:04:30 UTC] PHP Warning:  Undefined array key "src" in /home/alamstor/public_html/wp-content/plugins/elementor/core/page-assets/loader.php on line 95
[04-Jun-2026 04:04:30 UTC] PHP Warning:  Undefined array key "dependencies" in /home/alamstor/public_html/wp-content/plugins/elementor/core/page-assets/loader.php on line 95
[04-Jun-2026 04:04:30 UTC] PHP Warning:  Undefined array key "version" in /home/alamstor/public_html/wp-content/plugins/elementor/core/page-assets/loader.php on line 95
[04-Jun-2026 04:04:30 UTC] PHP Warning:  Undefined array key "src" in /home/alamstor/public_html/wp-content/plugins/elementor/core/page-assets/loader.php on line 95
[04-Jun-2026 04:04:30 UTC] PHP Warning:  Undefined array key "dependencies" in /home/alamstor/public_html/wp-content/plugins/elementor/core/page-assets/loader.php on line 95
[04-Jun-2026 04:04:30 UTC] PHP Warning:  Undefined array key "version" in /home/alamstor/public_html/wp-content/plugins/elementor/core/page-assets/loader.php on line 95
[04-Jun-2026 04:04:31 UTC] PHP Warning:  Undefined array key "src" in /home/alamstor/public_html/wp-content/plugins/elementor/core/page-assets/loader.php on line 95
[04-Jun-2026 04:04:31 UTC] PHP Warning:  Undefined array key "dependencies" in /home/alamstor/public_html/wp-content/plugins/elementor/core/page-assets/loader.php on line 95
[04-Jun-2026 04:04:31 UTC] PHP Warning:  Undefined array key "version" in /home/alamstor/public_html/wp-content/plugins/elementor/core/page-assets/loader.php on line 95
[04-Jun-2026 04:04:31 UTC] PHP Warning:  Undefined array key "src" in /home/alamstor/public_html/wp-content/plugins/elementor/core/page-assets/loader.php on line 95
[04-Jun-2026 04:04:31 UTC] PHP Warning:  Undefined array key "dependencies" in /home/alamstor/public_html/wp-content/plugins/elementor/core/page-assets/loader.php on line 95
[04-Jun-2026 04:04:31 UTC] PHP Warning:  Undefined array key "version" in /home/alamstor/public_html/wp-content/plugins/elementor/core/page-assets/loader.php on line 95
[04-Jun-2026 04:04:31 UTC] PHP Warning:  Undefined array key "src" in /home/alamstor/public_html/wp-content/plugins/elementor/core/page-assets/loader.php on line 95
[04-Jun-2026 04:04:31 UTC] PHP Warning:  Undefined array key "dependencies" in /home/alamstor/public_html/wp-content/plugins/elementor/core/page-assets/loader.php on line 95
[04-Jun-2026 04:04:31 UTC] PHP Warning:  Undefined array key "version" in /home/alamstor/public_html/wp-content/plugins/elementor/core/page-assets/loader.php on line 95
[04-Jun-2026 04:04:31 UTC] PHP Warning:  Undefined array key "src" in /home/alamstor/public_html/wp-content/plugins/elementor/core/page-assets/loader.php on line 95
[04-Jun-2026 04:04:31 UTC] PHP Warning:  Undefined array key "dependencies" in /home/alamstor/public_html/wp-content/plugins/elementor/core/page-assets/loader.php on line 95
[04-Jun-2026 04:04:31 UTC] PHP Warning:  Undefined array key "version" in /home/alamstor/public_html/wp-content/plugins/elementor/core/page-assets/loader.php on line 95
[04-Jun-2026 04:04:32 UTC] PHP Warning:  Undefined array key "src" in /home/alamstor/public_html/wp-content/plugins/elementor/core/page-assets/loader.php on line 95
[04-Jun-2026 04:04:32 UTC] PHP Warning:  Undefined array key "dependencies" in /home/alamstor/public_html/wp-content/plugins/elementor/core/page-assets/loader.php on line 95
[04-Jun-2026 04:04:32 UTC] PHP Warning:  Undefined array key "version" in /home/alamstor/public_html/wp-content/plugins/elementor/core/page-assets/loader.php on line 95
[04-Jun-2026 04:04:32 UTC] PHP Warning:  Undefined array key "src" in /home/alamstor/public_html/wp-content/plugins/elementor/core/page-assets/loader.php on line 95
[04-Jun-2026 04:04:32 UTC] PHP Warning:  Undefined array key "dependencies" in /home/alamstor/public_html/wp-content/plugins/elementor/core/page-assets/loader.php on line 95
[04-Jun-2026 04:04:32 UTC] PHP Warning:  Undefined array key "version" in /home/alamstor/public_html/wp-content/plugins/elementor/core/page-assets/loader.php on line 95
[04-Jun-2026 04:04:32 UTC] PHP Warning:  Undefined array key "src" in /home/alamstor/public_html/wp-content/plugins/elementor/core/page-assets/loader.php on line 95
[04-Jun-2026 04:04:32 UTC] PHP Warning:  Undefined array key "dependencies" in /home/alamstor/public_html/wp-content/plugins/elementor/core/page-assets/loader.php on line 95
[04-Jun-2026 04:04:32 UTC] PHP Warning:  Undefined array key "version" in /home/alamstor/public_html/wp-content/plugins/elementor/core/page-assets/loader.php on line 95
[04-Jun-2026 04:04:32 UTC] PHP Warning:  Undefined array key "src" in /home/alamstor/public_html/wp-content/plugins/elementor/core/page-assets/loader.php on line 95
[04-Jun-2026 04:04:32 UTC] PHP Warning:  Undefined array key "dependencies" in /home/alamstor/public_html/wp-content/plugins/elementor/core/page-assets/loader.php on line 95
[04-Jun-2026 04:04:32 UTC] PHP Warning:  Undefined array key "version" in /home/alamstor/public_html/wp-content/plugins/elementor/core/page-assets/loader.php on line 95
[04-Jun-2026 04:04:32 UTC] PHP Warning:  Undefined array key "src" in /home/alamstor/public_html/wp-content/plugins/elementor/core/page-assets/loader.php on line 95
[04-Jun-2026 04:04:32 UTC] PHP Warning:  Undefined array key "dependencies" in /home/alamstor/public_html/wp-content/plugins/elementor/core/page-assets/loader.php on line 95
[04-Jun-2026 04:04:32 UTC] PHP Warning:  Undefined array key "version" in /home/alamstor/public_html/wp-content/plugins/elementor/core/page-assets/loader.php on line 95
[04-Jun-2026 04:04:32 UTC] PHP Warning:  Undefined array key "src" in /home/alamstor/public_html/wp-content/plugins/elementor/core/page-assets/loader.php on line 95
[04-Jun-2026 04:04:32 UTC] PHP Warning:  Undefined array key "dependencies" in /home/alamstor/public_html/wp-content/plugins/elementor/core/page-assets/loader.php on line 95
[04-Jun-2026 04:04:32 UTC] PHP Warning:  Undefined array key "version" in /home/alamstor/public_html/wp-content/plugins/elementor/core/page-assets/loader.php on line 95
[04-Jun-2026 04:04:33 UTC] PHP Warning:  Undefined array key "src" in /home/alamstor/public_html/wp-content/plugins/elementor/core/page-assets/loader.php on line 95
[04-Jun-2026 04:04:33 UTC] PHP Warning:  Undefined array key "dependencies" in /home/alamstor/public_html/wp-content/plugins/elementor/core/page-assets/loader.php on line 95
[04-Jun-2026 04:04:33 UTC] PHP Warning:  Undefined array key "version" in /home/alamstor/public_html/wp-content/plugins/elementor/core/page-assets/loader.php on line 95
[04-Jun-2026 04:04:33 UTC] PHP Warning:  Undefined array key "src" in /home/alamstor/public_html/wp-content/plugins/elementor/core/page-assets/loader.php on line 95
[04-Jun-2026 04:04:33 UTC] PHP Warning:  Undefined array key "dependencies" in /home/alamstor/public_html/wp-content/plugins/elementor/core/page-assets/loader.php on line 95
[04-Jun-2026 04:04:33 UTC] PHP Warning:  Undefined array key "version" in /home/alamstor/public_html/wp-content/plugins/elementor/core/page-assets/loader.php on line 95
[04-Jun-2026 04:23:40 UTC] PHP Warning:  Undefined array key "src" in /home/alamstor/public_html/wp-content/plugins/elementor/core/page-assets/loader.php on line 95
[04-Jun-2026 04:23:40 UTC] PHP Warning:  Undefined array key "dependencies" in /home/alamstor/public_html/wp-content/plugins/elementor/core/page-assets/loader.php on line 95
[04-Jun-2026 04:23:40 UTC] PHP Warning:  Undefined array key "version" in /home/alamstor/public_html/wp-content/plugins/elementor/core/page-assets/loader.php on line 95
[04-Jun-2026 04:23:40 UTC] PHP Warning:  Undefined array key "src" in /home/alamstor/public_html/wp-content/plugins/elementor/core/page-assets/loader.php on line 95
[04-Jun-2026 04:23:40 UTC] PHP Warning:  Undefined array key "dependencies" in /home/alamstor/public_html/wp-content/plugins/elementor/core/page-assets/loader.php on line 95
[04-Jun-2026 04:23:40 UTC] PHP Warning:  Undefined array key "version" in /home/alamstor/public_html/wp-content/plugins/elementor/core/page-assets/loader.php on line 95
[04-Jun-2026 04:33:57 UTC] PHP Warning:  Undefined array key "src" in /home/alamstor/public_html/wp-content/plugins/elementor/core/page-assets/loader.php on line 95
[04-Jun-2026 04:33:57 UTC] PHP Warning:  Undefined array key "dependencies" in /home/alamstor/public_html/wp-content/plugins/elementor/core/page-assets/loader.php on line 95
[04-Jun-2026 04:33:57 UTC] PHP Warning:  Undefined array key "version" in /home/alamstor/public_html/wp-content/plugins/elementor/core/page-assets/loader.php on line 95
[04-Jun-2026 04:33:57 UTC] PHP Warning:  Undefined array key "src" in /home/alamstor/public_html/wp-content/plugins/elementor/core/page-assets/loader.php on line 95
[04-Jun-2026 04:33:57 UTC] PHP Warning:  Undefined array key "dependencies" in /home/alamstor/public_html/wp-content/plugins/elementor/core/page-assets/loader.php on line 95
[04-Jun-2026 04:33:57 UTC] PHP Warning:  Undefined array key "version" in /home/alamstor/public_html/wp-content/plugins/elementor/core/page-assets/loader.php on line 95
[04-Jun-2026 04:34:44 UTC] PHP Warning:  Undefined array key "src" in /home/alamstor/public_html/wp-content/plugins/elementor/core/page-assets/loader.php on line 95
[04-Jun-2026 04:34:44 UTC] PHP Warning:  Undefined array key "dependencies" in /home/alamstor/public_html/wp-content/plugins/elementor/core/page-assets/loader.php on line 95
[04-Jun-2026 04:34:44 UTC] PHP Warning:  Undefined array key "version" in /home/alamstor/public_html/wp-content/plugins/elementor/core/page-assets/loader.php on line 95
[04-Jun-2026 04:34:44 UTC] PHP Warning:  Undefined array key "src" in /home/alamstor/public_html/wp-content/plugins/elementor/core/page-assets/loader.php on line 95
[04-Jun-2026 04:34:44 UTC] PHP Warning:  Undefined array key "dependencies" in /home/alamstor/public_html/wp-content/plugins/elementor/core/page-assets/loader.php on line 95
[04-Jun-2026 04:34:44 UTC] PHP Warning:  Undefined array key "version" in /home/alamstor/public_html/wp-content/plugins/elementor/core/page-assets/loader.php on line 95
[04-Jun-2026 04:55:59 UTC] PHP Warning:  Undefined array key "src" in /home/alamstor/public_html/wp-content/plugins/elementor/core/page-assets/loader.php on line 95
[04-Jun-2026 04:55:59 UTC] PHP Warning:  Undefined array key "dependencies" in /home/alamstor/public_html/wp-content/plugins/elementor/core/page-assets/loader.php on line 95
[04-Jun-2026 04:55:59 UTC] PHP Warning:  Undefined array key "version" in /home/alamstor/public_html/wp-content/plugins/elementor/core/page-assets/loader.php on line 95
[04-Jun-2026 04:55:59 UTC] PHP Warning:  Undefined array key "src" in /home/alamstor/public_html/wp-content/plugins/elementor/core/page-assets/loader.php on line 95
[04-Jun-2026 04:55:59 UTC] PHP Warning:  Undefined array key "dependencies" in /home/alamstor/public_html/wp-content/plugins/elementor/core/page-assets/loader.php on line 95
[04-Jun-2026 04:55:59 UTC] PHP Warning:  Undefined array key "version" in /home/alamstor/public_html/wp-content/plugins/elementor/core/page-assets/loader.php on line 95
[04-Jun-2026 04:56:04 UTC] PHP Warning:  Undefined array key "src" in /home/alamstor/public_html/wp-content/plugins/elementor/core/page-assets/loader.php on line 95
[04-Jun-2026 04:56:04 UTC] PHP Warning:  Undefined array key "dependencies" in /home/alamstor/public_html/wp-content/plugins/elementor/core/page-assets/loader.php on line 95
[04-Jun-2026 04:56:04 UTC] PHP Warning:  Undefined array key "version" in /home/alamstor/public_html/wp-content/plugins/elementor/core/page-assets/loader.php on line 95
[04-Jun-2026 04:56:04 UTC] PHP Warning:  Undefined array key "src" in /home/alamstor/public_html/wp-content/plugins/elementor/core/page-assets/loader.php on line 95
[04-Jun-2026 04:56:04 UTC] PHP Warning:  Undefined array key "dependencies" in /home/alamstor/public_html/wp-content/plugins/elementor/core/page-assets/loader.php on line 95
[04-Jun-2026 04:56:04 UTC] PHP Warning:  Undefined array key "version" in /home/alamstor/public_html/wp-content/plugins/elementor/core/page-assets/loader.php on line 95
[04-Jun-2026 05:09:00 UTC] PHP Warning:  Undefined array key "src" in /home/alamstor/public_html/wp-content/plugins/elementor/core/page-assets/loader.php on line 95
[04-Jun-2026 05:09:00 UTC] PHP Warning:  Undefined array key "dependencies" in /home/alamstor/public_html/wp-content/plugins/elementor/core/page-assets/loader.php on line 95
[04-Jun-2026 05:09:00 UTC] PHP Warning:  Undefined array key "version" in /home/alamstor/public_html/wp-content/plugins/elementor/core/page-assets/loader.php on line 95
[04-Jun-2026 05:09:00 UTC] PHP Warning:  Undefined array key "src" in /home/alamstor/public_html/wp-content/plugins/elementor/core/page-assets/loader.php on line 95
[04-Jun-2026 05:09:00 UTC] PHP Warning:  Undefined array key "dependencies" in /home/alamstor/public_html/wp-content/plugins/elementor/core/page-assets/loader.php on line 95
[04-Jun-2026 05:09:00 UTC] PHP Warning:  Undefined array key "version" in /home/alamstor/public_html/wp-content/plugins/elementor/core/page-assets/loader.php on line 95
[04-Jun-2026 05:14:20 UTC] PHP Warning:  Undefined array key "src" in /home/alamstor/public_html/wp-content/plugins/elementor/core/page-assets/loader.php on line 95
[04-Jun-2026 05:14:20 UTC] PHP Warning:  Undefined array key "dependencies" in /home/alamstor/public_html/wp-content/plugins/elementor/core/page-assets/loader.php on line 95
[04-Jun-2026 05:14:20 UTC] PHP Warning:  Undefined array key "version" in /home/alamstor/public_html/wp-content/plugins/elementor/core/page-assets/loader.php on line 95
[04-Jun-2026 05:14:20 UTC] PHP Warning:  Undefined array key "src" in /home/alamstor/public_html/wp-content/plugins/elementor/core/page-assets/loader.php on line 95
[04-Jun-2026 05:14:20 UTC] PHP Warning:  Undefined array key "dependencies" in /home/alamstor/public_html/wp-content/plugins/elementor/core/page-assets/loader.php on line 95
[04-Jun-2026 05:14:20 UTC] PHP Warning:  Undefined array key "version" in /home/alamstor/public_html/wp-content/plugins/elementor/core/page-assets/loader.php on line 95
[04-Jun-2026 05:14:22 UTC] PHP Warning:  Undefined array key "src" in /home/alamstor/public_html/wp-content/plugins/elementor/core/page-assets/loader.php on line 95
[04-Jun-2026 05:14:22 UTC] PHP Warning:  Undefined array key "dependencies" in /home/alamstor/public_html/wp-content/plugins/elementor/core/page-assets/loader.php on line 95
[04-Jun-2026 05:14:22 UTC] PHP Warning:  Undefined array key "version" in /home/alamstor/public_html/wp-content/plugins/elementor/core/page-assets/loader.php on line 95
[04-Jun-2026 05:14:22 UTC] PHP Warning:  Undefined array key "src" in /home/alamstor/public_html/wp-content/plugins/elementor/core/page-assets/loader.php on line 95
[04-Jun-2026 05:14:22 UTC] PHP Warning:  Undefined array key "dependencies" in /home/alamstor/public_html/wp-content/plugins/elementor/core/page-assets/loader.php on line 95
[04-Jun-2026 05:14:22 UTC] PHP Warning:  Undefined array key "version" in /home/alamstor/public_html/wp-content/plugins/elementor/core/page-assets/loader.php on line 95
[04-Jun-2026 05:14:24 UTC] PHP Warning:  Undefined array key "src" in /home/alamstor/public_html/wp-content/plugins/elementor/core/page-assets/loader.php on line 95
[04-Jun-2026 05:14:24 UTC] PHP Warning:  Undefined array key "dependencies" in /home/alamstor/public_html/wp-content/plugins/elementor/core/page-assets/loader.php on line 95
[04-Jun-2026 05:14:24 UTC] PHP Warning:  Undefined array key "version" in /home/alamstor/public_html/wp-content/plugins/elementor/core/page-assets/loader.php on line 95
[04-Jun-2026 05:14:24 UTC] PHP Warning:  Undefined array key "src" in /home/alamstor/public_html/wp-content/plugins/elementor/core/page-assets/loader.php on line 95
[04-Jun-2026 05:14:24 UTC] PHP Warning:  Undefined array key "dependencies" in /home/alamstor/public_html/wp-content/plugins/elementor/core/page-assets/loader.php on line 95
[04-Jun-2026 05:14:24 UTC] PHP Warning:  Undefined array key "version" in /home/alamstor/public_html/wp-content/plugins/elementor/core/page-assets/loader.php on line 95
[04-Jun-2026 06:03:33 UTC] PHP Warning:  Undefined array key "src" in /home/alamstor/public_html/wp-content/plugins/elementor/core/page-assets/loader.php on line 95
[04-Jun-2026 06:03:33 UTC] PHP Warning:  Undefined array key "dependencies" in /home/alamstor/public_html/wp-content/plugins/elementor/core/page-assets/loader.php on line 95
[04-Jun-2026 06:03:33 UTC] PHP Warning:  Undefined array key "version" in /home/alamstor/public_html/wp-content/plugins/elementor/core/page-assets/loader.php on line 95
[04-Jun-2026 06:03:33 UTC] PHP Warning:  Undefined array key "src" in /home/alamstor/public_html/wp-content/plugins/elementor/core/page-assets/loader.php on line 95
[04-Jun-2026 06:03:33 UTC] PHP Warning:  Undefined array key "dependencies" in /home/alamstor/public_html/wp-content/plugins/elementor/core/page-assets/loader.php on line 95
[04-Jun-2026 06:03:33 UTC] PHP Warning:  Undefined array key "version" in /home/alamstor/public_html/wp-content/plugins/elementor/core/page-assets/loader.php on line 95
[04-Jun-2026 06:22:21 UTC] PHP Warning:  Undefined array key "src" in /home/alamstor/public_html/wp-content/plugins/elementor/core/page-assets/loader.php on line 95
[04-Jun-2026 06:22:21 UTC] PHP Warning:  Undefined array key "dependencies" in /home/alamstor/public_html/wp-content/plugins/elementor/core/page-assets/loader.php on line 95
[04-Jun-2026 06:22:21 UTC] PHP Warning:  Undefined array key "version" in /home/alamstor/public_html/wp-content/plugins/elementor/core/page-assets/loader.php on line 95
[04-Jun-2026 06:22:21 UTC] PHP Warning:  Undefined array key "src" in /home/alamstor/public_html/wp-content/plugins/elementor/core/page-assets/loader.php on line 95
[04-Jun-2026 06:22:21 UTC] PHP Warning:  Undefined array key "dependencies" in /home/alamstor/public_html/wp-content/plugins/elementor/core/page-assets/loader.php on line 95
[04-Jun-2026 06:22:21 UTC] PHP Warning:  Undefined array key "version" in /home/alamstor/public_html/wp-content/plugins/elementor/core/page-assets/loader.php on line 95
[04-Jun-2026 06:33:28 UTC] PHP Warning:  Undefined array key "src" in /home/alamstor/public_html/wp-content/plugins/elementor/core/page-assets/loader.php on line 95
[04-Jun-2026 06:33:28 UTC] PHP Warning:  Undefined array key "dependencies" in /home/alamstor/public_html/wp-content/plugins/elementor/core/page-assets/loader.php on line 95
[04-Jun-2026 06:33:28 UTC] PHP Warning:  Undefined array key "version" in /home/alamstor/public_html/wp-content/plugins/elementor/core/page-assets/loader.php on line 95
[04-Jun-2026 06:33:28 UTC] PHP Warning:  Undefined array key "src" in /home/alamstor/public_html/wp-content/plugins/elementor/core/page-assets/loader.php on line 95
[04-Jun-2026 06:33:28 UTC] PHP Warning:  Undefined array key "dependencies" in /home/alamstor/public_html/wp-content/plugins/elementor/core/page-assets/loader.php on line 95
[04-Jun-2026 06:33:28 UTC] PHP Warning:  Undefined array key "version" in /home/alamstor/public_html/wp-content/plugins/elementor/core/page-assets/loader.php on line 95
[04-Jun-2026 06:53:38 UTC] PHP Warning:  Undefined array key "src" in /home/alamstor/public_html/wp-content/plugins/elementor/core/page-assets/loader.php on line 95
[04-Jun-2026 06:53:38 UTC] PHP Warning:  Undefined array key "dependencies" in /home/alamstor/public_html/wp-content/plugins/elementor/core/page-assets/loader.php on line 95
[04-Jun-2026 06:53:38 UTC] PHP Warning:  Undefined array key "version" in /home/alamstor/public_html/wp-content/plugins/elementor/core/page-assets/loader.php on line 95
[04-Jun-2026 06:53:38 UTC] PHP Warning:  Undefined array key "src" in /home/alamstor/public_html/wp-content/plugins/elementor/core/page-assets/loader.php on line 95
[04-Jun-2026 06:53:38 UTC] PHP Warning:  Undefined array key "dependencies" in /home/alamstor/public_html/wp-content/plugins/elementor/core/page-assets/loader.php on line 95
[04-Jun-2026 06:53:38 UTC] PHP Warning:  Undefined array key "version" in /home/alamstor/public_html/wp-content/plugins/elementor/core/page-assets/loader.php on line 95
[04-Jun-2026 06:54:26 UTC] PHP Warning:  Undefined array key "src" in /home/alamstor/public_html/wp-content/plugins/elementor/core/page-assets/loader.php on line 95
[04-Jun-2026 06:54:26 UTC] PHP Warning:  Undefined array key "dependencies" in /home/alamstor/public_html/wp-content/plugins/elementor/core/page-assets/loader.php on line 95
[04-Jun-2026 06:54:26 UTC] PHP Warning:  Undefined array key "version" in /home/alamstor/public_html/wp-content/plugins/elementor/core/page-assets/loader.php on line 95
[04-Jun-2026 06:54:26 UTC] PHP Warning:  Undefined array key "src" in /home/alamstor/public_html/wp-content/plugins/elementor/core/page-assets/loader.php on line 95
[04-Jun-2026 06:54:26 UTC] PHP Warning:  Undefined array key "dependencies" in /home/alamstor/public_html/wp-content/plugins/elementor/core/page-assets/loader.php on line 95
[04-Jun-2026 06:54:26 UTC] PHP Warning:  Undefined array key "version" in /home/alamstor/public_html/wp-content/plugins/elementor/core/page-assets/loader.php on line 95
[04-Jun-2026 07:29:35 UTC] PHP Warning:  Undefined array key "src" in /home/alamstor/public_html/wp-content/plugins/elementor/core/page-assets/loader.php on line 95
[04-Jun-2026 07:29:35 UTC] PHP Warning:  Undefined array key "dependencies" in /home/alamstor/public_html/wp-content/plugins/elementor/core/page-assets/loader.php on line 95
[04-Jun-2026 07:29:35 UTC] PHP Warning:  Undefined array key "version" in /home/alamstor/public_html/wp-content/plugins/elementor/core/page-assets/loader.php on line 95
[04-Jun-2026 07:29:35 UTC] PHP Warning:  Undefined array key "src" in /home/alamstor/public_html/wp-content/plugins/elementor/core/page-assets/loader.php on line 95
[04-Jun-2026 07:29:35 UTC] PHP Warning:  Undefined array key "dependencies" in /home/alamstor/public_html/wp-content/plugins/elementor/core/page-assets/loader.php on line 95
[04-Jun-2026 07:29:35 UTC] PHP Warning:  Undefined array key "version" in /home/alamstor/public_html/wp-content/plugins/elementor/core/page-assets/loader.php on line 95
[04-Jun-2026 07:29:35 UTC] PHP Warning:  Undefined array key "src" in /home/alamstor/public_html/wp-content/plugins/elementor/core/page-assets/loader.php on line 95
[04-Jun-2026 07:29:35 UTC] PHP Warning:  Undefined array key "dependencies" in /home/alamstor/public_html/wp-content/plugins/elementor/core/page-assets/loader.php on line 95
[04-Jun-2026 07:29:35 UTC] PHP Warning:  Undefined array key "version" in /home/alamstor/public_html/wp-content/plugins/elementor/core/page-assets/loader.php on line 95
[04-Jun-2026 07:29:35 UTC] PHP Warning:  Undefined array key "src" in /home/alamstor/public_html/wp-content/plugins/elementor/core/page-assets/loader.php on line 95
[04-Jun-2026 07:29:35 UTC] PHP Warning:  Undefined array key "dependencies" in /home/alamstor/public_html/wp-content/plugins/elementor/core/page-assets/loader.php on line 95
[04-Jun-2026 07:29:35 UTC] PHP Warning:  Undefined array key "version" in /home/alamstor/public_html/wp-content/plugins/elementor/core/page-assets/loader.php on line 95
[04-Jun-2026 07:38:22 UTC] PHP Warning:  Undefined array key "src" in /home/alamstor/public_html/wp-content/plugins/elementor/core/page-assets/loader.php on line 95
[04-Jun-2026 07:38:22 UTC] PHP Warning:  Undefined array key "dependencies" in /home/alamstor/public_html/wp-content/plugins/elementor/core/page-assets/loader.php on line 95
[04-Jun-2026 07:38:22 UTC] PHP Warning:  Undefined array key "version" in /home/alamstor/public_html/wp-content/plugins/elementor/core/page-assets/loader.php on line 95
[04-Jun-2026 07:38:22 UTC] PHP Warning:  Undefined array key "src" in /home/alamstor/public_html/wp-content/plugins/elementor/core/page-assets/loader.php on line 95
[04-Jun-2026 07:38:22 UTC] PHP Warning:  Undefined array key "dependencies" in /home/alamstor/public_html/wp-content/plugins/elementor/core/page-assets/loader.php on line 95
[04-Jun-2026 07:38:22 UTC] PHP Warning:  Undefined array key "version" in /home/alamstor/public_html/wp-content/plugins/elementor/core/page-assets/loader.php on line 95
[04-Jun-2026 07:49:35 UTC] PHP Warning:  Undefined array key "src" in /home/alamstor/public_html/wp-content/plugins/elementor/core/page-assets/loader.php on line 95
[04-Jun-2026 07:49:35 UTC] PHP Warning:  Undefined array key "dependencies" in /home/alamstor/public_html/wp-content/plugins/elementor/core/page-assets/loader.php on line 95
[04-Jun-2026 07:49:35 UTC] PHP Warning:  Undefined array key "version" in /home/alamstor/public_html/wp-content/plugins/elementor/core/page-assets/loader.php on line 95
[04-Jun-2026 07:49:35 UTC] PHP Warning:  Undefined array key "src" in /home/alamstor/public_html/wp-content/plugins/elementor/core/page-assets/loader.php on line 95
[04-Jun-2026 07:49:35 UTC] PHP Warning:  Undefined array key "dependencies" in /home/alamstor/public_html/wp-content/plugins/elementor/core/page-assets/loader.php on line 95
[04-Jun-2026 07:49:35 UTC] PHP Warning:  Undefined array key "version" in /home/alamstor/public_html/wp-content/plugins/elementor/core/page-assets/loader.php on line 95
[04-Jun-2026 07:49:51 UTC] PHP Warning:  Undefined array key "src" in /home/alamstor/public_html/wp-content/plugins/elementor/core/page-assets/loader.php on line 95
[04-Jun-2026 07:49:51 UTC] PHP Warning:  Undefined array key "dependencies" in /home/alamstor/public_html/wp-content/plugins/elementor/core/page-assets/loader.php on line 95
[04-Jun-2026 07:49:51 UTC] PHP Warning:  Undefined array key "version" in /home/alamstor/public_html/wp-content/plugins/elementor/core/page-assets/loader.php on line 95
[04-Jun-2026 07:49:51 UTC] PHP Warning:  Undefined array key "src" in /home/alamstor/public_html/wp-content/plugins/elementor/core/page-assets/loader.php on line 95
[04-Jun-2026 07:49:51 UTC] PHP Warning:  Undefined array key "dependencies" in /home/alamstor/public_html/wp-content/plugins/elementor/core/page-assets/loader.php on line 95
[04-Jun-2026 07:49:51 UTC] PHP Warning:  Undefined array key "version" in /home/alamstor/public_html/wp-content/plugins/elementor/core/page-assets/loader.php on line 95
[04-Jun-2026 07:50:08 UTC] PHP Warning:  Undefined array key "src" in /home/alamstor/public_html/wp-content/plugins/elementor/core/page-assets/loader.php on line 95
[04-Jun-2026 07:50:08 UTC] PHP Warning:  Undefined array key "dependencies" in /home/alamstor/public_html/wp-content/plugins/elementor/core/page-assets/loader.php on line 95
[04-Jun-2026 07:50:08 UTC] PHP Warning:  Undefined array key "version" in /home/alamstor/public_html/wp-content/plugins/elementor/core/page-assets/loader.php on line 95
[04-Jun-2026 07:50:08 UTC] PHP Warning:  Undefined array key "src" in /home/alamstor/public_html/wp-content/plugins/elementor/core/page-assets/loader.php on line 95
[04-Jun-2026 07:50:08 UTC] PHP Warning:  Undefined array key "dependencies" in /home/alamstor/public_html/wp-content/plugins/elementor/core/page-assets/loader.php on line 95
[04-Jun-2026 07:50:08 UTC] PHP Warning:  Undefined array key "version" in /home/alamstor/public_html/wp-content/plugins/elementor/core/page-assets/loader.php on line 95
[04-Jun-2026 07:50:09 UTC] PHP Warning:  Undefined array key "src" in /home/alamstor/public_html/wp-content/plugins/elementor/core/page-assets/loader.php on line 95
[04-Jun-2026 07:50:09 UTC] PHP Warning:  Undefined array key "dependencies" in /home/alamstor/public_html/wp-content/plugins/elementor/core/page-assets/loader.php on line 95
[04-Jun-2026 07:50:09 UTC] PHP Warning:  Undefined array key "version" in /home/alamstor/public_html/wp-content/plugins/elementor/core/page-assets/loader.php on line 95
[04-Jun-2026 07:50:09 UTC] PHP Warning:  Undefined array key "src" in /home/alamstor/public_html/wp-content/plugins/elementor/core/page-assets/loader.php on line 95
[04-Jun-2026 07:50:09 UTC] PHP Warning:  Undefined array key "dependencies" in /home/alamstor/public_html/wp-content/plugins/elementor/core/page-assets/loader.php on line 95
[04-Jun-2026 07:50:09 UTC] PHP Warning:  Undefined array key "version" in /home/alamstor/public_html/wp-content/plugins/elementor/core/page-assets/loader.php on line 95
[04-Jun-2026 07:50:11 UTC] PHP Warning:  Undefined array key "src" in /home/alamstor/public_html/wp-content/plugins/elementor/core/page-assets/loader.php on line 95
[04-Jun-2026 07:50:11 UTC] PHP Warning:  Undefined array key "dependencies" in /home/alamstor/public_html/wp-content/plugins/elementor/core/page-assets/loader.php on line 95
[04-Jun-2026 07:50:11 UTC] PHP Warning:  Undefined array key "version" in /home/alamstor/public_html/wp-content/plugins/elementor/core/page-assets/loader.php on line 95
[04-Jun-2026 07:50:11 UTC] PHP Warning:  Undefined array key "src" in /home/alamstor/public_html/wp-content/plugins/elementor/core/page-assets/loader.php on line 95
[04-Jun-2026 07:50:11 UTC] PHP Warning:  Undefined array key "dependencies" in /home/alamstor/public_html/wp-content/plugins/elementor/core/page-assets/loader.php on line 95
[04-Jun-2026 07:50:11 UTC] PHP Warning:  Undefined array key "version" in /home/alamstor/public_html/wp-content/plugins/elementor/core/page-assets/loader.php on line 95
[04-Jun-2026 07:50:12 UTC] PHP Warning:  Undefined array key "src" in /home/alamstor/public_html/wp-content/plugins/elementor/core/page-assets/loader.php on line 95
[04-Jun-2026 07:50:12 UTC] PHP Warning:  Undefined array key "dependencies" in /home/alamstor/public_html/wp-content/plugins/elementor/core/page-assets/loader.php on line 95
[04-Jun-2026 07:50:12 UTC] PHP Warning:  Undefined array key "version" in /home/alamstor/public_html/wp-content/plugins/elementor/core/page-assets/loader.php on line 95
[04-Jun-2026 07:50:12 UTC] PHP Warning:  Undefined array key "src" in /home/alamstor/public_html/wp-content/plugins/elementor/core/page-assets/loader.php on line 95
[04-Jun-2026 07:50:12 UTC] PHP Warning:  Undefined array key "dependencies" in /home/alamstor/public_html/wp-content/plugins/elementor/core/page-assets/loader.php on line 95
[04-Jun-2026 07:50:12 UTC] PHP Warning:  Undefined array key "version" in /home/alamstor/public_html/wp-content/plugins/elementor/core/page-assets/loader.php on line 95
